id,filename,class,source,source_url,source_id,license,author,date_captured,date_fetched,original_resolution,md5,notes
inaturalist_61395_351877006_642190988,data/processed/sano/inaturalist_61395_351877006_642190988.jpg,sano,inaturalist,https://inaturalist-open-data.s3.amazonaws.com/photos/642190988/original.jpg,61395:351877006:642190988,CC-BY-NC-4.0,"(c) Hayden Pack, some rights reserved (CC BY-NC)",2025-10-01,2026-05-10T03:26:00Z,945x2048,ed949de3d1070be22930e5bad1b31432, | processed:472x1024
inaturalist_61395_349717298_637997101,data/processed/sano/inaturalist_61395_349717298_637997101.jpg,sano,inaturalist,https://inaturalist-open-data.s3.amazonaws.com/photos/637997101/original.jpg,61395:349717298:637997101,CC-BY-NC-4.0,"(c) 🍄Myco-Mingo🦩, some rights reserved (CC BY-NC)",2026-04-13,2026-05-10T03:26:01Z,2048x1536,b57434e76f32c29ac2426693f0ead1d9, | processed:1024x768
inaturalist_61395_349717298_637997132,data/processed/sano/inaturalist_61395_349717298_637997132.jpg,sano,inaturalist,https://inaturalist-open-data.s3.amazonaws.com/photos/637997132/original.jpg,61395:349717298:637997132,CC-BY-NC-4.0,"(c) 🍄Myco-Mingo🦩, some rights reserved (CC BY-NC)",2026-04-13,2026-05-10T03:26:02Z,1536x2048,2c1bc9771741220fde1cc56efbc67553, | processed:768x1024
gbif_5243447_6184979626_0,data/processed/sano/gbif_5243447_6184979626_0.jpg,sano,gbif,https://inaturalist-open-data.s3.amazonaws.com/photos/610344839/original.jpg,5243447:6184979626:0,CC-BY-NC-4.0,kusiai,2026-01-23T13:37:42,2026-05-10T03:26:53Z,1536x2048,dc77c6039ad1a4b63046f2850d148420,Mexico | processed:768x1024
gbif_5243447_6184979626_1,data/processed/sano/gbif_5243447_6184979626_1.jpg,sano,gbif,https://inaturalist-open-data.s3.amazonaws.com/photos/610344848/original.jpg,5243447:6184979626:1,CC-BY-NC-4.0,kusiai,2026-01-23T13:37:42,2026-05-10T03:26:54Z,1536x2048,964a005377f7ecaae4a94209d6d46ed6,Mexico | processed:768x1024
inaturalist_61395_349717298_637997163,data/processed/sano/inaturalist_61395_349717298_637997163.jpg,sano,inaturalist,https://inaturalist-open-data.s3.amazonaws.com/photos/637997163/original.jpg,61395:349717298:637997163,CC-BY-NC-4.0,"(c) 🍄Myco-Mingo🦩, some rights reserved (CC BY-NC)",2026-04-13,2026-05-10T03:26:18Z,1536x2048,b9736363f67ef9f4940126397bd748a0, | processed:768x1024
inaturalist_61395_349717298_637997151,data/processed/sano/inaturalist_61395_349717298_637997151.jpg,sano,inaturalist,https://inaturalist-open-data.s3.amazonaws.com/photos/637997151/original.jpg,61395:349717298:637997151,CC-BY-NC-4.0,"(c) 🍄Myco-Mingo🦩, some rights reserved (CC BY-NC)",2026-04-13,2026-05-10T03:26:19Z,2048x1536,45b55340c9bf2587b68c737f055c7290, | processed:1024x768
inaturalist_61395_349717298_637997167,data/processed/sano/inaturalist_61395_349717298_637997167.jpg,sano,inaturalist,https://inaturalist-open-data.s3.amazonaws.com/photos/637997167/original.jpg,61395:349717298:637997167,CC-BY-NC-4.0,"(c) 🍄Myco-Mingo🦩, some rights reserved (CC BY-NC)",2026-04-13,2026-05-10T03:26:20Z,2048x1536,c0a10fefec27350ff45d739d7980e1f6, | processed:1024x768
inaturalist_61395_326765074_591873089,data/processed/sano/inaturalist_61395_326765074_591873089.jpg,sano,inaturalist,https://inaturalist-open-data.s3.amazonaws.com/photos/591873089/original.jpg,61395:326765074:591873089,CC-BY-NC-4.0,"(c) toniconca, some rights reserved (CC BY-NC)",2025-11-16,2026-05-10T03:26:23Z,2048x1536,00dae05e68c69e87610406309aa1f50f, | processed:1024x768
inaturalist_61395_324351802_587043256,data/processed/sano/inaturalist_61395_324351802_587043256.jpg,sano,inaturalist,https://inaturalist-open-data.s3.amazonaws.com/photos/587043256/original.jpg,61395:324351802:587043256,CC-BY-NC-4.0,"(c) lars_henrik_hansen, some rights reserved (CC BY-NC)",2025-11-01,2026-05-10T03:26:24Z,1152x2048,8235bae11256af97e0160884b717e547, | processed:576x1024
inaturalist_61395_322622378_583665763,data/processed/sano/inaturalist_61395_322622378_583665763.jpg,sano,inaturalist,https://inaturalist-open-data.s3.amazonaws.com/photos/583665763/original.jpg,61395:322622378:583665763,CC-BY-NC-4.0,"(c) Angel Emmanuel Romero, some rights reserved (CC BY-NC)",2025-10-23,2026-05-10T03:26:25Z,1152x2048,97851f7bccc7d27ee5850d33035a77d5, | processed:576x1024
inaturalist_61395_322622378_583665765,data/processed/sano/inaturalist_61395_322622378_583665765.jpg,sano,inaturalist,https://inaturalist-open-data.s3.amazonaws.com/photos/583665765/original.jpg,61395:322622378:583665765,CC-BY-NC-4.0,"(c) Angel Emmanuel Romero, some rights reserved (CC BY-NC)",2025-10-23,2026-05-10T03:26:26Z,2048x1536,7c3fb6bd2c530bf3322bdf20d07ee311, | processed:1024x768
inaturalist_61395_322622378_583665758,data/processed/sano/inaturalist_61395_322622378_583665758.jpg,sano,inaturalist,https://inaturalist-open-data.s3.amazonaws.com/photos/583665758/original.jpg,61395:322622378:583665758,CC-BY-NC-4.0,"(c) Angel Emmanuel Romero, some rights reserved (CC BY-NC)",2025-10-23,2026-05-10T03:26:27Z,2048x1536,36614f5c9eab2a244154fe805012ad15, | processed:1024x768
inaturalist_61395_312216482_563675972,data/processed/sano/inaturalist_61395_312216482_563675972.jpg,sano,inaturalist,https://inaturalist-open-data.s3.amazonaws.com/photos/563675972/original.jpg,61395:312216482:563675972,CC-BY-NC-4.0,"(c) James Chelin, some rights reserved (CC BY-NC)",2025-09-06,2026-05-10T03:26:28Z,1542x2048,c8491d833503ebbf06d905931190cf15, | processed:771x1024
inaturalist_61395_312216482_563676020,data/processed/sano/inaturalist_61395_312216482_563676020.jpg,sano,inaturalist,https://inaturalist-open-data.s3.amazonaws.com/photos/563676020/original.jpg,61395:312216482:563676020,CC-BY-NC-4.0,"(c) James Chelin, some rights reserved (CC BY-NC)",2025-09-06,2026-05-10T03:26:29Z,2048x1542,d54cef3db54571c52df365742d6b8c9f, | processed:1024x771
inaturalist_61395_312216482_563676109,data/processed/sano/inaturalist_61395_312216482_563676109.jpg,sano,inaturalist,https://inaturalist-open-data.s3.amazonaws.com/photos/563676109/original.jpg,61395:312216482:563676109,CC-BY-NC-4.0,"(c) James Chelin, some rights reserved (CC BY-NC)",2025-09-06,2026-05-10T03:26:30Z,1542x2048,9783bca7f496b947ab68883e2fe36a97, | processed:771x1024
inaturalist_61395_312216482_563676188,data/processed/sano/inaturalist_61395_312216482_563676188.jpg,sano,inaturalist,https://inaturalist-open-data.s3.amazonaws.com/photos/563676188/original.jpg,61395:312216482:563676188,CC-BY-NC-4.0,"(c) James Chelin, some rights reserved (CC BY-NC)",2025-09-06,2026-05-10T03:26:31Z,2048x1542,2886ab65781d550bd0545bf63c47062c, | processed:1024x771
inaturalist_61395_312216482_563684143,data/processed/sano/inaturalist_61395_312216482_563684143.jpg,sano,inaturalist,https://inaturalist-open-data.s3.amazonaws.com/photos/563684143/original.jpg,61395:312216482:563684143,CC-BY-NC-4.0,"(c) James Chelin, some rights reserved (CC BY-NC)",2025-09-06,2026-05-10T03:26:32Z,1500x2000,2581bcf62bc2ae2d9a2806ecb8fb86d0, | processed:768x1024
inaturalist_61395_299395409_539380357,data/processed/sano/inaturalist_61395_299395409_539380357.jpg,sano,inaturalist,https://inaturalist-open-data.s3.amazonaws.com/photos/539380357/original.jpg,61395:299395409:539380357,CC-BY-NC-4.0,"(c) James Chelin, some rights reserved (CC BY-NC)",2025-07-19,2026-05-10T03:26:56Z,2048x1542,2f8b4cb8a078d9669b49cb9b8c93d55e, | processed:1024x771
inaturalist_61395_299395409_539380234,data/processed/sano/inaturalist_61395_299395409_539380234.jpg,sano,inaturalist,https://inaturalist-open-data.s3.amazonaws.com/photos/539380234/original.jpg,61395:299395409:539380234,CC-BY-NC-4.0,"(c) James Chelin, some rights reserved (CC BY-NC)",2025-07-19,2026-05-10T03:26:57Z,2048x1542,f1122bcb517d95cc8b7ba6c86dcafa30, | processed:1024x771
inaturalist_61395_299395409_539380271,data/processed/sano/inaturalist_61395_299395409_539380271.jpg,sano,inaturalist,https://inaturalist-open-data.s3.amazonaws.com/photos/539380271/original.jpg,61395:299395409:539380271,CC-BY-NC-4.0,"(c) James Chelin, some rights reserved (CC BY-NC)",2025-07-19,2026-05-10T03:26:58Z,2048x1542,0765f1e189f9203c10616e510bd008fb, | processed:1024x771
inaturalist_61395_299395409_539380317,data/processed/sano/inaturalist_61395_299395409_539380317.jpg,sano,inaturalist,https://inaturalist-open-data.s3.amazonaws.com/photos/539380317/original.jpg,61395:299395409:539380317,CC-BY-NC-4.0,"(c) James Chelin, some rights reserved (CC BY-NC)",2025-07-19,2026-05-10T03:26:59Z,2048x1542,fd1ad6656b8db29de2de1c6b37a101b9, | processed:1024x771
inaturalist_61395_299395409_539380389,data/processed/sano/inaturalist_61395_299395409_539380389.jpg,sano,inaturalist,https://inaturalist-open-data.s3.amazonaws.com/photos/539380389/original.jpg,61395:299395409:539380389,CC-BY-NC-4.0,"(c) James Chelin, some rights reserved (CC BY-NC)",2025-07-19,2026-05-10T03:27:00Z,2048x1542,990de1b2e46f46ca7452d24288055b53, | processed:1024x771
inaturalist_61395_299395409_539380428,data/processed/sano/inaturalist_61395_299395409_539380428.jpg,sano,inaturalist,https://inaturalist-open-data.s3.amazonaws.com/photos/539380428/original.jpg,61395:299395409:539380428,CC-BY-NC-4.0,"(c) James Chelin, some rights reserved (CC BY-NC)",2025-07-19,2026-05-10T03:27:01Z,2048x1542,1a82c2b0bf48c69a7db19338ebbeb29b, | processed:1024x771
inaturalist_61395_299395409_539397705,data/processed/sano/inaturalist_61395_299395409_539397705.jpg,sano,inaturalist,https://inaturalist-open-data.s3.amazonaws.com/photos/539397705/original.jpg,61395:299395409:539397705,CC-BY-NC-4.0,"(c) James Chelin, some rights reserved (CC BY-NC)",2025-07-19,2026-05-10T03:27:02Z,2048x1542,e2da44f89013d92899cca35a6987a7c9, | processed:1024x771
inaturalist_61395_299395409_539398263,data/processed/sano/inaturalist_61395_299395409_539398263.jpg,sano,inaturalist,https://inaturalist-open-data.s3.amazonaws.com/photos/539398263/original.jpg,61395:299395409:539398263,CC-BY-NC-4.0,"(c) James Chelin, some rights reserved (CC BY-NC)",2025-07-19,2026-05-10T03:27:03Z,2048x1542,4b1e737f5fd97b4c5cfb9601849a7416, | processed:1024x771
inaturalist_61395_299395409_539398308,data/processed/sano/inaturalist_61395_299395409_539398308.jpg,sano,inaturalist,https://inaturalist-open-data.s3.amazonaws.com/photos/539398308/original.jpg,61395:299395409:539398308,CC-BY-NC-4.0,"(c) James Chelin, some rights reserved (CC BY-NC)",2025-07-19,2026-05-10T03:27:04Z,2048x1542,12d5298a3ce5e934ee4ef37864990e12, | processed:1024x771
inaturalist_61395_299395409_539380167,data/processed/sano/inaturalist_61395_299395409_539380167.jpg,sano,inaturalist,https://inaturalist-open-data.s3.amazonaws.com/photos/539380167/original.jpg,61395:299395409:539380167,CC-BY-NC-4.0,"(c) James Chelin, some rights reserved (CC BY-NC)",2025-07-19,2026-05-10T03:27:05Z,2048x1542,5b7adca9f60b05c4f0ca74a9ab072776, | processed:1024x771
inaturalist_61395_299395409_539428390,data/processed/sano/inaturalist_61395_299395409_539428390.jpg,sano,inaturalist,https://inaturalist-open-data.s3.amazonaws.com/photos/539428390/original.jpg,61395:299395409:539428390,CC-BY-NC-4.0,"(c) James Chelin, some rights reserved (CC BY-NC)",2025-07-19,2026-05-10T03:27:06Z,2048x1365,a9d585d30a736f5b021765a8fab79e48, | processed:1024x682
inaturalist_61395_299395409_539428444,data/processed/sano/inaturalist_61395_299395409_539428444.jpg,sano,inaturalist,https://inaturalist-open-data.s3.amazonaws.com/photos/539428444/original.jpg,61395:299395409:539428444,CC-BY-NC-4.0,"(c) James Chelin, some rights reserved (CC BY-NC)",2025-07-19,2026-05-10T03:27:07Z,2048x1365,3a7125e1b0f0a3df3c7bd12fad9472f1, | processed:1024x682
inaturalist_61395_299395409_539428746,data/processed/sano/inaturalist_61395_299395409_539428746.jpg,sano,inaturalist,https://inaturalist-open-data.s3.amazonaws.com/photos/539428746/original.jpg,61395:299395409:539428746,CC-BY-NC-4.0,"(c) James Chelin, some rights reserved (CC BY-NC)",2025-07-19,2026-05-10T03:27:08Z,2048x1365,be1a4c13c3384c79f5efbb1de10fdcb6, | processed:1024x682
inaturalist_61395_299395409_539428867,data/processed/sano/inaturalist_61395_299395409_539428867.jpg,sano,inaturalist,https://inaturalist-open-data.s3.amazonaws.com/photos/539428867/original.jpg,61395:299395409:539428867,CC-BY-NC-4.0,"(c) James Chelin, some rights reserved (CC BY-NC)",2025-07-19,2026-05-10T03:27:09Z,2048x1365,c1cae02066c941cc39d558aceaf877d7, | processed:1024x682
inaturalist_61395_288260478_518374007,data/processed/sano/inaturalist_61395_288260478_518374007.jpg,sano,inaturalist,https://inaturalist-open-data.s3.amazonaws.com/photos/518374007/original.jpg,61395:288260478:518374007,CC0-1.0,no rights reserved,2025-06-09,2026-05-10T03:27:12Z,2048x1536,99bbaa11f1c1a61a1b7d15a09bfba0a8, | processed:1024x768
inaturalist_61395_288260478_518374060,data/processed/sano/inaturalist_61395_288260478_518374060.jpg,sano,inaturalist,https://inaturalist-open-data.s3.amazonaws.com/photos/518374060/original.jpg,61395:288260478:518374060,CC0-1.0,no rights reserved,2025-06-09,2026-05-10T03:27:13Z,2048x1536,65aeea52c7438e94884890a04dc3f5a0, | processed:1024x768
inaturalist_61395_288260478_518374089,data/processed/sano/inaturalist_61395_288260478_518374089.jpg,sano,inaturalist,https://inaturalist-open-data.s3.amazonaws.com/photos/518374089/original.jpg,61395:288260478:518374089,CC0-1.0,no rights reserved,2025-06-09,2026-05-10T03:27:14Z,2048x1536,218c6b8d9c383197470da697de9ce126, | processed:1024x768
inaturalist_61395_286860852_515747002,data/processed/sano/inaturalist_61395_286860852_515747002.jpg,sano,inaturalist,https://inaturalist-open-data.s3.amazonaws.com/photos/515747002/original.jpg,61395:286860852:515747002,CC-BY-NC-4.0,"(c) James Chelin, some rights reserved (CC BY-NC)",2025-06-04,2026-05-10T03:27:15Z,1542x2048,706a6d8bf14f65c0b177fc3939764054, | processed:771x1024
inaturalist_61395_286860852_515747073,data/processed/sano/inaturalist_61395_286860852_515747073.jpg,sano,inaturalist,https://inaturalist-open-data.s3.amazonaws.com/photos/515747073/original.jpg,61395:286860852:515747073,CC-BY-NC-4.0,"(c) James Chelin, some rights reserved (CC BY-NC)",2025-06-04,2026-05-10T03:27:16Z,2048x1542,a45c27e473141faea38e41e99ab70447, | processed:1024x771
inaturalist_61395_286860852_515747357,data/processed/sano/inaturalist_61395_286860852_515747357.jpg,sano,inaturalist,https://inaturalist-open-data.s3.amazonaws.com/photos/515747357/original.jpg,61395:286860852:515747357,CC-BY-NC-4.0,"(c) James Chelin, some rights reserved (CC BY-NC)",2025-06-04,2026-05-10T03:27:17Z,2048x1542,c0e43ce5ebc2fab5f65be7f8bcddb3cf, | processed:1024x771
inaturalist_61395_286860852_515749038,data/processed/sano/inaturalist_61395_286860852_515749038.jpg,sano,inaturalist,https://inaturalist-open-data.s3.amazonaws.com/photos/515749038/original.jpg,61395:286860852:515749038,CC-BY-NC-4.0,"(c) James Chelin, some rights reserved (CC BY-NC)",2025-06-04,2026-05-10T03:27:18Z,2048x1542,d7612b8d540b911e328c1f5868993baa, | processed:1024x771
inaturalist_61395_286860852_515749085,data/processed/sano/inaturalist_61395_286860852_515749085.jpg,sano,inaturalist,https://inaturalist-open-data.s3.amazonaws.com/photos/515749085/original.jpg,61395:286860852:515749085,CC-BY-NC-4.0,"(c) James Chelin, some rights reserved (CC BY-NC)",2025-06-04,2026-05-10T03:27:19Z,2048x1542,7a8a75664f12a1520fe6efb5554d46be, | processed:1024x771
inaturalist_61395_286860852_515749728,data/processed/sano/inaturalist_61395_286860852_515749728.jpg,sano,inaturalist,https://inaturalist-open-data.s3.amazonaws.com/photos/515749728/original.jpg,61395:286860852:515749728,CC-BY-NC-4.0,"(c) James Chelin, some rights reserved (CC BY-NC)",2025-06-04,2026-05-10T03:27:20Z,2048x1542,86be9d66f8ea7f9296a6543144ceb44f, | processed:1024x771
inaturalist_61395_286860852_515749759,data/processed/sano/inaturalist_61395_286860852_515749759.jpg,sano,inaturalist,https://inaturalist-open-data.s3.amazonaws.com/photos/515749759/original.jpg,61395:286860852:515749759,CC-BY-NC-4.0,"(c) James Chelin, some rights reserved (CC BY-NC)",2025-06-04,2026-05-10T03:27:21Z,2048x1542,772c8273d923dd1be3ac87bba166825e, | processed:1024x771
inaturalist_61395_286860852_515749816,data/processed/sano/inaturalist_61395_286860852_515749816.jpg,sano,inaturalist,https://inaturalist-open-data.s3.amazonaws.com/photos/515749816/original.jpg,61395:286860852:515749816,CC-BY-NC-4.0,"(c) James Chelin, some rights reserved (CC BY-NC)",2025-06-04,2026-05-10T03:27:22Z,2048x1542,da91c03d1393af6ef46e796ddd5815dc, | processed:1024x771
inaturalist_61395_286860852_515749887,data/processed/sano/inaturalist_61395_286860852_515749887.jpg,sano,inaturalist,https://inaturalist-open-data.s3.amazonaws.com/photos/515749887/original.jpg,61395:286860852:515749887,CC-BY-NC-4.0,"(c) James Chelin, some rights reserved (CC BY-NC)",2025-06-04,2026-05-10T03:27:23Z,2048x1542,2098d88ab540a299cd9019657e7c80da, | processed:1024x771
inaturalist_61395_286860852_515749955,data/processed/sano/inaturalist_61395_286860852_515749955.jpg,sano,inaturalist,https://inaturalist-open-data.s3.amazonaws.com/photos/515749955/original.jpg,61395:286860852:515749955,CC-BY-NC-4.0,"(c) James Chelin, some rights reserved (CC BY-NC)",2025-06-04,2026-05-10T03:27:24Z,2048x1542,1993e5f1b6c23ff059c635db0b8a2733, | processed:1024x771
inaturalist_61395_284955392_512161310,data/processed/sano/inaturalist_61395_284955392_512161310.jpg,sano,inaturalist,https://inaturalist-open-data.s3.amazonaws.com/photos/512161310/original.jpg,61395:284955392:512161310,CC-BY-NC-4.0,"(c) Scott Greubel, some rights reserved (CC BY-NC)",2025-05-28,2026-05-10T03:27:25Z,1536x2048,6c873ccc3afeb2094f61560734211d06, | processed:768x1024
inaturalist_61395_284955392_512161697,data/processed/sano/inaturalist_61395_284955392_512161697.jpg,sano,inaturalist,https://inaturalist-open-data.s3.amazonaws.com/photos/512161697/original.jpg,61395:284955392:512161697,CC-BY-NC-4.0,"(c) Scott Greubel, some rights reserved (CC BY-NC)",2025-05-28,2026-05-10T03:27:26Z,2048x1536,fdfb422fcac9f7957f5af1a66e1dfbbd, | processed:1024x768
inaturalist_61395_284955392_512161482,data/processed/sano/inaturalist_61395_284955392_512161482.jpg,sano,inaturalist,https://inaturalist-open-data.s3.amazonaws.com/photos/512161482/original.jpg,61395:284955392:512161482,CC-BY-NC-4.0,"(c) Scott Greubel, some rights reserved (CC BY-NC)",2025-05-28,2026-05-10T03:27:27Z,2048x1536,cb9645c7d52df5616b6159685447aaf5, | processed:1024x768
inaturalist_61395_284955392_512161910,data/processed/sano/inaturalist_61395_284955392_512161910.jpg,sano,inaturalist,https://inaturalist-open-data.s3.amazonaws.com/photos/512161910/original.jpg,61395:284955392:512161910,CC-BY-NC-4.0,"(c) Scott Greubel, some rights reserved (CC BY-NC)",2025-05-28,2026-05-10T03:27:28Z,1536x2048,bfc535ee729d0454909bfc56f20bcc9a, | processed:768x1024
inaturalist_61395_281134328_504991975,data/processed/sano/inaturalist_61395_281134328_504991975.jpg,sano,inaturalist,https://inaturalist-open-data.s3.amazonaws.com/photos/504991975/original.jpg,61395:281134328:504991975,CC-BY-NC-4.0,"(c) Ed Barge, some rights reserved (CC BY-NC)",2025-05-14,2026-05-10T03:27:29Z,2048x1339,6c8aa4519f789bb383d965da211cba6a, | processed:1024x670
inaturalist_61395_271522812_488414776,data/processed/sano/inaturalist_61395_271522812_488414776.jpg,sano,inaturalist,https://inaturalist-open-data.s3.amazonaws.com/photos/488414776/original.jpg,61395:271522812:488414776,CC-BY-NC-4.0,"(c) Christie Greening, some rights reserved (CC BY-NC)",2025-04-19,2026-05-10T03:27:32Z,2048x1536,0d153314b3ee3d83f1325de41566c813, | processed:1024x768
inaturalist_61395_271522812_488414663,data/processed/sano/inaturalist_61395_271522812_488414663.jpg,sano,inaturalist,https://inaturalist-open-data.s3.amazonaws.com/photos/488414663/original.jpg,61395:271522812:488414663,CC-BY-NC-4.0,"(c) Christie Greening, some rights reserved (CC BY-NC)",2025-04-19,2026-05-10T03:27:33Z,1536x2048,e122a3fb6c9936e61613f77e928cfa1b, | processed:768x1024
inaturalist_61395_271522812_488414630,data/processed/sano/inaturalist_61395_271522812_488414630.jpg,sano,inaturalist,https://inaturalist-open-data.s3.amazonaws.com/photos/488414630/original.jpg,61395:271522812:488414630,CC-BY-NC-4.0,"(c) Christie Greening, some rights reserved (CC BY-NC)",2025-04-19,2026-05-10T03:27:34Z,2048x1536,56c343932be4fcf087f42689a9ec7fac, | processed:1024x768
inaturalist_61395_271522812_488414728,data/processed/sano/inaturalist_61395_271522812_488414728.jpg,sano,inaturalist,https://inaturalist-open-data.s3.amazonaws.com/photos/488414728/original.jpg,61395:271522812:488414728,CC-BY-NC-4.0,"(c) Christie Greening, some rights reserved (CC BY-NC)",2025-04-19,2026-05-10T03:27:35Z,1536x2048,9f84b35de994210ce754b3ca674276f0, | processed:768x1024
inaturalist_61395_271522812_488414819,data/processed/sano/inaturalist_61395_271522812_488414819.jpg,sano,inaturalist,https://inaturalist-open-data.s3.amazonaws.com/photos/488414819/original.jpg,61395:271522812:488414819,CC-BY-NC-4.0,"(c) Christie Greening, some rights reserved (CC BY-NC)",2025-04-19,2026-05-10T03:27:36Z,1536x2048,57984bb23f5b904ccd06406258449bb7, | processed:768x1024
inaturalist_61395_271522812_488414865,data/processed/sano/inaturalist_61395_271522812_488414865.jpg,sano,inaturalist,https://inaturalist-open-data.s3.amazonaws.com/photos/488414865/original.jpg,61395:271522812:488414865,CC-BY-NC-4.0,"(c) Christie Greening, some rights reserved (CC BY-NC)",2025-04-19,2026-05-10T03:27:37Z,2048x1536,7f92d80ab1aa64059b59ea039851642d, | processed:1024x768
inaturalist_61395_271522812_488414911,data/processed/sano/inaturalist_61395_271522812_488414911.jpg,sano,inaturalist,https://inaturalist-open-data.s3.amazonaws.com/photos/488414911/original.jpg,61395:271522812:488414911,CC-BY-NC-4.0,"(c) Christie Greening, some rights reserved (CC BY-NC)",2025-04-19,2026-05-10T03:27:38Z,2048x1536,d75ce41c1438fbf02c282118fb5b4574, | processed:1024x768
inaturalist_61395_267021972_479814623,data/processed/sano/inaturalist_61395_267021972_479814623.jpg,sano,inaturalist,https://inaturalist-open-data.s3.amazonaws.com/photos/479814623/original.jpg,61395:267021972:479814623,CC-BY-NC-4.0,"(c) silvialio, some rights reserved (CC BY-NC)",2025-03-26,2026-05-10T03:27:44Z,1536x2048,8265a73450b4c309f83143dd6246c9f8, | processed:768x1024
inaturalist_61395_260939100_468695545,data/processed/sano/inaturalist_61395_260939100_468695545.jpg,sano,inaturalist,https://inaturalist-open-data.s3.amazonaws.com/photos/468695545/original.jpeg,61395:260939100:468695545,CC-BY-NC-4.0,"(c) maricel patino, some rights reserved (CC BY-NC)",2025-02-07,2026-05-10T03:27:55Z,2048x1536,c33b1f3f7e3fbc5916c39f6068d8d741, | processed:1024x768
inaturalist_61395_260939100_468695567,data/processed/sano/inaturalist_61395_260939100_468695567.jpg,sano,inaturalist,https://inaturalist-open-data.s3.amazonaws.com/photos/468695567/original.jpeg,61395:260939100:468695567,CC-BY-NC-4.0,"(c) maricel patino, some rights reserved (CC BY-NC)",2025-02-07,2026-05-10T03:27:56Z,2048x1536,c2d1b9baff13df48c69596750af9b003, | processed:1024x768
inaturalist_61395_260939100_468695586,data/processed/sano/inaturalist_61395_260939100_468695586.jpg,sano,inaturalist,https://inaturalist-open-data.s3.amazonaws.com/photos/468695586/original.jpeg,61395:260939100:468695586,CC-BY-NC-4.0,"(c) maricel patino, some rights reserved (CC BY-NC)",2025-02-07,2026-05-10T03:27:57Z,2048x1536,07e874aa314addaddaa3e869c63cba0f, | processed:1024x768
inaturalist_61395_260939100_468695598,data/processed/sano/inaturalist_61395_260939100_468695598.jpg,sano,inaturalist,https://inaturalist-open-data.s3.amazonaws.com/photos/468695598/original.jpeg,61395:260939100:468695598,CC-BY-NC-4.0,"(c) maricel patino, some rights reserved (CC BY-NC)",2025-02-07,2026-05-10T03:27:58Z,2048x1536,f3d913e7c84b6359f18e704b38b9b589, | processed:1024x768
inaturalist_61395_260939100_468695616,data/processed/sano/inaturalist_61395_260939100_468695616.jpg,sano,inaturalist,https://inaturalist-open-data.s3.amazonaws.com/photos/468695616/original.jpeg,61395:260939100:468695616,CC-BY-NC-4.0,"(c) maricel patino, some rights reserved (CC BY-NC)",2025-02-07,2026-05-10T03:27:59Z,2048x1536,fe2c4be34e31fc713b27a1c8d53992c9, | processed:1024x768
inaturalist_61395_260939100_468695628,data/processed/sano/inaturalist_61395_260939100_468695628.jpg,sano,inaturalist,https://inaturalist-open-data.s3.amazonaws.com/photos/468695628/original.jpeg,61395:260939100:468695628,CC-BY-NC-4.0,"(c) maricel patino, some rights reserved (CC BY-NC)",2025-02-07,2026-05-10T03:28:00Z,2048x1536,043c6e48d005dfd93e8b1dc5e2065024, | processed:1024x768
inaturalist_61395_260939100_468695642,data/processed/sano/inaturalist_61395_260939100_468695642.jpg,sano,inaturalist,https://inaturalist-open-data.s3.amazonaws.com/photos/468695642/original.jpeg,61395:260939100:468695642,CC-BY-NC-4.0,"(c) maricel patino, some rights reserved (CC BY-NC)",2025-02-07,2026-05-10T03:28:01Z,2048x1536,6867e8ad9453977260e700f8f994d15c, | processed:1024x768
inaturalist_61395_260939100_468695659,data/processed/sano/inaturalist_61395_260939100_468695659.jpg,sano,inaturalist,https://inaturalist-open-data.s3.amazonaws.com/photos/468695659/original.jpeg,61395:260939100:468695659,CC-BY-NC-4.0,"(c) maricel patino, some rights reserved (CC BY-NC)",2025-02-07,2026-05-10T03:28:02Z,2048x1536,2bcb9a4e07db4c9c19bcdc3999383fe1, | processed:1024x768
inaturalist_61395_260939100_468695673,data/processed/sano/inaturalist_61395_260939100_468695673.jpg,sano,inaturalist,https://inaturalist-open-data.s3.amazonaws.com/photos/468695673/original.jpeg,61395:260939100:468695673,CC-BY-NC-4.0,"(c) maricel patino, some rights reserved (CC BY-NC)",2025-02-07,2026-05-10T03:28:03Z,2048x1536,30c17b643716a9f563e61c55039a88a5, | processed:1024x768
inaturalist_61395_260939100_468695698,data/processed/sano/inaturalist_61395_260939100_468695698.jpg,sano,inaturalist,https://inaturalist-open-data.s3.amazonaws.com/photos/468695698/original.jpeg,61395:260939100:468695698,CC-BY-NC-4.0,"(c) maricel patino, some rights reserved (CC BY-NC)",2025-02-07,2026-05-10T03:28:04Z,1536x2048,1584b780bb94fab0eff19f7f6f743ed4, | processed:768x1024
inaturalist_61395_260939100_468695728,data/processed/sano/inaturalist_61395_260939100_468695728.jpg,sano,inaturalist,https://inaturalist-open-data.s3.amazonaws.com/photos/468695728/original.jpeg,61395:260939100:468695728,CC-BY-NC-4.0,"(c) maricel patino, some rights reserved (CC BY-NC)",2025-02-07,2026-05-10T03:28:05Z,1536x2048,e4724d1223a57688247546671b26bd1e, | processed:768x1024
inaturalist_61395_260939100_468904532,data/processed/sano/inaturalist_61395_260939100_468904532.jpg,sano,inaturalist,https://inaturalist-open-data.s3.amazonaws.com/photos/468904532/original.png,61395:260939100:468904532,CC-BY-NC-4.0,"(c) maricel patino, some rights reserved (CC BY-NC)",2025-02-07,2026-05-10T03:28:06Z,552x373,03f5078762192f55e5755c5ffa443c59, | processed:552x373
inaturalist_61395_260939100_468904533,data/processed/sano/inaturalist_61395_260939100_468904533.jpg,sano,inaturalist,https://inaturalist-open-data.s3.amazonaws.com/photos/468904533/original.png,61395:260939100:468904533,CC-BY-NC-4.0,"(c) maricel patino, some rights reserved (CC BY-NC)",2025-02-07,2026-05-10T03:28:07Z,474x495,aa81e235d6aab3b6319026b10fd5dccd, | processed:474x495
inaturalist_61395_260939100_468904534,data/processed/sano/inaturalist_61395_260939100_468904534.jpg,sano,inaturalist,https://inaturalist-open-data.s3.amazonaws.com/photos/468904534/original.png,61395:260939100:468904534,CC-BY-NC-4.0,"(c) maricel patino, some rights reserved (CC BY-NC)",2025-02-07,2026-05-10T03:28:08Z,819x485,5f4ea9cee766f588a082c9269e4dda73, | processed:819x485
inaturalist_61395_260939100_468909096,data/processed/sano/inaturalist_61395_260939100_468909096.jpg,sano,inaturalist,https://inaturalist-open-data.s3.amazonaws.com/photos/468909096/original.png,61395:260939100:468909096,CC-BY-NC-4.0,"(c) maricel patino, some rights reserved (CC BY-NC)",2025-02-07,2026-05-10T03:28:09Z,579x501,5a948bfaa978b297589261b8288cac0f, | processed:579x501
inaturalist_61395_260939100_469287131,data/processed/sano/inaturalist_61395_260939100_469287131.jpg,sano,inaturalist,https://inaturalist-open-data.s3.amazonaws.com/photos/469287131/original.png,61395:260939100:469287131,CC-BY-NC-4.0,"(c) maricel patino, some rights reserved (CC BY-NC)",2025-02-07,2026-05-10T03:28:10Z,635x423,5b216967a3bd88e1fc080616e334258f, | processed:635x423
inaturalist_61395_247848787_442742966,data/processed/sano/inaturalist_61395_247848787_442742966.jpg,sano,inaturalist,https://inaturalist-open-data.s3.amazonaws.com/photos/442742966/original.jpeg,61395:247848787:442742966,CC-BY-NC-4.0,"(c) Taylor Routledge, some rights reserved (CC BY-NC)",2022-06-26,2026-05-10T03:28:11Z,2048x1153,6ca2dcd09201997d40e55d2846f93824, | processed:1024x576
inaturalist_61395_247848787_442742990,data/processed/sano/inaturalist_61395_247848787_442742990.jpg,sano,inaturalist,https://inaturalist-open-data.s3.amazonaws.com/photos/442742990/original.jpeg,61395:247848787:442742990,CC-BY-NC-4.0,"(c) Taylor Routledge, some rights reserved (CC BY-NC)",2022-06-26,2026-05-10T03:28:12Z,2048x1153,459cd09e0adbc0ee0b4d08e4fd07aa3b, | processed:1024x576
inaturalist_61395_247848787_442743003,data/processed/sano/inaturalist_61395_247848787_442743003.jpg,sano,inaturalist,https://inaturalist-open-data.s3.amazonaws.com/photos/442743003/original.jpeg,61395:247848787:442743003,CC-BY-NC-4.0,"(c) Taylor Routledge, some rights reserved (CC BY-NC)",2022-06-26,2026-05-10T03:28:13Z,2048x1153,76ebd2f07b6f4433a499da00afedc7a0, | processed:1024x576
inaturalist_61395_247848787_442743037,data/processed/sano/inaturalist_61395_247848787_442743037.jpg,sano,inaturalist,https://inaturalist-open-data.s3.amazonaws.com/photos/442743037/original.jpeg,61395:247848787:442743037,CC-BY-NC-4.0,"(c) Taylor Routledge, some rights reserved (CC BY-NC)",2022-06-26,2026-05-10T03:28:14Z,2048x1153,8e13bd5a1190f5b6e79befb9bb69ece5, | processed:1024x576
inaturalist_61395_246258397_439590150,data/processed/sano/inaturalist_61395_246258397_439590150.jpg,sano,inaturalist,https://inaturalist-open-data.s3.amazonaws.com/photos/439590150/original.jpeg,61395:246258397:439590150,CC-BY-NC-4.0,"(c) Ana Carolina Masseran (da Fonte), some rights reserved (CC BY-NC)",2024-10-05,2026-05-10T03:28:15Z,1152x2048,45e123c66f485e6858161d73b65ac000, | processed:576x1024
inaturalist_61395_246258397_439590173,data/processed/sano/inaturalist_61395_246258397_439590173.jpg,sano,inaturalist,https://inaturalist-open-data.s3.amazonaws.com/photos/439590173/original.jpeg,61395:246258397:439590173,CC-BY-NC-4.0,"(c) Ana Carolina Masseran (da Fonte), some rights reserved (CC BY-NC)",2024-10-05,2026-05-10T03:28:16Z,1152x2048,a11ab1617e1e86dc6ed8568aa1520ceb, | processed:576x1024
inaturalist_61395_246258397_439590203,data/processed/sano/inaturalist_61395_246258397_439590203.jpg,sano,inaturalist,https://inaturalist-open-data.s3.amazonaws.com/photos/439590203/original.jpeg,61395:246258397:439590203,CC-BY-NC-4.0,"(c) Ana Carolina Masseran (da Fonte), some rights reserved (CC BY-NC)",2024-10-05,2026-05-10T03:28:17Z,1152x2048,6c07b1ce3353f82f75c5b932a6c2c961, | processed:576x1024
inaturalist_61395_241142683_429728999,data/processed/sano/inaturalist_61395_241142683_429728999.jpg,sano,inaturalist,https://inaturalist-open-data.s3.amazonaws.com/photos/429728999/original.jpeg,61395:241142683:429728999,CC-BY-NC-4.0,"(c) crowlord, some rights reserved (CC BY-NC)",2024-09-11,2026-05-10T03:28:24Z,1536x2048,fe8fe6525ba7e6ed8e138d927eee5297, | processed:768x1024
inaturalist_61395_241142683_429729035,data/processed/sano/inaturalist_61395_241142683_429729035.jpg,sano,inaturalist,https://inaturalist-open-data.s3.amazonaws.com/photos/429729035/original.jpeg,61395:241142683:429729035,CC-BY-NC-4.0,"(c) crowlord, some rights reserved (CC BY-NC)",2024-09-11,2026-05-10T03:28:25Z,1536x2048,a48b3f562860c7c2b324d63872fbee66, | processed:768x1024
inaturalist_61395_241142683_429729069,data/processed/sano/inaturalist_61395_241142683_429729069.jpg,sano,inaturalist,https://inaturalist-open-data.s3.amazonaws.com/photos/429729069/original.jpeg,61395:241142683:429729069,CC-BY-NC-4.0,"(c) crowlord, some rights reserved (CC BY-NC)",2024-09-11,2026-05-10T03:28:26Z,1536x2048,6d929e4afa4cc1f01a81ad2cb7010bb5, | processed:768x1024
inaturalist_61395_240124454_427762576,data/processed/sano/inaturalist_61395_240124454_427762576.jpg,sano,inaturalist,https://inaturalist-open-data.s3.amazonaws.com/photos/427762576/original.jpeg,61395:240124454:427762576,CC-BY-NC-4.0,"(c) Nata Plikina, some rights reserved (CC BY-NC)",2024-09-06,2026-05-10T03:28:27Z,2048x1536,ac73b9f245918617175f30c282c501db, | processed:1024x768
inaturalist_61395_240124454_427762600,data/processed/sano/inaturalist_61395_240124454_427762600.jpg,sano,inaturalist,https://inaturalist-open-data.s3.amazonaws.com/photos/427762600/original.jpeg,61395:240124454:427762600,CC-BY-NC-4.0,"(c) Nata Plikina, some rights reserved (CC BY-NC)",2024-09-06,2026-05-10T03:28:28Z,2048x1536,8531b0e385d8d9c77f46d4b65dbfab0c, | processed:1024x768
inaturalist_61395_238297731_424226239,data/processed/sano/inaturalist_61395_238297731_424226239.jpg,sano,inaturalist,https://inaturalist-open-data.s3.amazonaws.com/photos/424226239/original.jpeg,61395:238297731:424226239,CC-BY-NC-4.0,"(c) Evan Iverson, some rights reserved (CC BY-NC)",2024-08-27,2026-05-10T03:28:29Z,2048x1536,357220870e921dd1879517aed059ab3b, | processed:1024x768
inaturalist_61395_238297731_424226270,data/processed/sano/inaturalist_61395_238297731_424226270.jpg,sano,inaturalist,https://inaturalist-open-data.s3.amazonaws.com/photos/424226270/original.jpeg,61395:238297731:424226270,CC-BY-NC-4.0,"(c) Evan Iverson, some rights reserved (CC BY-NC)",2024-08-27,2026-05-10T03:28:30Z,2048x1536,6fdb9838e10bf8d4d888805b5859b205, | processed:1024x768
inaturalist_61395_238297731_424226345,data/processed/sano/inaturalist_61395_238297731_424226345.jpg,sano,inaturalist,https://inaturalist-open-data.s3.amazonaws.com/photos/424226345/original.jpeg,61395:238297731:424226345,CC-BY-NC-4.0,"(c) Evan Iverson, some rights reserved (CC BY-NC)",2024-08-27,2026-05-10T03:28:31Z,2048x1536,0a971f30ecabe82eaa5449a11938f04b, | processed:1024x768
inaturalist_61395_236772215_421278177,data/processed/sano/inaturalist_61395_236772215_421278177.jpg,sano,inaturalist,https://inaturalist-open-data.s3.amazonaws.com/photos/421278177/original.jpeg,61395:236772215:421278177,CC-BY-NC-4.0,"(c) Darcie Rose, some rights reserved (CC BY-NC)",2024-08-19,2026-05-10T03:28:32Z,1536x2048,193dbb484b2c0b16c37092f605b0d71d, | processed:768x1024
inaturalist_61395_236772215_421278221,data/processed/sano/inaturalist_61395_236772215_421278221.jpg,sano,inaturalist,https://inaturalist-open-data.s3.amazonaws.com/photos/421278221/original.jpeg,61395:236772215:421278221,CC-BY-NC-4.0,"(c) Darcie Rose, some rights reserved (CC BY-NC)",2024-08-19,2026-05-10T03:28:33Z,1536x2048,3eb761788a8a1f0d2abf3b869de305f4, | processed:768x1024
inaturalist_61395_236772215_421278261,data/processed/sano/inaturalist_61395_236772215_421278261.jpg,sano,inaturalist,https://inaturalist-open-data.s3.amazonaws.com/photos/421278261/original.jpeg,61395:236772215:421278261,CC-BY-NC-4.0,"(c) Darcie Rose, some rights reserved (CC BY-NC)",2024-08-19,2026-05-10T03:28:34Z,2048x1536,7dc5967523b4fd799ab97c3384365c0b, | processed:1024x768
inaturalist_61395_236772215_421278293,data/processed/sano/inaturalist_61395_236772215_421278293.jpg,sano,inaturalist,https://inaturalist-open-data.s3.amazonaws.com/photos/421278293/original.jpeg,61395:236772215:421278293,CC-BY-NC-4.0,"(c) Darcie Rose, some rights reserved (CC BY-NC)",2024-08-19,2026-05-10T03:28:35Z,1536x2048,0377077ccf1ab2fc72df608375619c50, | processed:768x1024
inaturalist_61395_236772215_421278333,data/processed/sano/inaturalist_61395_236772215_421278333.jpg,sano,inaturalist,https://inaturalist-open-data.s3.amazonaws.com/photos/421278333/original.jpeg,61395:236772215:421278333,CC-BY-NC-4.0,"(c) Darcie Rose, some rights reserved (CC BY-NC)",2024-08-19,2026-05-10T03:28:36Z,1536x2048,20c004aa84ef2847c22871bd15d63ea4, | processed:768x1024
inaturalist_61395_236772215_421279567,data/processed/sano/inaturalist_61395_236772215_421279567.jpg,sano,inaturalist,https://inaturalist-open-data.s3.amazonaws.com/photos/421279567/original.jpeg,61395:236772215:421279567,CC-BY-NC-4.0,"(c) Darcie Rose, some rights reserved (CC BY-NC)",2024-08-19,2026-05-10T03:28:37Z,1536x2048,b0af2df6c047d9a9c9ffb3d87118e7b2, | processed:768x1024
inaturalist_61395_236772215_421279602,data/processed/sano/inaturalist_61395_236772215_421279602.jpg,sano,inaturalist,https://inaturalist-open-data.s3.amazonaws.com/photos/421279602/original.jpeg,61395:236772215:421279602,CC-BY-NC-4.0,"(c) Darcie Rose, some rights reserved (CC BY-NC)",2024-08-19,2026-05-10T03:28:38Z,1536x2048,94c9178ed6d60a7173756f49e88c1343, | processed:768x1024
inaturalist_61395_236184501_420155916,data/processed/sano/inaturalist_61395_236184501_420155916.jpg,sano,inaturalist,https://inaturalist-open-data.s3.amazonaws.com/photos/420155916/original.jpeg,61395:236184501:420155916,CC-BY-NC-4.0,"(c) Michael williams, some rights reserved (CC BY-NC)",2024-08-15,2026-05-10T03:28:39Z,1537x2048,253e11b5dba6d9c1c4c8ec788384f89c, | processed:768x1024
inaturalist_61395_236184501_420156779,data/processed/sano/inaturalist_61395_236184501_420156779.jpg,sano,inaturalist,https://inaturalist-open-data.s3.amazonaws.com/photos/420156779/original.jpeg,61395:236184501:420156779,CC-BY-NC-4.0,"(c) Michael williams, some rights reserved (CC BY-NC)",2024-08-15,2026-05-10T03:28:40Z,1537x2048,f32174326190c22c6d165d45c77c85d1, | processed:768x1024
inaturalist_61395_236184501_420156824,data/processed/sano/inaturalist_61395_236184501_420156824.jpg,sano,inaturalist,https://inaturalist-open-data.s3.amazonaws.com/photos/420156824/original.jpeg,61395:236184501:420156824,CC-BY-NC-4.0,"(c) Michael williams, some rights reserved (CC BY-NC)",2024-08-15,2026-05-10T03:28:41Z,1537x2048,5f40a9452a40e4637827a20190e27b7e, | processed:768x1024
inaturalist_61395_236184501_420156881,data/processed/sano/inaturalist_61395_236184501_420156881.jpg,sano,inaturalist,https://inaturalist-open-data.s3.amazonaws.com/photos/420156881/original.jpeg,61395:236184501:420156881,CC-BY-NC-4.0,"(c) Michael williams, some rights reserved (CC BY-NC)",2024-08-15,2026-05-10T03:28:42Z,1537x2048,2275a9f4f6647fea23e5bc326b865e37, | processed:768x1024
inaturalist_61395_236184501_443004204,data/processed/sano/inaturalist_61395_236184501_443004204.jpg,sano,inaturalist,https://inaturalist-open-data.s3.amazonaws.com/photos/443004204/original.jpeg,61395:236184501:443004204,CC-BY-NC-4.0,"(c) Michael williams, some rights reserved (CC BY-NC)",2024-08-15,2026-05-10T03:28:43Z,1204x1599,42ea84b5bfe37aef2f6a96809e5b8ed2, | processed:771x1024
inaturalist_61395_215622905_381243088,data/processed/sano/inaturalist_61395_215622905_381243088.jpg,sano,inaturalist,https://inaturalist-open-data.s3.amazonaws.com/photos/381243088/original.jpg,61395:215622905:381243088,CC-BY-NC-4.0,"(c) algraff, some rights reserved (CC BY-NC)",2024-05-13,2026-05-10T03:28:52Z,1536x2048,9a773bbcb142eaa4a3642cdfac122ce4, | processed:768x1024
inaturalist_61395_215622905_381243114,data/processed/sano/inaturalist_61395_215622905_381243114.jpg,sano,inaturalist,https://inaturalist-open-data.s3.amazonaws.com/photos/381243114/original.jpg,61395:215622905:381243114,CC-BY-NC-4.0,"(c) algraff, some rights reserved (CC BY-NC)",2024-05-13,2026-05-10T03:28:53Z,1536x2048,784dcfae1b53faf00efe3884cbe15e69, | processed:768x1024
inaturalist_61395_215622905_381243133,data/processed/sano/inaturalist_61395_215622905_381243133.jpg,sano,inaturalist,https://inaturalist-open-data.s3.amazonaws.com/photos/381243133/original.jpg,61395:215622905:381243133,CC-BY-NC-4.0,"(c) algraff, some rights reserved (CC BY-NC)",2024-05-13,2026-05-10T03:28:54Z,1536x2048,e094c83c90812f69b0f6570e88c006f7, | processed:768x1024
inaturalist_61395_215622905_381243161,data/processed/sano/inaturalist_61395_215622905_381243161.jpg,sano,inaturalist,https://inaturalist-open-data.s3.amazonaws.com/photos/381243161/original.jpg,61395:215622905:381243161,CC-BY-NC-4.0,"(c) algraff, some rights reserved (CC BY-NC)",2024-05-13,2026-05-10T03:28:55Z,1536x2048,15e754e2a8d55aa645aca4149e5b37b7, | processed:768x1024
inaturalist_61395_215622905_381243185,data/processed/sano/inaturalist_61395_215622905_381243185.jpg,sano,inaturalist,https://inaturalist-open-data.s3.amazonaws.com/photos/381243185/original.jpg,61395:215622905:381243185,CC-BY-NC-4.0,"(c) algraff, some rights reserved (CC BY-NC)",2024-05-13,2026-05-10T03:28:56Z,1536x2048,fe5c2b52b6ef58f13854d21afba77acd, | processed:768x1024
inaturalist_61395_215622905_381243204,data/processed/sano/inaturalist_61395_215622905_381243204.jpg,sano,inaturalist,https://inaturalist-open-data.s3.amazonaws.com/photos/381243204/original.jpg,61395:215622905:381243204,CC-BY-NC-4.0,"(c) algraff, some rights reserved (CC BY-NC)",2024-05-13,2026-05-10T03:28:57Z,1536x2048,2375d381e5b29e174b5819bf65b42531, | processed:768x1024
inaturalist_61395_215622905_381243222,data/processed/sano/inaturalist_61395_215622905_381243222.jpg,sano,inaturalist,https://inaturalist-open-data.s3.amazonaws.com/photos/381243222/original.jpg,61395:215622905:381243222,CC-BY-NC-4.0,"(c) algraff, some rights reserved (CC BY-NC)",2024-05-13,2026-05-10T03:28:58Z,2048x1536,6f5740ef38cf2580c42c2bb2c9f4593a, | processed:1024x768
inaturalist_61395_214467326_379084565,data/processed/sano/inaturalist_61395_214467326_379084565.jpg,sano,inaturalist,https://inaturalist-open-data.s3.amazonaws.com/photos/379084565/original.jpg,61395:214467326:379084565,CC-BY-NC-4.0,"(c) gabboilard, some rights reserved (CC BY-NC)",2024-05-08,2026-05-10T03:28:59Z,1536x2048,fae35e09facfbd839be13fa43b6d663b, | processed:768x1024
inaturalist_61395_214467326_379084587,data/processed/sano/inaturalist_61395_214467326_379084587.jpg,sano,inaturalist,https://inaturalist-open-data.s3.amazonaws.com/photos/379084587/original.jpg,61395:214467326:379084587,CC-BY-NC-4.0,"(c) gabboilard, some rights reserved (CC BY-NC)",2024-05-08,2026-05-10T03:29:00Z,2048x1536,1c5ce7103c7cac7a90a6afae352e8425, | processed:1024x768
inaturalist_61395_214467326_379084606,data/processed/sano/inaturalist_61395_214467326_379084606.jpg,sano,inaturalist,https://inaturalist-open-data.s3.amazonaws.com/photos/379084606/original.jpg,61395:214467326:379084606,CC-BY-NC-4.0,"(c) gabboilard, some rights reserved (CC BY-NC)",2024-05-08,2026-05-10T03:29:01Z,1536x2048,c4062e2200b689ac187fac08286ab0c2, | processed:768x1024
inaturalist_61395_214467326_379084631,data/processed/sano/inaturalist_61395_214467326_379084631.jpg,sano,inaturalist,https://inaturalist-open-data.s3.amazonaws.com/photos/379084631/original.jpg,61395:214467326:379084631,CC-BY-NC-4.0,"(c) gabboilard, some rights reserved (CC BY-NC)",2024-05-08,2026-05-10T03:29:02Z,1536x2048,b8699f3ecb4dc3bbdb84030bf02fdb63, | processed:768x1024
inaturalist_61395_214467326_379084661,data/processed/sano/inaturalist_61395_214467326_379084661.jpg,sano,inaturalist,https://inaturalist-open-data.s3.amazonaws.com/photos/379084661/original.jpg,61395:214467326:379084661,CC-BY-NC-4.0,"(c) gabboilard, some rights reserved (CC BY-NC)",2024-05-08,2026-05-10T03:29:03Z,1536x2048,fe99cda9f6e5850d090ed46f14655e08, | processed:768x1024
inaturalist_61395_214467326_379092210,data/processed/sano/inaturalist_61395_214467326_379092210.jpg,sano,inaturalist,https://inaturalist-open-data.s3.amazonaws.com/photos/379092210/original.jpg,61395:214467326:379092210,CC-BY-NC-4.0,"(c) gabboilard, some rights reserved (CC BY-NC)",2024-05-08,2026-05-10T03:29:04Z,1536x2048,87f4ca3770fc093c164763418e5a2b7f, | processed:768x1024
inaturalist_61395_214467326_379088446,data/processed/sano/inaturalist_61395_214467326_379088446.jpg,sano,inaturalist,https://inaturalist-open-data.s3.amazonaws.com/photos/379088446/original.jpg,61395:214467326:379088446,CC-BY-NC-4.0,"(c) gabboilard, some rights reserved (CC BY-NC)",2024-05-08,2026-05-10T03:29:05Z,727x545,b4586df35b7b04e80ac9fa54a9fbea8c, | processed:727x545
inaturalist_61395_214467326_379088445,data/processed/sano/inaturalist_61395_214467326_379088445.jpg,sano,inaturalist,https://inaturalist-open-data.s3.amazonaws.com/photos/379088445/original.jpg,61395:214467326:379088445,CC-BY-NC-4.0,"(c) gabboilard, some rights reserved (CC BY-NC)",2024-05-08,2026-05-10T03:29:06Z,727x545,940f4b998b02ebb65e73f15aa309475a, | processed:727x545
inaturalist_61395_214467326_379088438,data/processed/sano/inaturalist_61395_214467326_379088438.jpg,sano,inaturalist,https://inaturalist-open-data.s3.amazonaws.com/photos/379088438/original.jpg,61395:214467326:379088438,CC-BY-NC-4.0,"(c) gabboilard, some rights reserved (CC BY-NC)",2024-05-08,2026-05-10T03:29:07Z,727x545,31f8be02161184e15104e9572e60fa87, | processed:727x545
inaturalist_61395_214467326_379088441,data/processed/sano/inaturalist_61395_214467326_379088441.jpg,sano,inaturalist,https://inaturalist-open-data.s3.amazonaws.com/photos/379088441/original.jpg,61395:214467326:379088441,CC-BY-NC-4.0,"(c) gabboilard, some rights reserved (CC BY-NC)",2024-05-08,2026-05-10T03:29:08Z,727x545,064697a1dff6d7635bb68f021ba7c296, | processed:727x545
inaturalist_61395_214467326_379088443,data/processed/sano/inaturalist_61395_214467326_379088443.jpg,sano,inaturalist,https://inaturalist-open-data.s3.amazonaws.com/photos/379088443/original.jpg,61395:214467326:379088443,CC-BY-NC-4.0,"(c) gabboilard, some rights reserved (CC BY-NC)",2024-05-08,2026-05-10T03:29:09Z,727x545,78025dbfd1ec7050b4cdc4e22c89e6de, | processed:727x545
inaturalist_61395_214467326_379088442,data/processed/sano/inaturalist_61395_214467326_379088442.jpg,sano,inaturalist,https://inaturalist-open-data.s3.amazonaws.com/photos/379088442/original.jpg,61395:214467326:379088442,CC-BY-NC-4.0,"(c) gabboilard, some rights reserved (CC BY-NC)",2024-05-08,2026-05-10T03:29:10Z,727x545,6996dd1e09a6e81abcac63757328fd2d, | processed:727x545
inaturalist_61395_214085118_378371067,data/processed/sano/inaturalist_61395_214085118_378371067.jpg,sano,inaturalist,https://inaturalist-open-data.s3.amazonaws.com/photos/378371067/original.jpeg,61395:214085118:378371067,CC-BY-NC-4.0,"(c) Joe Matanzas, some rights reserved (CC BY-NC)",2024-05-05,2026-05-10T03:29:11Z,747x1059,60b6f701e878868850e6a090a6536552, | processed:722x1024
inaturalist_61395_214085118_378371167,data/processed/sano/inaturalist_61395_214085118_378371167.jpg,sano,inaturalist,https://inaturalist-open-data.s3.amazonaws.com/photos/378371167/original.jpg,61395:214085118:378371167,CC-BY-NC-4.0,"(c) Joe Matanzas, some rights reserved (CC BY-NC)",2024-05-05,2026-05-10T03:29:12Z,1155x953,ef5f3c4ece78c59c12a107775190d900, | processed:1024x845
inaturalist_61395_185939825_324830409,data/processed/sano/inaturalist_61395_185939825_324830409.jpg,sano,inaturalist,https://inaturalist-open-data.s3.amazonaws.com/photos/324830409/original.jpg,61395:185939825:324830409,CC-BY-NC-4.0,"(c) uwekozina, some rights reserved (CC BY-NC)",2021-05-02,2026-05-10T03:29:31Z,2048x1536,65815c7218346ebc06701d479163f526, | processed:1024x768
inaturalist_61395_185939825_324830473,data/processed/sano/inaturalist_61395_185939825_324830473.jpg,sano,inaturalist,https://inaturalist-open-data.s3.amazonaws.com/photos/324830473/original.jpg,61395:185939825:324830473,CC-BY-NC-4.0,"(c) uwekozina, some rights reserved (CC BY-NC)",2021-05-02,2026-05-10T03:29:32Z,2048x1536,7f5b90096b8fb5629946c0d36e462af4, | processed:1024x768
inaturalist_61395_185939825_324830401,data/processed/sano/inaturalist_61395_185939825_324830401.jpg,sano,inaturalist,https://inaturalist-open-data.s3.amazonaws.com/photos/324830401/original.jpg,61395:185939825:324830401,CC-BY-NC-4.0,"(c) uwekozina, some rights reserved (CC BY-NC)",2021-05-02,2026-05-10T03:29:33Z,2048x1536,a086a24e52cbead4cbc3a8fe2b8f5c71, | processed:1024x768
inaturalist_61395_185939825_324830476,data/processed/sano/inaturalist_61395_185939825_324830476.jpg,sano,inaturalist,https://inaturalist-open-data.s3.amazonaws.com/photos/324830476/original.jpg,61395:185939825:324830476,CC-BY-NC-4.0,"(c) uwekozina, some rights reserved (CC BY-NC)",2021-05-02,2026-05-10T03:29:34Z,2048x1536,16b66504c91e1c0265726fa074d15c08, | processed:1024x768
inaturalist_61395_185939825_324830543,data/processed/sano/inaturalist_61395_185939825_324830543.jpg,sano,inaturalist,https://inaturalist-open-data.s3.amazonaws.com/photos/324830543/original.jpg,61395:185939825:324830543,CC-BY-NC-4.0,"(c) uwekozina, some rights reserved (CC BY-NC)",2021-05-02,2026-05-10T03:29:35Z,2048x1536,87b08881dd14d7be3fd011426e0fefbf, | processed:1024x768
inaturalist_61395_185939825_324830553,data/processed/sano/inaturalist_61395_185939825_324830553.jpg,sano,inaturalist,https://inaturalist-open-data.s3.amazonaws.com/photos/324830553/original.jpg,61395:185939825:324830553,CC-BY-NC-4.0,"(c) uwekozina, some rights reserved (CC BY-NC)",2021-05-02,2026-05-10T03:29:36Z,2048x1536,71c373e171003ced597476ec39346ec2, | processed:1024x768
inaturalist_61395_185939825_324830525,data/processed/sano/inaturalist_61395_185939825_324830525.jpg,sano,inaturalist,https://inaturalist-open-data.s3.amazonaws.com/photos/324830525/original.jpg,61395:185939825:324830525,CC-BY-NC-4.0,"(c) uwekozina, some rights reserved (CC BY-NC)",2021-05-02,2026-05-10T03:29:37Z,2048x1085,cb3d2402e057be87fdf07b841969b176, | processed:1024x542
inaturalist_61395_185939825_324830561,data/processed/sano/inaturalist_61395_185939825_324830561.jpg,sano,inaturalist,https://inaturalist-open-data.s3.amazonaws.com/photos/324830561/original.jpg,61395:185939825:324830561,CC-BY-NC-4.0,"(c) uwekozina, some rights reserved (CC BY-NC)",2021-05-02,2026-05-10T03:29:38Z,2048x1085,db59d2da4ddb26f38f3940837ed6636e, | processed:1024x542
inaturalist_61395_185939825_324831484,data/processed/sano/inaturalist_61395_185939825_324831484.jpg,sano,inaturalist,https://inaturalist-open-data.s3.amazonaws.com/photos/324831484/original.jpg,61395:185939825:324831484,CC-BY-NC-4.0,"(c) uwekozina, some rights reserved (CC BY-NC)",2021-05-02,2026-05-10T03:29:39Z,1536x2048,459ed70e07aa00c5e26782b068694f49, | processed:768x1024
inaturalist_61395_185939825_324831488,data/processed/sano/inaturalist_61395_185939825_324831488.jpg,sano,inaturalist,https://inaturalist-open-data.s3.amazonaws.com/photos/324831488/original.jpg,61395:185939825:324831488,CC-BY-NC-4.0,"(c) uwekozina, some rights reserved (CC BY-NC)",2021-05-02,2026-05-10T03:29:40Z,1536x2048,9bc17bee4416e24cca567fe62472e3e8, | processed:768x1024
inaturalist_61395_182625048_318454295,data/processed/sano/inaturalist_61395_182625048_318454295.jpg,sano,inaturalist,https://inaturalist-open-data.s3.amazonaws.com/photos/318454295/original.jpeg,61395:182625048:318454295,CC-BY-NC-4.0,"(c) al1977, some rights reserved (CC BY-NC)",2023-09-10,2026-05-10T03:29:41Z,1152x2048,9e5397c3ee05cbebf233a49a5ecb0ed7, | processed:576x1024
inaturalist_61395_178600827_310809906,data/processed/sano/inaturalist_61395_178600827_310809906.jpg,sano,inaturalist,https://inaturalist-open-data.s3.amazonaws.com/photos/310809906/original.jpg,61395:178600827:310809906,CC-BY-NC-4.0,"(c) Taye Bright, some rights reserved (CC BY-NC)",2023-08-15,2026-05-10T03:29:42Z,1536x2048,cda22776fe91500e627e7b9368e7284b, | processed:768x1024
inaturalist_61395_178600827_310809873,data/processed/sano/inaturalist_61395_178600827_310809873.jpg,sano,inaturalist,https://inaturalist-open-data.s3.amazonaws.com/photos/310809873/original.jpg,61395:178600827:310809873,CC-BY-NC-4.0,"(c) Taye Bright, some rights reserved (CC BY-NC)",2023-08-15,2026-05-10T03:29:43Z,1536x2048,e5c7ed1ec03770434ec0de1af6eaa186, | processed:768x1024
inaturalist_61395_178600827_310809944,data/processed/sano/inaturalist_61395_178600827_310809944.jpg,sano,inaturalist,https://inaturalist-open-data.s3.amazonaws.com/photos/310809944/original.jpg,61395:178600827:310809944,CC-BY-NC-4.0,"(c) Taye Bright, some rights reserved (CC BY-NC)",2023-08-15,2026-05-10T03:29:44Z,2048x1536,40d0b5cfd982531092a97715111d2be6, | processed:1024x768
inaturalist_61395_178600827_310809981,data/processed/sano/inaturalist_61395_178600827_310809981.jpg,sano,inaturalist,https://inaturalist-open-data.s3.amazonaws.com/photos/310809981/original.jpg,61395:178600827:310809981,CC-BY-NC-4.0,"(c) Taye Bright, some rights reserved (CC BY-NC)",2023-08-15,2026-05-10T03:29:45Z,2048x1536,4affb10cb19cb1693bc665cc871dbe23, | processed:1024x768
inaturalist_61395_172315293_299214005,data/processed/sano/inaturalist_61395_172315293_299214005.jpg,sano,inaturalist,https://inaturalist-open-data.s3.amazonaws.com/photos/299214005/original.jpg,61395:172315293:299214005,CC-BY-NC-4.0,"(c) vidanueva2023, some rights reserved (CC BY-NC)",2023-07-11,2026-05-10T03:29:46Z,1536x2048,dc68fa1bd598582aeeac989e0403977b, | processed:768x1024
inaturalist_61395_165935799_287295308,data/processed/sano/inaturalist_61395_165935799_287295308.jpg,sano,inaturalist,https://inaturalist-open-data.s3.amazonaws.com/photos/287295308/original.jpeg,61395:165935799:287295308,CC-BY-NC-4.0,"(c) Дмитрий Левченко, some rights reserved (CC BY-NC)",2023-06-06,2026-05-10T03:29:47Z,2048x1536,330e06c768a1998d5cb66b7b3ff9abb5, | processed:1024x768
inaturalist_61395_165935799_287295562,data/processed/sano/inaturalist_61395_165935799_287295562.jpg,sano,inaturalist,https://inaturalist-open-data.s3.amazonaws.com/photos/287295562/original.jpeg,61395:165935799:287295562,CC-BY-NC-4.0,"(c) Дмитрий Левченко, some rights reserved (CC BY-NC)",2023-06-06,2026-05-10T03:29:48Z,2048x1536,cb15e451d413b7e66542a9504f32f32a, | processed:1024x768
inaturalist_61395_165550887_286562781,data/processed/sano/inaturalist_61395_165550887_286562781.jpg,sano,inaturalist,https://inaturalist-open-data.s3.amazonaws.com/photos/286562781/original.jpeg,61395:165550887:286562781,CC-BY-NC-4.0,"(c) maricel patino, some rights reserved (CC BY-NC)",2023-06-03,2026-05-10T03:29:49Z,2048x1536,daee5e3dacde2f48eb392548dc77bd02, | processed:1024x768
inaturalist_61395_165550887_287175968,data/processed/sano/inaturalist_61395_165550887_287175968.jpg,sano,inaturalist,https://inaturalist-open-data.s3.amazonaws.com/photos/287175968/original.jpeg,61395:165550887:287175968,CC-BY-NC-4.0,"(c) maricel patino, some rights reserved (CC BY-NC)",2023-06-03,2026-05-10T03:29:50Z,2048x1536,55f58ecfb06acda4efe14e230b9e5fe6, | processed:1024x768
inaturalist_61395_165550887_287175971,data/processed/sano/inaturalist_61395_165550887_287175971.jpg,sano,inaturalist,https://inaturalist-open-data.s3.amazonaws.com/photos/287175971/original.jpeg,61395:165550887:287175971,CC-BY-NC-4.0,"(c) maricel patino, some rights reserved (CC BY-NC)",2023-06-03,2026-05-10T03:29:51Z,2048x1536,e92de40b62cc20c260392908d962a2eb, | processed:1024x768
inaturalist_61395_165550887_287175981,data/processed/sano/inaturalist_61395_165550887_287175981.jpg,sano,inaturalist,https://inaturalist-open-data.s3.amazonaws.com/photos/287175981/original.jpeg,61395:165550887:287175981,CC-BY-NC-4.0,"(c) maricel patino, some rights reserved (CC BY-NC)",2023-06-03,2026-05-10T03:29:52Z,2048x1536,e1fdd50c048f473341c83f4895ef7e1a, | processed:1024x768
inaturalist_61395_165550887_287175982,data/processed/sano/inaturalist_61395_165550887_287175982.jpg,sano,inaturalist,https://inaturalist-open-data.s3.amazonaws.com/photos/287175982/original.jpeg,61395:165550887:287175982,CC-BY-NC-4.0,"(c) maricel patino, some rights reserved (CC BY-NC)",2023-06-03,2026-05-10T03:29:53Z,2048x1536,00a2fe71411d997f8ae514f9d96ffd3a, | processed:1024x768
inaturalist_61395_165550887_287176007,data/processed/sano/inaturalist_61395_165550887_287176007.jpg,sano,inaturalist,https://inaturalist-open-data.s3.amazonaws.com/photos/287176007/original.jpeg,61395:165550887:287176007,CC-BY-NC-4.0,"(c) maricel patino, some rights reserved (CC BY-NC)",2023-06-03,2026-05-10T03:29:54Z,2048x1536,48886d0e0c5991ab2fbabbd339dbd6bf, | processed:1024x768
inaturalist_61395_165550887_287187707,data/processed/sano/inaturalist_61395_165550887_287187707.jpg,sano,inaturalist,https://inaturalist-open-data.s3.amazonaws.com/photos/287187707/original.png,61395:165550887:287187707,CC-BY-NC-4.0,"(c) maricel patino, some rights reserved (CC BY-NC)",2023-06-03,2026-05-10T03:29:55Z,637x480,de3af8c8f4d4d285453663f6b302f7a3, | processed:637x480
inaturalist_61395_165550887_287187711,data/processed/sano/inaturalist_61395_165550887_287187711.jpg,sano,inaturalist,https://inaturalist-open-data.s3.amazonaws.com/photos/287187711/original.png,61395:165550887:287187711,CC-BY-NC-4.0,"(c) maricel patino, some rights reserved (CC BY-NC)",2023-06-03,2026-05-10T03:29:56Z,620x479,a73601dd0166de13f0b0d55a967fc165, | processed:620x479
inaturalist_61395_165550887_287187713,data/processed/sano/inaturalist_61395_165550887_287187713.jpg,sano,inaturalist,https://inaturalist-open-data.s3.amazonaws.com/photos/287187713/original.png,61395:165550887:287187713,CC-BY-NC-4.0,"(c) maricel patino, some rights reserved (CC BY-NC)",2023-06-03,2026-05-10T03:29:57Z,649x481,1eeed3bdd3ca505816ad783706ce4cc2, | processed:649x481
inaturalist_61395_165550887_287187714,data/processed/sano/inaturalist_61395_165550887_287187714.jpg,sano,inaturalist,https://inaturalist-open-data.s3.amazonaws.com/photos/287187714/original.png,61395:165550887:287187714,CC-BY-NC-4.0,"(c) maricel patino, some rights reserved (CC BY-NC)",2023-06-03,2026-05-10T03:29:58Z,642x478,b6df78f6e05759776343afbb9c64ea2b, | processed:642x478
inaturalist_61395_165550887_287187712,data/processed/sano/inaturalist_61395_165550887_287187712.jpg,sano,inaturalist,https://inaturalist-open-data.s3.amazonaws.com/photos/287187712/original.png,61395:165550887:287187712,CC-BY-NC-4.0,"(c) maricel patino, some rights reserved (CC BY-NC)",2023-06-03,2026-05-10T03:29:59Z,638x483,062b5da1a527752ee0885e6a07a61a96, | processed:638x483
inaturalist_61395_165550887_287187717,data/processed/sano/inaturalist_61395_165550887_287187717.jpg,sano,inaturalist,https://inaturalist-open-data.s3.amazonaws.com/photos/287187717/original.png,61395:165550887:287187717,CC-BY-NC-4.0,"(c) maricel patino, some rights reserved (CC BY-NC)",2023-06-03,2026-05-10T03:30:00Z,623x489,20b79cbc9793a9442823edae84cce434, | processed:623x489
inaturalist_61395_165550887_287187721,data/processed/sano/inaturalist_61395_165550887_287187721.jpg,sano,inaturalist,https://inaturalist-open-data.s3.amazonaws.com/photos/287187721/original.png,61395:165550887:287187721,CC-BY-NC-4.0,"(c) maricel patino, some rights reserved (CC BY-NC)",2023-06-03,2026-05-10T03:30:01Z,632x487,e538cf1319b6af6c41e14f0cb9a16c30, | processed:632x487
inaturalist_61395_165550887_287187730,data/processed/sano/inaturalist_61395_165550887_287187730.jpg,sano,inaturalist,https://inaturalist-open-data.s3.amazonaws.com/photos/287187730/original.png,61395:165550887:287187730,CC-BY-NC-4.0,"(c) maricel patino, some rights reserved (CC BY-NC)",2023-06-03,2026-05-10T03:30:02Z,640x478,91c1616cf1d3d6ccaf46506fe7fa7336, | processed:640x478
inaturalist_61395_165550887_287187733,data/processed/sano/inaturalist_61395_165550887_287187733.jpg,sano,inaturalist,https://inaturalist-open-data.s3.amazonaws.com/photos/287187733/original.png,61395:165550887:287187733,CC-BY-NC-4.0,"(c) maricel patino, some rights reserved (CC BY-NC)",2023-06-03,2026-05-10T03:30:03Z,639x480,eb6d0f31c702446120256f07b5d80296, | processed:639x480
inaturalist_61395_165550887_287187735,data/processed/sano/inaturalist_61395_165550887_287187735.jpg,sano,inaturalist,https://inaturalist-open-data.s3.amazonaws.com/photos/287187735/original.png,61395:165550887:287187735,CC-BY-NC-4.0,"(c) maricel patino, some rights reserved (CC BY-NC)",2023-06-03,2026-05-10T03:30:04Z,643x480,b054e759bac9ee93fff0248c781daf61, | processed:643x480
inaturalist_61395_165550887_287187736,data/processed/sano/inaturalist_61395_165550887_287187736.jpg,sano,inaturalist,https://inaturalist-open-data.s3.amazonaws.com/photos/287187736/original.png,61395:165550887:287187736,CC-BY-NC-4.0,"(c) maricel patino, some rights reserved (CC BY-NC)",2023-06-03,2026-05-10T03:30:05Z,635x473,cbdc55387070bd712106e668fc862740, | processed:635x473
inaturalist_61395_164821372_285229166,data/processed/sano/inaturalist_61395_164821372_285229166.jpg,sano,inaturalist,https://inaturalist-open-data.s3.amazonaws.com/photos/285229166/original.jpeg,61395:164821372:285229166,CC-BY-NC-4.0,"(c) James Chelin, some rights reserved (CC BY-NC)",2023-05-29,2026-05-10T03:30:06Z,1600x1205,54d5b147455c501b7c79d2c31cae3571, | processed:1024x771
inaturalist_61395_164821372_285229225,data/processed/sano/inaturalist_61395_164821372_285229225.jpg,sano,inaturalist,https://inaturalist-open-data.s3.amazonaws.com/photos/285229225/original.jpeg,61395:164821372:285229225,CC-BY-NC-4.0,"(c) James Chelin, some rights reserved (CC BY-NC)",2023-05-29,2026-05-10T03:30:07Z,1600x1205,9e04aa66bc8ad5094a49736d58f27c3c, | processed:1024x771
inaturalist_61395_164821372_285229307,data/processed/sano/inaturalist_61395_164821372_285229307.jpg,sano,inaturalist,https://inaturalist-open-data.s3.amazonaws.com/photos/285229307/original.jpeg,61395:164821372:285229307,CC-BY-NC-4.0,"(c) James Chelin, some rights reserved (CC BY-NC)",2023-05-29,2026-05-10T03:30:08Z,1600x1205,c61c25776097f6388b7e199f2cd4ec22, | processed:1024x771
inaturalist_61395_164821372_285229395,data/processed/sano/inaturalist_61395_164821372_285229395.jpg,sano,inaturalist,https://inaturalist-open-data.s3.amazonaws.com/photos/285229395/original.jpeg,61395:164821372:285229395,CC-BY-NC-4.0,"(c) James Chelin, some rights reserved (CC BY-NC)",2023-05-29,2026-05-10T03:30:09Z,1600x1205,94a83e4a08a6d62ff65ea35c482187f3, | processed:1024x771
inaturalist_61395_164821372_285229449,data/processed/sano/inaturalist_61395_164821372_285229449.jpg,sano,inaturalist,https://inaturalist-open-data.s3.amazonaws.com/photos/285229449/original.jpeg,61395:164821372:285229449,CC-BY-NC-4.0,"(c) James Chelin, some rights reserved (CC BY-NC)",2023-05-29,2026-05-10T03:30:10Z,1600x1205,d7a2f735530b2ec6b37af01e3e111aa1, | processed:1024x771
inaturalist_61395_164722535_285042226,data/processed/sano/inaturalist_61395_164722535_285042226.jpg,sano,inaturalist,https://inaturalist-open-data.s3.amazonaws.com/photos/285042226/original.jpeg,61395:164722535:285042226,CC-BY-NC-4.0,"(c) Ben Kinsley, some rights reserved (CC BY-NC)",2023-05-30,2026-05-10T03:30:11Z,1536x2048,50d2ae860c6d6c81995899d53468dd6e, | processed:768x1024
inaturalist_61395_164722535_285042308,data/processed/sano/inaturalist_61395_164722535_285042308.jpg,sano,inaturalist,https://inaturalist-open-data.s3.amazonaws.com/photos/285042308/original.jpeg,61395:164722535:285042308,CC-BY-NC-4.0,"(c) Ben Kinsley, some rights reserved (CC BY-NC)",2023-05-30,2026-05-10T03:30:12Z,1536x2048,55e9dd113a8d31a0ad61112148027c0d, | processed:768x1024
inaturalist_61395_164722535_285042686,data/processed/sano/inaturalist_61395_164722535_285042686.jpg,sano,inaturalist,https://inaturalist-open-data.s3.amazonaws.com/photos/285042686/original.jpeg,61395:164722535:285042686,CC-BY-NC-4.0,"(c) Ben Kinsley, some rights reserved (CC BY-NC)",2023-05-30,2026-05-10T03:30:13Z,1536x2048,cdbf888e9eb5419ac258f4ab8615b1b7, | processed:768x1024
inaturalist_61395_155513711_268823916,data/processed/sano/inaturalist_61395_155513711_268823916.jpg,sano,inaturalist,https://inaturalist-open-data.s3.amazonaws.com/photos/268823916/original.jpg,61395:155513711:268823916,CC-BY-NC-4.0,"(c) denaita, some rights reserved (CC BY-NC)",2022-05-31,2026-05-10T03:30:17Z,1152x2048,9621c13e9f6be06345aaaf90244b25ad, | processed:576x1024
inaturalist_61395_143381326_245887968,data/processed/sano/inaturalist_61395_143381326_245887968.jpg,sano,inaturalist,https://inaturalist-open-data.s3.amazonaws.com/photos/245887968/original.jpg,61395:143381326:245887968,CC-BY-NC-4.0,"(c) dmartinez_, some rights reserved (CC BY-NC)",2022-11-30,2026-05-10T03:30:21Z,1536x2048,52e84bf669a2e04cb2e738513b91bec6, | processed:768x1024
inaturalist_61395_143381326_245887953,data/processed/sano/inaturalist_61395_143381326_245887953.jpg,sano,inaturalist,https://inaturalist-open-data.s3.amazonaws.com/photos/245887953/original.jpg,61395:143381326:245887953,CC-BY-NC-4.0,"(c) dmartinez_, some rights reserved (CC BY-NC)",2022-11-30,2026-05-10T03:30:22Z,1536x2048,cf4e7ef0aa75560802b4c03c31f9ad69, | processed:768x1024
inaturalist_61395_143381326_245887987,data/processed/sano/inaturalist_61395_143381326_245887987.jpg,sano,inaturalist,https://inaturalist-open-data.s3.amazonaws.com/photos/245887987/original.jpg,61395:143381326:245887987,CC-BY-NC-4.0,"(c) dmartinez_, some rights reserved (CC BY-NC)",2022-11-30,2026-05-10T03:30:23Z,1536x2048,600f7a8cf64f3c4d76a178c30645f656, | processed:768x1024
inaturalist_61395_143381326_245888007,data/processed/sano/inaturalist_61395_143381326_245888007.jpg,sano,inaturalist,https://inaturalist-open-data.s3.amazonaws.com/photos/245888007/original.jpg,61395:143381326:245888007,CC-BY-NC-4.0,"(c) dmartinez_, some rights reserved (CC BY-NC)",2022-11-30,2026-05-10T03:30:24Z,1536x2048,d403bcfed6f0eeda43b426a53fb9eb32, | processed:768x1024
inaturalist_61395_143375952_245878716,data/processed/sano/inaturalist_61395_143375952_245878716.jpg,sano,inaturalist,https://inaturalist-open-data.s3.amazonaws.com/photos/245878716/original.jpg,61395:143375952:245878716,CC-BY-NC-4.0,"(c) Isa, some rights reserved (CC BY-NC)",2022-11-29,2026-05-10T03:30:25Z,1536x2048,29515f7fdb9cbb805e89adb4bcd75dbc, | processed:768x1024
inaturalist_61395_143375952_245878725,data/processed/sano/inaturalist_61395_143375952_245878725.jpg,sano,inaturalist,https://inaturalist-open-data.s3.amazonaws.com/photos/245878725/original.jpg,61395:143375952:245878725,CC-BY-NC-4.0,"(c) Isa, some rights reserved (CC BY-NC)",2022-11-29,2026-05-10T03:30:26Z,1536x2048,fe080c0739c73fc033fee5e3bc99c891, | processed:768x1024
inaturalist_61395_142731256_244756361,data/processed/sano/inaturalist_61395_142731256_244756361.jpg,sano,inaturalist,https://inaturalist-open-data.s3.amazonaws.com/photos/244756361/original.jpeg,61395:142731256:244756361,CC-BY-NC-4.0,"(c) Momčilo Daljev, some rights reserved (CC BY-NC)",2022-11-24,2026-05-10T03:30:27Z,1536x2048,0bc381577faa8f7e456a4abb6e7826e5, | processed:768x1024
inaturalist_61395_142731256_244756369,data/processed/sano/inaturalist_61395_142731256_244756369.jpg,sano,inaturalist,https://inaturalist-open-data.s3.amazonaws.com/photos/244756369/original.jpeg,61395:142731256:244756369,CC-BY-NC-4.0,"(c) Momčilo Daljev, some rights reserved (CC BY-NC)",2022-11-24,2026-05-10T03:30:28Z,1536x2048,653ddd83926ad082ac5cc4a54aef0b85, | processed:768x1024
inaturalist_61395_142597155_244499692,data/processed/sano/inaturalist_61395_142597155_244499692.jpg,sano,inaturalist,https://inaturalist-open-data.s3.amazonaws.com/photos/244499692/original.jpeg,61395:142597155:244499692,CC-BY-NC-4.0,"(c) giusi_co, some rights reserved (CC BY-NC)",2022-11-21,2026-05-10T03:30:29Z,1536x2048,fc67edf775fcd3470af8705a4decb29d, | processed:768x1024
inaturalist_61395_142597155_244499705,data/processed/sano/inaturalist_61395_142597155_244499705.jpg,sano,inaturalist,https://inaturalist-open-data.s3.amazonaws.com/photos/244499705/original.jpeg,61395:142597155:244499705,CC-BY-NC-4.0,"(c) giusi_co, some rights reserved (CC BY-NC)",2022-11-21,2026-05-10T03:30:30Z,1536x2048,e6d96c7f3b7832dcafe1a15138c931ef, | processed:768x1024
inaturalist_61395_130404898_221766450,data/processed/sano/inaturalist_61395_130404898_221766450.jpg,sano,inaturalist,https://inaturalist-open-data.s3.amazonaws.com/photos/221766450/original.jpeg,61395:130404898:221766450,CC-BY-NC-4.0,"(c) James Chelin, some rights reserved (CC BY-NC)",2022-06-10,2026-05-10T03:30:37Z,2048x1542,45ac3463d8e74e81bbb7c203b028be94, | processed:1024x771
inaturalist_61395_130404898_250882375,data/processed/sano/inaturalist_61395_130404898_250882375.jpg,sano,inaturalist,https://inaturalist-open-data.s3.amazonaws.com/photos/250882375/original.jpg,61395:130404898:250882375,CC-BY-NC-4.0,"(c) James Chelin, some rights reserved (CC BY-NC)",2022-06-10,2026-05-10T03:30:38Z,2048x1542,35a0540ba34cf239a8f602915c78f423, | processed:1024x771
inaturalist_61395_130404898_250898142,data/processed/sano/inaturalist_61395_130404898_250898142.jpg,sano,inaturalist,https://inaturalist-open-data.s3.amazonaws.com/photos/250898142/original.jpg,61395:130404898:250898142,CC-BY-NC-4.0,"(c) James Chelin, some rights reserved (CC BY-NC)",2022-06-10,2026-05-10T03:30:39Z,1024x771,f345fe0338ad2f2900892d13baf4f38a, | processed:1024x771
inaturalist_61395_130404898_250898274,data/processed/sano/inaturalist_61395_130404898_250898274.jpg,sano,inaturalist,https://inaturalist-open-data.s3.amazonaws.com/photos/250898274/original.jpg,61395:130404898:250898274,CC-BY-NC-4.0,"(c) James Chelin, some rights reserved (CC BY-NC)",2022-06-10,2026-05-10T03:30:40Z,1024x771,588a921fb196f262f96e53b8d76ef7ac, | processed:1024x771
inaturalist_61395_118926796_200989267,data/processed/sano/inaturalist_61395_118926796_200989267.jpg,sano,inaturalist,https://inaturalist-open-data.s3.amazonaws.com/photos/200989267/original.jpeg,61395:118926796:200989267,CC-BY-NC-4.0,"(c) Scott Ostuni, some rights reserved (CC BY-NC)",2022-05-25,2026-05-10T03:30:42Z,2048x1362,cb03d3882da8cafbd1f5037f620c7720, | processed:1024x681
inaturalist_61395_118926796_200989307,data/processed/sano/inaturalist_61395_118926796_200989307.jpg,sano,inaturalist,https://inaturalist-open-data.s3.amazonaws.com/photos/200989307/original.jpg,61395:118926796:200989307,CC-BY-NC-4.0,"(c) Scott Ostuni, some rights reserved (CC BY-NC)",2022-05-25,2026-05-10T03:30:43Z,2048x1536,6762de2fb75d59e17a3e6015db3ef235, | processed:1024x768
inaturalist_61395_118926796_353352370,data/processed/sano/inaturalist_61395_118926796_353352370.jpg,sano,inaturalist,https://inaturalist-open-data.s3.amazonaws.com/photos/353352370/original.jpg,61395:118926796:353352370,CC-BY-NC-4.0,"(c) Scott Ostuni, some rights reserved (CC BY-NC)",2022-05-25,2026-05-10T03:30:44Z,2048x1542,0c3db964c69b01542e28d7f40eb659e4, | processed:1024x771
inaturalist_61395_102626770_171596786,data/processed/sano/inaturalist_61395_102626770_171596786.jpg,sano,inaturalist,https://inaturalist-open-data.s3.amazonaws.com/photos/171596786/original.jpeg,61395:102626770:171596786,CC-BY-NC-4.0,"(c) wisegal, some rights reserved (CC BY-NC)",2021-12-06,2026-05-10T03:30:45Z,1666x1657,26b62b936ed5efddf653dd2371390ef3, | processed:1024x1018
inaturalist_61395_102438940_171237912,data/processed/sano/inaturalist_61395_102438940_171237912.jpg,sano,inaturalist,https://inaturalist-open-data.s3.amazonaws.com/photos/171237912/original.jpg,61395:102438940:171237912,CC-BY-NC-4.0,"(c) wesawthis, some rights reserved (CC BY-NC)",2021-12-03,2026-05-10T03:30:46Z,1536x2048,9d5788c7e52be4cb5a015e81fb8a5cd8, | processed:768x1024
inaturalist_61395_102438940_171237917,data/processed/sano/inaturalist_61395_102438940_171237917.jpg,sano,inaturalist,https://inaturalist-open-data.s3.amazonaws.com/photos/171237917/original.jpg,61395:102438940:171237917,CC-BY-NC-4.0,"(c) wesawthis, some rights reserved (CC BY-NC)",2021-12-03,2026-05-10T03:30:47Z,1536x2048,59db85e5b3098dd7ed5715394cfe75f9, | processed:768x1024
inaturalist_61395_97688623_162503382,data/processed/sano/inaturalist_61395_97688623_162503382.jpg,sano,inaturalist,https://inaturalist-open-data.s3.amazonaws.com/photos/162503382/original.jpeg,61395:97688623:162503382,CC-BY-NC-4.0,"(c) Cody, some rights reserved (CC BY-NC)",2021-10-09,2026-05-10T03:30:50Z,1536x2048,b6b6fe63b4dd660d6b518284c6654001, | processed:768x1024
inaturalist_61395_97688623_162503412,data/processed/sano/inaturalist_61395_97688623_162503412.jpg,sano,inaturalist,https://inaturalist-open-data.s3.amazonaws.com/photos/162503412/original.jpeg,61395:97688623:162503412,CC-BY-NC-4.0,"(c) Cody, some rights reserved (CC BY-NC)",2021-10-09,2026-05-10T03:30:51Z,1536x2048,ed2ace6e2575f8cc7edad94bbe3e0630, | processed:768x1024
inaturalist_61395_97688623_162503432,data/processed/sano/inaturalist_61395_97688623_162503432.jpg,sano,inaturalist,https://inaturalist-open-data.s3.amazonaws.com/photos/162503432/original.jpeg,61395:97688623:162503432,CC-BY-NC-4.0,"(c) Cody, some rights reserved (CC BY-NC)",2021-10-09,2026-05-10T03:30:52Z,1536x2048,f5c11b0fc82d06a4d0cd2f8ef0d0c97c, | processed:768x1024
inaturalist_61395_97688623_162503446,data/processed/sano/inaturalist_61395_97688623_162503446.jpg,sano,inaturalist,https://inaturalist-open-data.s3.amazonaws.com/photos/162503446/original.jpeg,61395:97688623:162503446,CC-BY-NC-4.0,"(c) Cody, some rights reserved (CC BY-NC)",2021-10-09,2026-05-10T03:30:53Z,1536x2048,72e0de80310427973a31a7d5de67a05b, | processed:768x1024
inaturalist_61395_97688623_162503480,data/processed/sano/inaturalist_61395_97688623_162503480.jpg,sano,inaturalist,https://inaturalist-open-data.s3.amazonaws.com/photos/162503480/original.jpeg,61395:97688623:162503480,CC-BY-NC-4.0,"(c) Cody, some rights reserved (CC BY-NC)",2021-10-09,2026-05-10T03:30:54Z,1536x2048,68481a6d092d9ee252aa07e3ff3189e9, | processed:768x1024
inaturalist_61395_97688623_162503500,data/processed/sano/inaturalist_61395_97688623_162503500.jpg,sano,inaturalist,https://inaturalist-open-data.s3.amazonaws.com/photos/162503500/original.jpeg,61395:97688623:162503500,CC-BY-NC-4.0,"(c) Cody, some rights reserved (CC BY-NC)",2021-10-09,2026-05-10T03:30:55Z,1536x2048,7ab6e130b5fe97e26c79f111ab1fa0be, | processed:768x1024
inaturalist_61395_97688623_162503538,data/processed/sano/inaturalist_61395_97688623_162503538.jpg,sano,inaturalist,https://inaturalist-open-data.s3.amazonaws.com/photos/162503538/original.jpeg,61395:97688623:162503538,CC-BY-NC-4.0,"(c) Cody, some rights reserved (CC BY-NC)",2021-10-09,2026-05-10T03:30:56Z,1536x2048,42a46e19ef233332259dc5dfb09bf002, | processed:768x1024
inaturalist_61395_97688623_162503573,data/processed/sano/inaturalist_61395_97688623_162503573.jpg,sano,inaturalist,https://inaturalist-open-data.s3.amazonaws.com/photos/162503573/original.jpeg,61395:97688623:162503573,CC-BY-NC-4.0,"(c) Cody, some rights reserved (CC BY-NC)",2021-10-09,2026-05-10T03:30:57Z,1536x2048,3acd242f7ed717d3eb3ff2c1bc1eef01, | processed:768x1024
inaturalist_61395_97688623_162503602,data/processed/sano/inaturalist_61395_97688623_162503602.jpg,sano,inaturalist,https://inaturalist-open-data.s3.amazonaws.com/photos/162503602/original.jpeg,61395:97688623:162503602,CC-BY-NC-4.0,"(c) Cody, some rights reserved (CC BY-NC)",2021-10-09,2026-05-10T03:30:58Z,1536x2048,6c297f170ae02bca278113274f28baa7, | processed:768x1024
inaturalist_61395_97688623_162503627,data/processed/sano/inaturalist_61395_97688623_162503627.jpg,sano,inaturalist,https://inaturalist-open-data.s3.amazonaws.com/photos/162503627/original.jpeg,61395:97688623:162503627,CC-BY-NC-4.0,"(c) Cody, some rights reserved (CC BY-NC)",2021-10-09,2026-05-10T03:30:59Z,1536x2048,d5ada66b7d2ce02645b1f525abfccb72, | processed:768x1024
inaturalist_61395_97688623_162503648,data/processed/sano/inaturalist_61395_97688623_162503648.jpg,sano,inaturalist,https://inaturalist-open-data.s3.amazonaws.com/photos/162503648/original.jpeg,61395:97688623:162503648,CC-BY-NC-4.0,"(c) Cody, some rights reserved (CC BY-NC)",2021-10-09,2026-05-10T03:31:00Z,1536x2048,82c939db872bc9b989945fd8377a366c, | processed:768x1024
inaturalist_61395_97491055_162145253,data/processed/sano/inaturalist_61395_97491055_162145253.jpg,sano,inaturalist,https://inaturalist-open-data.s3.amazonaws.com/photos/162145253/original.png,61395:97491055:162145253,CC-BY-NC-4.0,"(c) lilliwolfart, some rights reserved (CC BY-NC)",2021-10-06,2026-05-10T03:31:01Z,630x604,3f50037d75e1e6b1b12ece62c23e7823, | processed:630x604
inaturalist_61395_96486888_160302748,data/processed/sano/inaturalist_61395_96486888_160302748.jpg,sano,inaturalist,https://inaturalist-open-data.s3.amazonaws.com/photos/160302748/original.jpeg,61395:96486888:160302748,CC-BY-NC-4.0,"(c) kalynbondy, some rights reserved (CC BY-NC)",2021-09-17,2026-05-10T03:31:02Z,1536x2048,5442eacdb14a215ff91eb320c0762451, | processed:768x1024
inaturalist_61395_96486888_160302764,data/processed/sano/inaturalist_61395_96486888_160302764.jpg,sano,inaturalist,https://inaturalist-open-data.s3.amazonaws.com/photos/160302764/original.jpeg,61395:96486888:160302764,CC-BY-NC-4.0,"(c) kalynbondy, some rights reserved (CC BY-NC)",2021-09-17,2026-05-10T03:31:03Z,1536x2048,e90b22393f1afa56f01045e507810788, | processed:768x1024
inaturalist_61395_96486888_160302780,data/processed/sano/inaturalist_61395_96486888_160302780.jpg,sano,inaturalist,https://inaturalist-open-data.s3.amazonaws.com/photos/160302780/original.jpeg,61395:96486888:160302780,CC-BY-NC-4.0,"(c) kalynbondy, some rights reserved (CC BY-NC)",2021-09-17,2026-05-10T03:31:04Z,1536x2048,ef919b11be8d0b0ce0726ef5857400f1, | processed:768x1024
inaturalist_61395_83946937_137917439,data/processed/sano/inaturalist_61395_83946937_137917439.jpg,sano,inaturalist,https://inaturalist-open-data.s3.amazonaws.com/photos/137917439/original.jpeg,61395:83946937:137917439,CC-BY-NC-4.0,"(c) holladehuedii, some rights reserved (CC BY-NC)",2021-06-21,2026-05-10T03:31:09Z,1153x2048,1e424e7478f25b50384ca4660916488b, | processed:576x1024
inaturalist_61395_82695083_135747226,data/processed/sano/inaturalist_61395_82695083_135747226.jpg,sano,inaturalist,https://inaturalist-open-data.s3.amazonaws.com/photos/135747226/original.jpeg,61395:82695083:135747226,CC-BY-NC-4.0,"(c) Марина, some rights reserved (CC BY-NC)",2021-06-12,2026-05-10T03:31:10Z,1536x2048,79d28d3ad6f4c1723e67bea6334fd1fa, | processed:768x1024
inaturalist_61395_60045985_95987722,data/processed/sano/inaturalist_61395_60045985_95987722.jpg,sano,inaturalist,https://inaturalist-open-data.s3.amazonaws.com/photos/95987722/original.jpeg,61395:60045985:95987722,CC-BY-NC-4.0,"(c) John Plischke, some rights reserved (CC BY-NC)",2004-01-17,2026-05-10T03:31:14Z,2048x1356,0c132d434d4cea47a47c5594b669dd66, | processed:1024x678
inaturalist_61395_60009374_95923690,data/processed/sano/inaturalist_61395_60009374_95923690.jpg,sano,inaturalist,https://inaturalist-open-data.s3.amazonaws.com/photos/95923690/original.jpg,61395:60009374:95923690,CC-BY-NC-4.0,"(c) adityaambole, some rights reserved (CC BY-NC)",2020-09-18,2026-05-10T03:31:15Z,1536x2048,48333f43a73f25c4d9c6124a54973114, | processed:768x1024
inaturalist_61395_60009374_95970501,data/processed/sano/inaturalist_61395_60009374_95970501.jpg,sano,inaturalist,https://inaturalist-open-data.s3.amazonaws.com/photos/95970501/original.jpg,61395:60009374:95970501,CC-BY-NC-4.0,"(c) adityaambole, some rights reserved (CC BY-NC)",2020-09-18,2026-05-10T03:31:16Z,1536x2048,6ab3785bcf709a1334aa48560fa0543b, | processed:768x1024
inaturalist_61395_60009374_95970468,data/processed/sano/inaturalist_61395_60009374_95970468.jpg,sano,inaturalist,https://inaturalist-open-data.s3.amazonaws.com/photos/95970468/original.jpg,61395:60009374:95970468,CC-BY-NC-4.0,"(c) adityaambole, some rights reserved (CC BY-NC)",2020-09-18,2026-05-10T03:31:17Z,1536x2048,86201f70bd2fbefdda5716f5b2a2c77e, | processed:768x1024
inaturalist_61395_58761452_93826122,data/processed/sano/inaturalist_61395_58761452_93826122.jpg,sano,inaturalist,https://inaturalist-open-data.s3.amazonaws.com/photos/93826122/original.jpg,61395:58761452:93826122,CC-BY-NC-4.0,"(c) Maria, some rights reserved (CC BY-NC)",2013-07-26,2026-05-10T03:31:18Z,2048x1536,addad8db99e76380bd7f78d41c290493, | processed:1024x768
inaturalist_61395_47560594_75434825,data/processed/sano/inaturalist_61395_47560594_75434825.jpg,sano,inaturalist,https://inaturalist-open-data.s3.amazonaws.com/photos/75434825/original.jpg,61395:47560594:75434825,CC-BY-NC-4.0,"(c) haydenhuck, some rights reserved (CC BY-NC)",2020-05-27,2026-05-10T03:31:22Z,1536x2048,15a6c98ec23b4a85b96886fde6e5cebd, | processed:768x1024
inaturalist_61395_25786557_39977191,data/processed/sano/inaturalist_61395_25786557_39977191.jpg,sano,inaturalist,https://inaturalist-open-data.s3.amazonaws.com/photos/39977191/original.jpeg,61395:25786557:39977191,CC-BY-NC-4.0,"(c) ruslan, some rights reserved (CC BY-NC)",2019-05-26,2026-05-10T03:31:25Z,2048x1536,50309f12967aa07e7569b0ba0462fc64, | processed:1024x768
inaturalist_61395_25786557_39977209,data/processed/sano/inaturalist_61395_25786557_39977209.jpg,sano,inaturalist,https://inaturalist-open-data.s3.amazonaws.com/photos/39977209/original.jpeg,61395:25786557:39977209,CC-BY-NC-4.0,"(c) ruslan, some rights reserved (CC BY-NC)",2019-05-26,2026-05-10T03:31:26Z,2048x1536,c5eab796855dd85a07ea614304941066, | processed:1024x768
inaturalist_61395_24766163_38300726,data/processed/sano/inaturalist_61395_24766163_38300726.jpg,sano,inaturalist,https://inaturalist-open-data.s3.amazonaws.com/photos/38300726/original.jpeg,61395:24766163:38300726,CC-BY-4.0,"(c) Елена Кизилова, some rights reserved (CC BY)",2018-06-09,2026-05-10T03:31:27Z,2048x1151,2a881a93828ffe65dbdbfcb759a024c3, | processed:1024x576
inaturalist_61395_24766163_38300979,data/processed/sano/inaturalist_61395_24766163_38300979.jpg,sano,inaturalist,https://inaturalist-open-data.s3.amazonaws.com/photos/38300979/original.jpeg,61395:24766163:38300979,CC-BY-4.0,"(c) Елена Кизилова, some rights reserved (CC BY)",2018-06-09,2026-05-10T03:31:28Z,2048x1151,d87c1693cf6e2133a71f41811f16e2aa, | processed:1024x576
inaturalist_61395_24766163_38300992,data/processed/sano/inaturalist_61395_24766163_38300992.jpg,sano,inaturalist,https://inaturalist-open-data.s3.amazonaws.com/photos/38300992/original.jpeg,61395:24766163:38300992,CC-BY-4.0,"(c) Елена Кизилова, some rights reserved (CC BY)",2018-06-09,2026-05-10T03:31:29Z,2048x1151,b92c5659c92b25bfd32219ed923ff9da, | processed:1024x576
inaturalist_61395_22878776_35463204,data/processed/sano/inaturalist_61395_22878776_35463204.jpg,sano,inaturalist,https://inaturalist-open-data.s3.amazonaws.com/photos/35463204/original.jpg,61395:22878776:35463204,CC-BY-NC-4.0,"(c) cubrod_yashoda_baraily, some rights reserved (CC BY-NC)",2019-04-22,2026-05-10T03:31:30Z,1536x2048,54b7935610c9d28cc1bf1715e0a2a2a4, | processed:768x1024
inaturalist_61395_20794329_32153491,data/processed/sano/inaturalist_61395_20794329_32153491.jpg,sano,inaturalist,https://inaturalist-open-data.s3.amazonaws.com/photos/32153491/original.jpg,61395:20794329:32153491,CC-BY-NC-4.0,"(c) Christian Schwarz, some rights reserved (CC BY-NC)",2019-02-26,2026-05-10T03:31:31Z,2048x1536,539a393000b6c6b4ad03a7b312be3cfc, | processed:1024x768
inaturalist_61395_20794329_32153471,data/processed/sano/inaturalist_61395_20794329_32153471.jpg,sano,inaturalist,https://inaturalist-open-data.s3.amazonaws.com/photos/32153471/original.jpg,61395:20794329:32153471,CC-BY-NC-4.0,"(c) Christian Schwarz, some rights reserved (CC BY-NC)",2019-02-26,2026-05-10T03:31:32Z,2048x1536,9a3f28bcd12f7be6974862097761b4dc, | processed:1024x768
inaturalist_61395_20774696_32037713,data/processed/sano/inaturalist_61395_20774696_32037713.jpg,sano,inaturalist,https://inaturalist-open-data.s3.amazonaws.com/photos/32037713/original.jpg,61395:20774696:32037713,CC-BY-NC-4.0,"(c) Christian Schwarz, some rights reserved (CC BY-NC)",2019-02-25,2026-05-10T03:31:33Z,2048x1536,9e1797fb23aea8649e246e08257054ad, | processed:1024x768
inaturalist_61395_20774696_32037681,data/processed/sano/inaturalist_61395_20774696_32037681.jpg,sano,inaturalist,https://inaturalist-open-data.s3.amazonaws.com/photos/32037681/original.jpg,61395:20774696:32037681,CC-BY-NC-4.0,"(c) Christian Schwarz, some rights reserved (CC BY-NC)",2019-02-25,2026-05-10T03:31:34Z,2048x1536,6a4ee4bd437a8f36342e1405d8110d75, | processed:1024x768
inaturalist_61395_20774696_32037926,data/processed/sano/inaturalist_61395_20774696_32037926.jpg,sano,inaturalist,https://inaturalist-open-data.s3.amazonaws.com/photos/32037926/original.jpg,61395:20774696:32037926,CC-BY-NC-4.0,"(c) Christian Schwarz, some rights reserved (CC BY-NC)",2019-02-25,2026-05-10T03:31:35Z,2048x1536,e70892b8575177189e0d245a65f10901, | processed:1024x768
inaturalist_61395_20774649_70456470,data/processed/sano/inaturalist_61395_20774649_70456470.jpg,sano,inaturalist,https://inaturalist-open-data.s3.amazonaws.com/photos/70456470/original.jpg,61395:20774649:70456470,CC-BY-NC-4.0,"(c) Christian Schwarz, some rights reserved (CC BY-NC)",2019-02-25,2026-05-10T03:31:36Z,2048x1357,e00874506ea0b7dd5d47f5eeb6cdafd2, | processed:1024x678
inaturalist_61395_20774649_32037586,data/processed/sano/inaturalist_61395_20774649_32037586.jpg,sano,inaturalist,https://inaturalist-open-data.s3.amazonaws.com/photos/32037586/original.jpg,61395:20774649:32037586,CC-BY-NC-4.0,"(c) Christian Schwarz, some rights reserved (CC BY-NC)",2019-02-25,2026-05-10T03:31:37Z,2048x1535,943c132c5e1fbb13231225c9f43a44fc, | processed:1024x768
inaturalist_61395_20774649_32037627,data/processed/sano/inaturalist_61395_20774649_32037627.jpg,sano,inaturalist,https://inaturalist-open-data.s3.amazonaws.com/photos/32037627/original.jpg,61395:20774649:32037627,CC-BY-NC-4.0,"(c) Christian Schwarz, some rights reserved (CC BY-NC)",2019-02-25,2026-05-10T03:31:38Z,1536x2048,3f82c5fd0746a0bec1b6c955208731bb, | processed:768x1024
inaturalist_61395_20774649_32037571,data/processed/sano/inaturalist_61395_20774649_32037571.jpg,sano,inaturalist,https://inaturalist-open-data.s3.amazonaws.com/photos/32037571/original.jpg,61395:20774649:32037571,CC-BY-NC-4.0,"(c) Christian Schwarz, some rights reserved (CC BY-NC)",2019-02-25,2026-05-10T03:31:39Z,1536x2048,aab26d69e6623e8d56004f3583d4e5ac, | processed:768x1024
inaturalist_61395_20773220_32035082,data/processed/sano/inaturalist_61395_20773220_32035082.jpg,sano,inaturalist,https://inaturalist-open-data.s3.amazonaws.com/photos/32035082/original.jpg,61395:20773220:32035082,CC-BY-4.0,"(c) Adam J. Searcy, some rights reserved (CC BY)",2019-02-25,2026-05-10T03:31:40Z,2048x1454,1663080ae025ac49be0ad2013fb93feb, | processed:1024x727
inaturalist_61395_20773220_32035053,data/processed/sano/inaturalist_61395_20773220_32035053.jpg,sano,inaturalist,https://inaturalist-open-data.s3.amazonaws.com/photos/32035053/original.jpg,61395:20773220:32035053,CC-BY-4.0,"(c) Adam J. Searcy, some rights reserved (CC BY)",2019-02-25,2026-05-10T03:31:41Z,2048x1215,13029bc53dcb3cca4537a97b3986914d, | processed:1024x608
inaturalist_61395_20773199_32035035,data/processed/sano/inaturalist_61395_20773199_32035035.jpg,sano,inaturalist,https://inaturalist-open-data.s3.amazonaws.com/photos/32035035/original.jpg,61395:20773199:32035035,CC-BY-4.0,"(c) Adam J. Searcy, some rights reserved (CC BY)",2019-02-25,2026-05-10T03:31:42Z,2048x1534,3d982e14a0ab382f36a7902ea468280b, | processed:1024x767
inaturalist_61395_20773199_32034996,data/processed/sano/inaturalist_61395_20773199_32034996.jpg,sano,inaturalist,https://inaturalist-open-data.s3.amazonaws.com/photos/32034996/original.jpg,61395:20773199:32034996,CC-BY-4.0,"(c) Adam J. Searcy, some rights reserved (CC BY)",2019-02-25,2026-05-10T03:31:43Z,1536x2048,cc303634a64e9e1d0a03348c0f442d66, | processed:768x1024
inaturalist_61395_10709208_14958476,data/processed/sano/inaturalist_61395_10709208_14958476.jpg,sano,inaturalist,https://inaturalist-open-data.s3.amazonaws.com/photos/14958476/original.jpeg,61395:10709208:14958476,CC-BY-NC-4.0,"(c) pearubu, some rights reserved (CC BY-NC)",2018-03-20,2026-05-10T03:31:44Z,2048x1536,d8b87e70f31ddf3e487672a13353f48c, | processed:1024x768
inaturalist_61395_5229697_6464471,data/processed/sano/inaturalist_61395_5229697_6464471.jpg,sano,inaturalist,https://inaturalist-open-data.s3.amazonaws.com/photos/6464471/original.jpeg,61395:5229697:6464471,CC-BY-4.0,"(c) Alan Rockefeller, some rights reserved (CC BY)",2017-02-25,2026-05-10T03:31:47Z,2048x1367,48b30974cbfb0cab857ced4fb75085d8, | processed:1024x684
inaturalist_61395_5229697_6464472,data/processed/sano/inaturalist_61395_5229697_6464472.jpg,sano,inaturalist,https://inaturalist-open-data.s3.amazonaws.com/photos/6464472/original.jpeg,61395:5229697:6464472,CC-BY-4.0,"(c) Alan Rockefeller, some rights reserved (CC BY)",2017-02-25,2026-05-10T03:31:48Z,2048x1367,87fc055734037c7726fd854e06ac80ea, | processed:1024x684
inaturalist_61395_5229697_6464473,data/processed/sano/inaturalist_61395_5229697_6464473.jpg,sano,inaturalist,https://inaturalist-open-data.s3.amazonaws.com/photos/6464473/original.jpeg,61395:5229697:6464473,CC-BY-4.0,"(c) Alan Rockefeller, some rights reserved (CC BY)",2017-02-25,2026-05-10T03:31:49Z,2048x1367,4517c104f27cb1522520644badf3dbc4, | processed:1024x684
inaturalist_61395_5229697_6464474,data/processed/sano/inaturalist_61395_5229697_6464474.jpg,sano,inaturalist,https://inaturalist-open-data.s3.amazonaws.com/photos/6464474/original.jpeg,61395:5229697:6464474,CC-BY-4.0,"(c) Alan Rockefeller, some rights reserved (CC BY)",2017-02-25,2026-05-10T03:31:50Z,2048x1367,7edacf52f034ed041836e36b42507b58, | processed:1024x684
inaturalist_61395_5229697_6464475,data/processed/sano/inaturalist_61395_5229697_6464475.jpg,sano,inaturalist,https://inaturalist-open-data.s3.amazonaws.com/photos/6464475/original.jpeg,61395:5229697:6464475,CC-BY-4.0,"(c) Alan Rockefeller, some rights reserved (CC BY)",2017-02-25,2026-05-10T03:31:51Z,2048x1363,f4096146f5b4ef5207bb4f2c81b644d6, | processed:1024x682
inaturalist_61395_5229697_6464476,data/processed/sano/inaturalist_61395_5229697_6464476.jpg,sano,inaturalist,https://inaturalist-open-data.s3.amazonaws.com/photos/6464476/original.jpeg,61395:5229697:6464476,CC-BY-4.0,"(c) Alan Rockefeller, some rights reserved (CC BY)",2017-02-25,2026-05-10T03:31:52Z,1365x2048,c0026c2561c2b6f6cbfcec07cfb0e48b, | processed:682x1024
inaturalist_61395_5229697_6464477,data/processed/sano/inaturalist_61395_5229697_6464477.jpg,sano,inaturalist,https://inaturalist-open-data.s3.amazonaws.com/photos/6464477/original.jpeg,61395:5229697:6464477,CC-BY-4.0,"(c) Alan Rockefeller, some rights reserved (CC BY)",2017-02-25,2026-05-10T03:31:53Z,2048x1365,91a3b25b0fee0c5030040d73da343a7b, | processed:1024x682
inaturalist_61395_5229697_6464479,data/processed/sano/inaturalist_61395_5229697_6464479.jpg,sano,inaturalist,https://inaturalist-open-data.s3.amazonaws.com/photos/6464479/original.jpeg,61395:5229697:6464479,CC-BY-4.0,"(c) Alan Rockefeller, some rights reserved (CC BY)",2017-02-25,2026-05-10T03:31:54Z,2048x1365,a1d9ea504ade2f92604c25266ed7285a, | processed:1024x682
inaturalist_61395_5229697_6464480,data/processed/sano/inaturalist_61395_5229697_6464480.jpg,sano,inaturalist,https://inaturalist-open-data.s3.amazonaws.com/photos/6464480/original.jpeg,61395:5229697:6464480,CC-BY-4.0,"(c) Alan Rockefeller, some rights reserved (CC BY)",2017-02-25,2026-05-10T03:31:55Z,2048x1365,ad971731d6ac21971d0f7be600869ed4, | processed:1024x682
inaturalist_61395_5229697_6464481,data/processed/sano/inaturalist_61395_5229697_6464481.jpg,sano,inaturalist,https://inaturalist-open-data.s3.amazonaws.com/photos/6464481/original.jpeg,61395:5229697:6464481,CC-BY-4.0,"(c) Alan Rockefeller, some rights reserved (CC BY)",2017-02-25,2026-05-10T03:31:56Z,2048x1366,11bcea3e6e8bf80737329b188862f0dc, | processed:1024x683
inaturalist_61395_5166780_6369705,data/processed/sano/inaturalist_61395_5166780_6369705.jpg,sano,inaturalist,https://inaturalist-open-data.s3.amazonaws.com/photos/6369705/original.jpeg,61395:5166780:6369705,CC-BY-4.0,"(c) Alan Rockefeller, some rights reserved (CC BY)",2017-01-29,2026-05-10T03:31:57Z,2048x1367,2743f7048c7d84aef3389eadd7b0e1ab, | processed:1024x684
inaturalist_61395_5166780_6369706,data/processed/sano/inaturalist_61395_5166780_6369706.jpg,sano,inaturalist,https://inaturalist-open-data.s3.amazonaws.com/photos/6369706/original.jpeg,61395:5166780:6369706,CC-BY-4.0,"(c) Alan Rockefeller, some rights reserved (CC BY)",2017-01-29,2026-05-10T03:31:58Z,2048x1367,daebc5d0e4a40c9789a125836c523955, | processed:1024x684
inaturalist_61395_5166780_6369708,data/processed/sano/inaturalist_61395_5166780_6369708.jpg,sano,inaturalist,https://inaturalist-open-data.s3.amazonaws.com/photos/6369708/original.jpeg,61395:5166780:6369708,CC-BY-4.0,"(c) Alan Rockefeller, some rights reserved (CC BY)",2017-01-29,2026-05-10T03:32:00Z,2048x1367,69abd939a19e5c2c687d411e1bf6853f, | processed:1024x684
inaturalist_61395_4736537_5728964,data/processed/sano/inaturalist_61395_4736537_5728964.jpg,sano,inaturalist,https://inaturalist-open-data.s3.amazonaws.com/photos/5728964/original.jpeg,61395:4736537:5728964,CC-BY-4.0,"(c) Alan Rockefeller, some rights reserved (CC BY)",2011-01-16,2026-05-10T03:32:02Z,2048x1141,98e6ccfb82040ecc03b5bf510d58a42d, | processed:1024x570
inaturalist_61395_4736537_5728965,data/processed/sano/inaturalist_61395_4736537_5728965.jpg,sano,inaturalist,https://inaturalist-open-data.s3.amazonaws.com/photos/5728965/original.jpeg,61395:4736537:5728965,CC-BY-4.0,"(c) Alan Rockefeller, some rights reserved (CC BY)",2011-01-16,2026-05-10T03:32:03Z,2048x1365,00af8b9480816f561134f0e6e486b9d7, | processed:1024x682
inaturalist_61395_4736537_5728966,data/processed/sano/inaturalist_61395_4736537_5728966.jpg,sano,inaturalist,https://inaturalist-open-data.s3.amazonaws.com/photos/5728966/original.jpeg,61395:4736537:5728966,CC-BY-4.0,"(c) Alan Rockefeller, some rights reserved (CC BY)",2011-01-16,2026-05-10T03:32:04Z,2048x1365,3309cf98c6d5f9eecf2d23a1a9787b90, | processed:1024x682
inaturalist_61395_4736537_5728967,data/processed/sano/inaturalist_61395_4736537_5728967.jpg,sano,inaturalist,https://inaturalist-open-data.s3.amazonaws.com/photos/5728967/original.jpeg,61395:4736537:5728967,CC-BY-4.0,"(c) Alan Rockefeller, some rights reserved (CC BY)",2011-01-16,2026-05-10T03:32:05Z,2048x1329,04ba1c3bece55f57837e62ac2eae0a92, | processed:1024x664
inaturalist_61395_4475860_5402144,data/processed/sano/inaturalist_61395_4475860_5402144.jpg,sano,inaturalist,https://inaturalist-open-data.s3.amazonaws.com/photos/5402144/original.jpg,61395:4475860:5402144,CC-BY-NC-4.0,"(c) juliarb, some rights reserved (CC BY-NC)",2016-10-20,2026-05-10T03:32:06Z,1536x2048,4de5c34ded1599046b377f391e7f66cf, | processed:768x1024
mushroom_observer_705,data/processed/sano/mushroom_observer_705.jpg,sano,mushroom_observer,https://mushroomobserver.org/images/orig/705.jpg,705,CC-BY-SA-4.0,Nathan Wilson,2003-02-14,2026-05-10T03:32:04Z,1280x960,888eab4a2ac82922826b6d4f12d0a43d,Agaricus bisporus | processed:1024x768
inaturalist_61395_3555973_4137476,data/processed/sano/inaturalist_61395_3555973_4137476.jpg,sano,inaturalist,https://inaturalist-open-data.s3.amazonaws.com/photos/4137476/original.,61395:3555973:4137476,CC-BY-NC-4.0,"(c) Christian Schwarz, some rights reserved (CC BY-NC)",2012-04-07,2026-05-10T03:32:08Z,2048x1357,73c8c3f84cedf8230acbdd5cd323bd54, | processed:1024x678
inaturalist_61395_2814540_3199659,data/processed/sano/inaturalist_61395_2814540_3199659.jpg,sano,inaturalist,https://inaturalist-open-data.s3.amazonaws.com/photos/3199659/original.jpg,61395:2814540:3199659,CC-BY-NC-4.0,"(c) Christian Schwarz, some rights reserved (CC BY-NC)",2016-03-21,2026-05-10T03:32:11Z,2048x1536,7c770d143ce3c08dbf98de4bb8fc8303, | processed:1024x768
inaturalist_61395_1370557_1695187,data/processed/sano/inaturalist_61395_1370557_1695187.jpg,sano,inaturalist,https://inaturalist-open-data.s3.amazonaws.com/photos/1695187/original.jpg,61395:1370557:1695187,CC-BY-4.0,"(c) Jerry Cooper, some rights reserved (CC BY)",2005-06-17,2026-05-10T03:32:13Z,2048x1459,e79102fb18ce4f5141e838eb3cfa244d, | processed:1024x730
wikimedia_24843662,data/processed/sano/wikimedia_24843662.jpg,sano,wikimedia,https://upload.wikimedia.org/wikipedia/commons/c/c6/Agaricus_bisporus_G4.JPG?utm_source=commons.wikimedia.org&utm_campaign=imageinfo&utm_content=original,24843662,CC-BY-SA-4.0,Jerzy Opioła,2012-09-26 20:48:17,2026-05-10T03:32:29Z,2879x2159,0bcdca56782b7129b789317a078f1018,Agaricus bisporus | processed:1024x768
wikimedia_2787455,data/processed/sano/wikimedia_2787455.jpg,sano,wikimedia,https://upload.wikimedia.org/wikipedia/commons/a/ad/Agaricus_bisporus_spores_SEM_1.jpg?utm_source=commons.wikimedia.org&utm_campaign=imageinfo&utm_content=original,2787455,CC0-1.0,"Dartmouth Electron Microscope Facility, Dartmouth College",2007-09-20,2026-05-10T03:32:29Z,1228x960,8e61bf0dae454a946cc6aee8b40c28d1,Agaricus bisporus | processed:1024x801
wikimedia_19658,data/processed/sano/wikimedia_19658.jpg,sano,wikimedia,https://upload.wikimedia.org/wikipedia/commons/0/01/ChampignonMushroom.jpg?utm_source=commons.wikimedia.org&utm_campaign=imageinfo&utm_content=original,19658,CC-BY-SA-4.0,chris_73,2004-04-12,2026-05-10T03:32:30Z,800x570,9ffe4815dfa60911042162ad080771d2,Agaricus bisporus | processed:800x570
wikimedia_46446731,data/processed/sano/wikimedia_46446731.jpg,sano,wikimedia,https://upload.wikimedia.org/wikipedia/commons/d/d2/2016-01_Agaricus_bisporus_03.jpg?utm_source=commons.wikimedia.org&utm_campaign=imageinfo&utm_content=original,46446731,CC-BY-SA-4.0,0x010C,2016-01-15 22:32:24,2026-05-10T03:33:28Z,5670x3780,eafa32e735e80b016bb0cde6576b830d,Agaricus bisporus | processed:1024x683
wikimedia_46446900,data/processed/sano/wikimedia_46446900.jpg,sano,wikimedia,https://upload.wikimedia.org/wikipedia/commons/2/24/2016-01_Agaricus_bisporus_07.jpg?utm_source=commons.wikimedia.org&utm_campaign=imageinfo&utm_content=original,46446900,CC-BY-SA-4.0,0x010C,2016-01-15 22:45:06,2026-05-10T03:33:30Z,4223x2815,9fd677511fdd1d3b78336b192ac36467,Agaricus bisporus | processed:1024x683
wikimedia_97695336,data/processed/sano/wikimedia_97695336.jpg,sano,wikimedia,https://upload.wikimedia.org/wikipedia/commons/f/fb/A_White_Mushrooms_in_Hong_Kong.jpg?utm_source=commons.wikimedia.org&utm_campaign=imageinfo&utm_content=original,97695336,CC-BY-SA-4.0,Peachyeung316,2020-12-17 13:12:53,2026-05-10T03:33:31Z,5184x3888,7e172e5a6948317022f3b08d776e7507,Agaricus bisporus | processed:768x1024
wikimedia_82484727,data/processed/sano/wikimedia_82484727.jpg,sano,wikimedia,https://upload.wikimedia.org/wikipedia/commons/8/88/Agaricus_bisporus%2C_Agaricaceae_01.jpg?utm_source=commons.wikimedia.org&utm_campaign=imageinfo&utm_content=original,82484727,CC-BY-SA-4.0,Milimidragan 92,2019-07-22,2026-05-10T03:33:33Z,1536x2048,eba070c48dc1d49bb2280983f3d70902,Agaricus bisporus | processed:768x1024
wikimedia_82484721,data/processed/sano/wikimedia_82484721.jpg,sano,wikimedia,https://upload.wikimedia.org/wikipedia/commons/9/9f/Agaricus_bisporus%2C_Agaricaceae_02.jpg?utm_source=commons.wikimedia.org&utm_campaign=imageinfo&utm_content=original,82484721,CC-BY-SA-4.0,Milimidragan 92,2019-07-22,2026-05-10T03:33:34Z,1536x2048,058786a6b7fe06fc0c27d792eb23f7fd,Agaricus bisporus | processed:768x1024
wikimedia_5941323,data/processed/sano/wikimedia_5941323.jpg,sano,wikimedia,https://upload.wikimedia.org/wikipedia/commons/0/0a/Agaricus_bisporus_hymenium.png?utm_source=commons.wikimedia.org&utm_campaign=imageinfo&utm_content=original,5941323,CC0-1.0,Аимаина хикари,1887,2026-05-10T03:33:35Z,674x1000,ccd5e8013f2192ee1d36e03b6677a1a9,Agaricus bisporus | processed:674x1000
wikimedia_2787465,data/processed/sano/wikimedia_2787465.jpg,sano,wikimedia,https://upload.wikimedia.org/wikipedia/commons/2/2f/Agaricus_bisporus_spores_SEM_3.jpg?utm_source=commons.wikimedia.org&utm_campaign=imageinfo&utm_content=original,2787465,CC0-1.0,"Dartmouth Electron Microscope Facility, Dartmouth College",2007-09-20,2026-05-10T03:33:38Z,1228x960,3af3ff8f6b9d86c5adc67e0d437c3c50,Agaricus bisporus | processed:1024x801
wikimedia_64750252,data/processed/sano/wikimedia_64750252.jpg,sano,wikimedia,https://upload.wikimedia.org/wikipedia/commons/e/e2/Basidiospores_of_Agaricus_bisporus.jpg?utm_source=commons.wikimedia.org&utm_campaign=imageinfo&utm_content=original,64750252,CC-BY-4.0,Applebag,2017-12-11 15:27:55,2026-05-10T03:33:39Z,2448x3264,44c5240aa783ef8eb5c80ef87e0aa1b1,Agaricus bisporus | processed:768x1024
wikimedia_37191584,data/processed/sano/wikimedia_37191584.jpg,sano,wikimedia,https://upload.wikimedia.org/wikipedia/commons/4/4d/Beschadigde_paddenstoel._Locatie%2C_tuinreservaat_Jonkervallei_01.JPG?utm_source=commons.wikimedia.org&utm_campaign=imageinfo&utm_content=original,37191584,CC-BY-SA-4.0,Dominicus Johannes Bergsma,2014-11-19 13:25:50,2026-05-10T03:33:40Z,3631x2723,6bba762b87aa556ded6f02ec75c34005,Agaricus bisporus | processed:1024x768
wikimedia_97248183,data/processed/sano/wikimedia_97248183.jpg,sano,wikimedia,https://upload.wikimedia.org/wikipedia/commons/0/0b/Button_mushroom_and_winter_mushroom.jpg?utm_source=commons.wikimedia.org&utm_campaign=imageinfo&utm_content=original,97248183,CC-BY-SA-4.0,Peachyeung316,2020-12-04 13:15:58,2026-05-10T03:33:42Z,3712x2784,bf1d88da9c037fdcc769c3e374419de8,Agaricus bisporus | processed:1024x768
wikimedia_97248185,data/processed/sano/wikimedia_97248185.jpg,sano,wikimedia,https://upload.wikimedia.org/wikipedia/commons/2/23/Button_mushroom_in_Yuen_Long.jpg?utm_source=commons.wikimedia.org&utm_campaign=imageinfo&utm_content=original,97248185,CC-BY-SA-4.0,Peachyeung316,2020-12-04 13:16:35,2026-05-10T03:33:46Z,3712x2784,5843115b5f736049b2ab599ea7e8cfd4,Agaricus bisporus | processed:1024x768
wikimedia_140678533,data/processed/sano/wikimedia_140678533.jpg,sano,wikimedia,https://upload.wikimedia.org/wikipedia/commons/a/a1/Langue_de_boeuf.jpg?utm_source=commons.wikimedia.org&utm_campaign=imageinfo&utm_content=original,140678533,CC-BY-SA-4.0,Gypaetetarn,2 November 2023 (according to <s,2026-05-10T03:33:50Z,4000x3000,9150b7c086fb478c878628950f06d0eb,Agaricus bisporus | processed:768x1024
wikimedia_151101779,data/processed/sano/wikimedia_151101779.jpg,sano,wikimedia,https://upload.wikimedia.org/wikipedia/commons/1/16/Light_brown_bisporus_mushroom.jpg?utm_source=commons.wikimedia.org&utm_campaign=imageinfo&utm_content=original,151101779,CC0-1.0,Fumikas Sagisavas,2024-05-31 14:57:15,2026-05-10T03:33:51Z,3000x3000,b1d9dd73fab2d64a7c311bbd1802ca91,Agaricus bisporus | processed:1024x1024
wikimedia_90750539,data/processed/sano/wikimedia_90750539.jpg,sano,wikimedia,https://upload.wikimedia.org/wikipedia/commons/5/5a/Micelio_y_carp%C3%B3foros_de_champi%C3%B1%C3%B3n_%28cropped%29.JPG?utm_source=commons.wikimedia.org&utm_campaign=imageinfo&utm_content=original,90750539,CC-BY-SA-4.0,Pradejoniensis,2014-07-15 10:21:35,2026-05-10T03:33:53Z,2628x1848,4018a5ba3bc84c2a19de1d073e6fe9f7,Agaricus bisporus | processed:1024x720
wikimedia_97588737,data/processed/sano/wikimedia_97588737.jpg,sano,wikimedia,https://upload.wikimedia.org/wikipedia/commons/0/0e/Monumento_al_Champi%C3%B1%C3%B3n_de_Iniesta.jpg?utm_source=commons.wikimedia.org&utm_campaign=imageinfo&utm_content=original,97588737,CC-BY-SA-4.0,Diki Vader,2020-12-11 14:38:10,2026-05-10T03:33:56Z,2048x1365,3669f0d436e14a4a0f64af5277eb904a,Agaricus bisporus | processed:1024x682
wikimedia_150408296,data/processed/sano/wikimedia_150408296.jpg,sano,wikimedia,https://upload.wikimedia.org/wikipedia/commons/d/d3/Mother_Earth%27s_Children_p.13.jpg?utm_source=commons.wikimedia.org&utm_campaign=imageinfo&utm_content=original,150408296,CC0-1.0,Elizabeth Gordon (author)M. T. Penny Ross (illustrator),1914,2026-05-10T03:33:57Z,1500x1835,72cc242b395379d0fcaf25d807845e67,Agaricus bisporus | processed:837x1024
wikimedia_17631030,data/processed/sano/wikimedia_17631030.jpg,sano,wikimedia,https://upload.wikimedia.org/wikipedia/commons/c/c9/Mycelium_RH_%283%29.jpg?utm_source=commons.wikimedia.org&utm_campaign=imageinfo&utm_content=original,17631030,CC-BY-SA-4.0,Rob Hille,2011-12-09,2026-05-10T03:34:10Z,3968x2976,26873c4897412e0bfa8cbe28628d810b,Agaricus bisporus | processed:1024x768
wikimedia_17631032,data/processed/sano/wikimedia_17631032.jpg,sano,wikimedia,https://upload.wikimedia.org/wikipedia/commons/5/52/Mycelium_RH_%288%29.jpg?utm_source=commons.wikimedia.org&utm_campaign=imageinfo&utm_content=original,17631032,CC-BY-SA-4.0,Rob Hille,2011-12-09,2026-05-10T03:34:11Z,3968x2976,abeb84e9dcf52424cc8c7b87703e8f5e,Agaricus bisporus | processed:1024x768
wikimedia_17631033,data/processed/sano/wikimedia_17631033.jpg,sano,wikimedia,https://upload.wikimedia.org/wikipedia/commons/8/85/Mycelium_RH_%289%29.jpg?utm_source=commons.wikimedia.org&utm_campaign=imageinfo&utm_content=original,17631033,CC-BY-SA-4.0,Rob Hille,2011-12-09,2026-05-10T03:34:12Z,3968x2976,b50c68c9c8df8f37cfcdf24fe2c24f95,Agaricus bisporus | processed:1024x768
wikimedia_126012274,data/processed/sano/wikimedia_126012274.jpg,sano,wikimedia,https://upload.wikimedia.org/wikipedia/commons/6/6a/Portobello_Champignon.jpg?utm_source=commons.wikimedia.org&utm_campaign=imageinfo&utm_content=original,126012274,CC-BY-SA-4.0,Leftie11,2022-11-25,2026-05-10T03:34:13Z,1461x1097,ac3f55f666b2de4550a7521c2934eff3,Agaricus bisporus | processed:1024x769
wikimedia_107677073,data/processed/sano/wikimedia_107677073.jpg,sano,wikimedia,https://upload.wikimedia.org/wikipedia/commons/f/f9/Portobello_mushrooms_with_black_and_white.jpg?utm_source=commons.wikimedia.org&utm_campaign=imageinfo&utm_content=original,107677073,CC-BY-SA-4.0,Peachyeung316,2021-07-19 15:24:47,2026-05-10T03:34:16Z,5184x2920,89212f3faa4a9ead8072ccc895b931d2,Agaricus bisporus | processed:1024x577
wikimedia_1729159,data/processed/sano/wikimedia_1729159.jpg,sano,wikimedia,https://upload.wikimedia.org/wikipedia/commons/5/52/Sliced_champignons.jpg?utm_source=commons.wikimedia.org&utm_campaign=imageinfo&utm_content=original,1729159,CC-BY-4.0,"frank wouters from antwerpen, belgium",2005-06-21 16:07:47,2026-05-10T03:34:16Z,1280x960,a7244600b08885e7e7971ad1783a225a,Agaricus bisporus | processed:1024x768
wikimedia_79501,data/processed/sano/wikimedia_79501.jpg,sano,wikimedia,https://upload.wikimedia.org/wikipedia/commons/d/d3/Supreme_pizza.jpg?utm_source=commons.wikimedia.org&utm_campaign=imageinfo&utm_content=original,79501,CC0-1.0,Scott Bauer,Unknown date,2026-05-10T03:34:17Z,2700x1809,f5a684b011134debc9ca3d8838713ba1,Agaricus bisporus | processed:1024x686
wikimedia_68920276,data/processed/sano/wikimedia_68920276.jpg,sano,wikimedia,https://upload.wikimedia.org/wikipedia/commons/7/7a/Taco_de_portobello.jpg?utm_source=commons.wikimedia.org&utm_campaign=imageinfo&utm_content=original,68920276,CC-BY-SA-4.0,Paulina Lordméndez,Taken on 5 May 2018,2026-05-10T03:34:18Z,960x1280,52232d6c3fdd6f0a5306de9075c8b69f,Agaricus bisporus | processed:768x1024
wikimedia_71452980,data/processed/sano/wikimedia_71452980.jpg,sano,wikimedia,https://upload.wikimedia.org/wikipedia/commons/3/3f/Vegetables-l%C3%A9gumes-couverts.jpg?utm_source=commons.wikimedia.org&utm_campaign=imageinfo&utm_content=original,71452980,CC0-1.0,Engin_Akyurt,2017,2026-05-10T03:34:20Z,1920x1280,b8924e988ce1cd6cc7685035e7fd1496,Agaricus bisporus | processed:1024x683
wikimedia_7488272,data/processed/sano/wikimedia_7488272.jpg,sano,wikimedia,https://upload.wikimedia.org/wikipedia/commons/6/67/WBMaromatase.jpg?utm_source=commons.wikimedia.org&utm_campaign=imageinfo&utm_content=original,7488272,CC0-1.0,Jatlas2,2009-08,2026-05-10T03:34:21Z,276x243,dddbc0fcc017f3de83d521004eac99e2,Agaricus bisporus | processed:276x243
wikimedia_86340636,data/processed/sano/wikimedia_86340636.jpg,sano,wikimedia,https://upload.wikimedia.org/wikipedia/commons/8/88/Zucht-Champignon-1.jpg?utm_source=commons.wikimedia.org&utm_campaign=imageinfo&utm_content=original,86340636,CC0-1.0,"Albin Schmalfuß, file cropped and uploaded by Francisco Welter-Schultes",1898,2026-05-10T03:34:22Z,1078x636,f4a4384c75c95eec0a4d84d685f792a3,Agaricus bisporus | processed:1024x604
wikimedia_46456265,data/processed/sano/wikimedia_46456265.jpg,sano,wikimedia,https://upload.wikimedia.org/wikipedia/commons/3/3e/1_-_button_mushrooms.jpg?utm_source=commons.wikimedia.org&utm_campaign=imageinfo&utm_content=original,46456265,CC-BY-SA-4.0,Susan Slater,2015-04-13 13:30:42,2026-05-10T03:34:25Z,384x512,6a7d79990666ded91f2520b5e3f0c434,Agaricus bisporus | processed:384x512
wikimedia_15629226,data/processed/sano/wikimedia_15629226.jpg,sano,wikimedia,https://upload.wikimedia.org/wikipedia/commons/8/86/2011-06-25_Agaricus_bisporus_1_70149.jpg?utm_source=commons.wikimedia.org&utm_campaign=imageinfo&utm_content=original,15629226,CC-BY-SA-4.0,"This image was created by user I. G. Safonov (IGSafonov) at Mushroom Observer, a source for mycological images.You can contact this user here.",2011-06-25,2026-05-10T03:34:26Z,2592x1944,e146f23c81f9535d06cde312e8b0bbe9,Agaricus bisporus | processed:1024x768
wikimedia_139555148,data/processed/sano/wikimedia_139555148.jpg,sano,wikimedia,https://upload.wikimedia.org/wikipedia/commons/d/de/A_White_Mushrooms_in_Hong_Kong_%28cropped%29.jpg?utm_source=commons.wikimedia.org&utm_campaign=imageinfo&utm_content=original,139555148,CC-BY-SA-4.0,Peachyeung316,2020-12-17 13:12:53,2026-05-10T03:34:30Z,3289x3263,9882bceffe23fe48feaa31a75e4378d8,Agaricus bisporus | processed:1024x1016
gbif_5243447_6231184158_0,data/processed/sano/gbif_5243447_6231184158_0.jpg,sano,gbif,https://mushroomobserver.org/images/1280/1917795.jpg,5243447:6231184158:0,CC-BY-NC-4.0,MO Observers,2025-08-11,2026-05-10T03:34:24Z,960x1280,39730857242f0264bbf4c21b86e1bce4,United States of America | processed:768x1024
gbif_5243447_6231184158_1,data/processed/sano/gbif_5243447_6231184158_1.jpg,sano,gbif,https://mushroomobserver.org/images/1280/1917796.jpg,5243447:6231184158:1,CC-BY-NC-4.0,MO Observers,2025-08-11,2026-05-10T03:34:24Z,960x1280,d4721cef1d45b74a9c7890119236abb7,United States of America | processed:768x1024
gbif_5243447_6231184158_2,data/processed/sano/gbif_5243447_6231184158_2.jpg,sano,gbif,https://mushroomobserver.org/images/1280/1917797.jpg,5243447:6231184158:2,CC-BY-NC-4.0,MO Observers,2025-08-11,2026-05-10T03:34:25Z,960x1280,87ad4f538955f90b03453906a60dce20,United States of America | processed:768x1024
gbif_5243447_6231184158_3,data/processed/sano/gbif_5243447_6231184158_3.jpg,sano,gbif,https://mushroomobserver.org/images/1280/1917798.jpg,5243447:6231184158:3,CC-BY-NC-4.0,MO Observers,2025-08-11,2026-05-10T03:34:26Z,960x1280,343537b9938be63106be3fe08f8c321e,United States of America | processed:768x1024
gbif_5243447_6231184158_4,data/processed/sano/gbif_5243447_6231184158_4.jpg,sano,gbif,https://mushroomobserver.org/images/1280/1917799.jpg,5243447:6231184158:4,CC-BY-NC-4.0,MO Observers,2025-08-11,2026-05-10T03:34:27Z,960x1280,3476ad6854313df0bbc0022a3541d0bb,United States of America | processed:768x1024
gbif_5243447_6231184158_5,data/processed/sano/gbif_5243447_6231184158_5.jpg,sano,gbif,https://mushroomobserver.org/images/1280/1917800.jpg,5243447:6231184158:5,CC-BY-NC-4.0,MO Observers,2025-08-11,2026-05-10T03:34:28Z,960x1280,f62aaf27524b1b504f290c8369d8375a,United States of America | processed:768x1024
gbif_5243447_6231127090_0,data/processed/sano/gbif_5243447_6231127090_0.jpg,sano,gbif,https://mushroomobserver.org/images/1280/1661479.jpg,5243447:6231127090:0,CC-BY-NC-4.0,MO Observers,2024-02-15,2026-05-10T03:34:43Z,768x1024,59a4490c97a28d452e14dec2c7b179b0,United States of America | processed:768x1024
gbif_5243447_6231127090_1,data/processed/sano/gbif_5243447_6231127090_1.jpg,sano,gbif,https://mushroomobserver.org/images/1280/1661480.jpg,5243447:6231127090:1,CC-BY-NC-4.0,MO Observers,2024-02-15,2026-05-10T03:34:43Z,1024x767,52fb07190c000d5d438ba022045f0f5f,United States of America | processed:1024x767
gbif_5243447_6231127090_2,data/processed/sano/gbif_5243447_6231127090_2.jpg,sano,gbif,https://mushroomobserver.org/images/1280/1661481.jpg,5243447:6231127090:2,CC-BY-NC-4.0,MO Observers,2024-02-15,2026-05-10T03:34:44Z,1024x768,b9a58cc878a7d25f054acb72aae28b11,United States of America | processed:1024x768
gbif_5243447_6231127090_3,data/processed/sano/gbif_5243447_6231127090_3.jpg,sano,gbif,https://mushroomobserver.org/images/1280/1661482.jpg,5243447:6231127090:3,CC-BY-NC-4.0,MO Observers,2024-02-15,2026-05-10T03:34:45Z,1024x769,0ccdb8d0b0b31c451db2e1e880792862,United States of America | processed:1024x769
gbif_5243447_6231127090_4,data/processed/sano/gbif_5243447_6231127090_4.jpg,sano,gbif,https://mushroomobserver.org/images/1280/1661483.jpg,5243447:6231127090:4,CC-BY-NC-4.0,MO Observers,2024-02-15,2026-05-10T03:34:46Z,1024x767,5ebee8a86e1b99c1fddd02e3abd42d6c,United States of America | processed:1024x767
gbif_5243447_6231127090_5,data/processed/sano/gbif_5243447_6231127090_5.jpg,sano,gbif,https://mushroomobserver.org/images/1280/1661484.jpg,5243447:6231127090:5,CC-BY-NC-4.0,MO Observers,2024-02-15,2026-05-10T03:34:47Z,1024x768,0e38dd09034e59d2f23ecc50df526e0f,United States of America | processed:1024x768
gbif_5243447_6231340044_0,data/processed/sano/gbif_5243447_6231340044_0.jpg,sano,gbif,https://mushroomobserver.org/images/1280/1890746.jpg,5243447:6231340044:0,CC-BY-NC-4.0,MO Observers,2024-03-12,2026-05-10T03:34:52Z,960x1280,6136e1f48b00d35faccf374bdffdf46d,United States of America | processed:768x1024
gbif_5243447_6231340044_1,data/processed/sano/gbif_5243447_6231340044_1.jpg,sano,gbif,https://mushroomobserver.org/images/1280/1890747.jpg,5243447:6231340044:1,CC-BY-NC-4.0,MO Observers,2024-03-12,2026-05-10T03:34:53Z,1280x960,f018151b8367fa960c4c1dfc31d65b14,United States of America | processed:1024x768
gbif_5243447_6231340044_2,data/processed/sano/gbif_5243447_6231340044_2.jpg,sano,gbif,https://mushroomobserver.org/images/1280/1890748.jpg,5243447:6231340044:2,CC-BY-NC-4.0,MO Observers,2024-03-12,2026-05-10T03:34:54Z,960x1280,8d7aa903a3f94d752d956cb01aa7cd8d,United States of America | processed:768x1024
gbif_5243447_4847351716_0,data/processed/sano/gbif_5243447_4847351716_0.jpg,sano,gbif,https://svampe.databasen.org/uploads/2024-10426600_B11GHHukA.JPG,5243447:4847351716:0,CC-BY-NC-4.0,Bo Valeur,2024-04-01,2026-05-10T03:35:00Z,1039x1200,4d038c90d66d3d505929b1c9a6bb41de,Denmark | processed:887x1024
gbif_5243447_4847351716_1,data/processed/sano/gbif_5243447_4847351716_1.jpg,sano,gbif,https://svampe.databasen.org/uploads/2024-10426600_Bk4WkLOkA.JPG,5243447:4847351716:1,CC-BY-NC-4.0,Bo Valeur,2024-04-01,2026-05-10T03:35:00Z,1599x1200,2eb12afeb3fc6c5da5acf218b03940a2,Denmark | processed:1024x768
gbif_5243447_4847351716_2,data/processed/sano/gbif_5243447_4847351716_2.jpg,sano,gbif,https://svampe.databasen.org/uploads/2024-10426600_H1Hcuru1C.JPG,5243447:4847351716:2,CC-BY-NC-4.0,Bo Valeur,2024-04-01,2026-05-10T03:35:01Z,967x1200,580cbb4e1babcecab15665cabf535346,Denmark | processed:825x1024
gbif_5243447_4847351716_3,data/processed/sano/gbif_5243447_4847351716_3.jpg,sano,gbif,https://svampe.databasen.org/uploads/2024-10426600_HkGyzBSOkR.JPG,5243447:4847351716:3,CC-BY-NC-4.0,Bo Valeur,2024-04-01,2026-05-10T03:35:02Z,830x1200,6b741402677dacd9061543f70eca9419,Denmark | processed:708x1024
gbif_5243447_4847351716_4,data/processed/sano/gbif_5243447_4847351716_4.jpg,sano,gbif,https://svampe.databasen.org/uploads/2024-10426600_HylrcdB_kR.JPG,5243447:4847351716:4,CC-BY-NC-4.0,Bo Valeur,2024-04-01,2026-05-10T03:35:03Z,1631x1200,091918cfff835499b78a6ccb4da4a0e9,Denmark | processed:1024x753
gbif_5243447_4847351716_5,data/processed/sano/gbif_5243447_4847351716_5.jpg,sano,gbif,https://svampe.databasen.org/uploads/2024-10426600_S1WJMHHu1R.JPG,5243447:4847351716:5,CC-BY-NC-4.0,Bo Valeur,2024-04-01,2026-05-10T03:35:04Z,1599x1200,be5471980a5c98d453162a74e90d9b77,Denmark | processed:1024x768
gbif_5243447_4847351716_6,data/processed/sano/gbif_5243447_4847351716_6.jpg,sano,gbif,https://svampe.databasen.org/uploads/2024-10426600_SyX1GrrukA.JPG,5243447:4847351716:6,CC-BY-NC-4.0,Bo Valeur,2024-04-01,2026-05-10T03:35:05Z,1430x1200,201c497b636e079b2f4fd2add0e66b18,Denmark | processed:1024x859
gbif_5243447_4847351716_7,data/processed/sano/gbif_5243447_4847351716_7.jpg,sano,gbif,https://svampe.databasen.org/uploads/2024-10426600_r1xJzHHdyA.JPG,5243447:4847351716:7,CC-BY-NC-4.0,Bo Valeur,2024-04-01,2026-05-10T03:35:06Z,1649x1200,108888431ce2977268eeb0cf72cedba4,Denmark | processed:1024x745
gbif_5243447_4847351716_8,data/processed/sano/gbif_5243447_4847351716_8.jpg,sano,gbif,https://svampe.databasen.org/uploads/2024-10426600_rk3TuHu1R.JPG,5243447:4847351716:8,CC-BY-NC-4.0,Bo Valeur,2024-04-01,2026-05-10T03:35:07Z,949x1200,55c5f9912893ec2100467bba506c2d95,Denmark | processed:810x1024
gbif_5243447_4940923163_0,data/processed/sano/gbif_5243447_4940923163_0.jpg,sano,gbif,https://svampe.databasen.org/uploads/2024-10430318_B1xPBHlO-0.JPG,5243447:4940923163:0,CC-BY-NC-4.0,Bjørn Petersen,2024-04-24,2026-05-10T03:35:08Z,1600x1200,bb81e834b88e7511218dc88745e9ab41,Denmark | processed:1024x768
gbif_5243447_4940923163_1,data/processed/sano/gbif_5243447_4940923163_1.jpg,sano,gbif,https://svampe.databasen.org/uploads/2024-10430318_rJwrBldZ0.JPG,5243447:4940923163:1,CC-BY-NC-4.0,Bjørn Petersen,2024-04-24,2026-05-10T03:35:09Z,1600x1200,df22f7511aaa569ca56b7b3e50db7bcc,Denmark | processed:1024x768
gbif_5243447_6231140645_0,data/processed/sano/gbif_5243447_6231140645_0.jpg,sano,gbif,https://mushroomobserver.org/images/1280/1662993.jpg,5243447:6231140645:0,CC-BY-NC-4.0,MO Observers,2024-04-12,2026-05-10T03:35:10Z,960x1280,1d9b01eda6b1f302b9ae0f75d2b490c9,Colombia | processed:768x1024
gbif_5243447_6231140645_1,data/processed/sano/gbif_5243447_6231140645_1.jpg,sano,gbif,https://mushroomobserver.org/images/1280/1662994.jpg,5243447:6231140645:1,CC-BY-NC-4.0,MO Observers,2024-04-12,2026-05-10T03:35:11Z,960x1280,a9c771608ea520c746fce66056b9e4c8,Colombia | processed:768x1024
wikimedia_110227736,data/processed/sano/wikimedia_110227736.jpg,sano,wikimedia,https://upload.wikimedia.org/wikipedia/commons/9/96/A_variety_of_edible_mushrooms_on_display_20161028-AMS-LSC-0112_%2830749408321%29.jpg?utm_source=commons.wikimedia.org&utm_campaign=imageinfo&utm_content=original,110227736,CC0-1.0,"U.S. Department of Agriculture

Lance Cheung/Visual Information Photographer",2016-10-28 12:33,2026-05-10T03:34:32Z,4717x6984,ef56f82c5a3b3139d65952266e80884c,Agaricus bisporus | processed:692x1024
wikimedia_8859042,data/processed/sano/wikimedia_8859042.jpg,sano,wikimedia,https://upload.wikimedia.org/wikipedia/commons/3/32/Agaricus_bisporus_Zuchtchampignon.JPG?utm_source=commons.wikimedia.org&utm_campaign=imageinfo&utm_content=original,8859042,CC-BY-SA-4.0,böhringer friedrich,2009-12-28,2026-05-10T03:34:33Z,2267x1413,68abc3bbdee46f805a4625c8fa1e892f,Agaricus bisporus | processed:1024x638
wikimedia_1334049,data/processed/sano/wikimedia_1334049.jpg,sano,wikimedia,https://upload.wikimedia.org/wikipedia/commons/b/bf/Agaricus_bisporus_mushroom.jpg?utm_source=commons.wikimedia.org&utm_campaign=imageinfo&utm_content=original,1334049,CC0-1.0,Мыць Денис,2005-03-17,2026-05-10T03:34:33Z,1024x768,14b20ff2b5e46b4785a042561169f525,Agaricus bisporus | processed:1024x768
wikimedia_93811290,data/processed/sano/wikimedia_93811290.jpg,sano,wikimedia,https://upload.wikimedia.org/wikipedia/commons/6/69/Champignon..._%2849209366621%29.jpg?utm_source=commons.wikimedia.org&utm_campaign=imageinfo&utm_content=original,93811290,CC-BY-4.0,Philippe  Garcelon,2018-10-31 16:18,2026-05-10T03:34:36Z,4038x2692,43341e666cf24c060df2dd29b3c88b48,Agaricus bisporus | processed:1024x683
wikimedia_20585676,data/processed/sano/wikimedia_20585676.jpg,sano,wikimedia,https://upload.wikimedia.org/wikipedia/commons/3/37/Champignon_briquette_blanc_Vilmorin-Andrieux_1904.png?utm_source=commons.wikimedia.org&utm_campaign=imageinfo&utm_content=original,20585676,CC0-1.0,VAC = Vilmorin-Andrieux &amp; Compagnie,1904,2026-05-10T03:34:36Z,3483x2328,1da7e43ba22b742416c8974c4c6646a9,Agaricus bisporus | processed:1024x684
wikimedia_20578084,data/processed/sano/wikimedia_20578084.jpg,sano,wikimedia,https://upload.wikimedia.org/wikipedia/commons/f/fd/Champignon_de_couche_Vilmorin-Andrieux_1904.png?utm_source=commons.wikimedia.org&utm_campaign=imageinfo&utm_content=original,20578084,CC0-1.0,G. Laplante,1904,2026-05-10T03:34:48Z,2800x3307,3b0b40839d9a6b31ba0e561a3aeae393,Agaricus bisporus | processed:867x1024
wikimedia_103214507,data/processed/sano/wikimedia_103214507.jpg,sano,wikimedia,https://upload.wikimedia.org/wikipedia/commons/4/44/Champignon_em_conserva.jpg?utm_source=commons.wikimedia.org&utm_campaign=imageinfo&utm_content=original,103214507,CC-BY-SA-4.0,Vitor da Silva,2021-04-07,2026-05-10T03:34:49Z,2848x4272,a9dbfc5ae1cb6ced3b4efb4b1b18da1a,Agaricus bisporus | processed:683x1024
wikimedia_20585815,data/processed/sano/wikimedia_20585815.jpg,sano,wikimedia,https://upload.wikimedia.org/wikipedia/commons/5/5a/Champignon_galettes_blanc_Vilmorin-Andrieux_1904.png?utm_source=commons.wikimedia.org&utm_campaign=imageinfo&utm_content=original,20585815,CC0-1.0,Unknown authorUnknown author,1904,2026-05-10T03:34:50Z,2706x1970,272960bd20a1e1a98ec9f3a9b4265c64,Agaricus bisporus | processed:1024x745
wikimedia_20585829,data/processed/sano/wikimedia_20585829.jpg,sano,wikimedia,https://upload.wikimedia.org/wikipedia/commons/e/e2/Champignon_petite_meule_deux_pentes_Vilmorin-Andrieux_1904.png?utm_source=commons.wikimedia.org&utm_campaign=imageinfo&utm_content=original,20585829,CC0-1.0,Unknown authorUnknown author,1904,2026-05-10T03:34:53Z,3303x1990,5f3c7eabaf6c8737cf3e7ff22766c3f0,Agaricus bisporus | processed:1024x617
wikimedia_20585881,data/processed/sano/wikimedia_20585881.jpg,sano,wikimedia,https://upload.wikimedia.org/wikipedia/commons/5/54/Champignon_petites_meules_mobiles_Vilmorin-Andrieux_1904.png?utm_source=commons.wikimedia.org&utm_campaign=imageinfo&utm_content=original,20585881,CC0-1.0,Unknown authorUnknown author,1904,2026-05-10T03:34:54Z,2743x3500,15f43f4915ace728e4b0cdca4e35f4ab,Agaricus bisporus | processed:803x1024
wikimedia_11448765,data/processed/sano/wikimedia_11448765.jpg,sano,wikimedia,https://upload.wikimedia.org/wikipedia/commons/6/65/Champignonniere_meules.jpg?utm_source=commons.wikimedia.org&utm_campaign=imageinfo&utm_content=original,11448765,CC-BY-4.0,Édouard Bergé (Raoudoudou),2008-12-31,2026-05-10T03:34:55Z,900x600,d0f90aafd74c8b87cc07950512dc27d4,Agaricus bisporus | processed:900x600
wikimedia_671026,data/processed/sano/wikimedia_671026.jpg,sano,wikimedia,https://upload.wikimedia.org/wikipedia/commons/f/ff/Champignons_Agaricus.jpg?utm_source=commons.wikimedia.org&utm_campaign=imageinfo&utm_content=original,671026,CC-BY-SA-4.0,Darkone (talk · contribs),,2026-05-10T03:34:56Z,1024x768,93f7446ca4718efb86e823887732fc3e,Agaricus bisporus | processed:1024x768
wikimedia_138237526,data/processed/sano/wikimedia_138237526.jpg,sano,wikimedia,https://upload.wikimedia.org/wikipedia/commons/a/ab/Champignons_sur_du_mulch_au_cimeti%C3%A8re_du_Plomeux_%C3%A0_Wasquehal.jpg?utm_source=commons.wikimedia.org&utm_campaign=imageinfo&utm_content=original,138237526,CC-BY-SA-4.0,JuliusMassius,28 September 2023 (according to ,2026-05-10T03:34:57Z,4096x2304,af0664605e8f0d9963440fcc66f4a815,Agaricus bisporus | processed:1024x576
wikimedia_107911611,data/processed/sano/wikimedia_107911611.jpg,sano,wikimedia,https://upload.wikimedia.org/wikipedia/commons/3/33/Champignons_%C3%A0_Plouzan%C3%A9.jpg?utm_source=commons.wikimedia.org&utm_campaign=imageinfo&utm_content=original,107911611,CC0-1.0,Syced,1 January 2000 (according to <sp,2026-05-10T03:34:59Z,1280x960,634635de61b142abacd5fff5a106f055,Agaricus bisporus | processed:1024x768
wikimedia_26477313,data/processed/sano/wikimedia_26477313.jpg,sano,wikimedia,https://upload.wikimedia.org/wikipedia/commons/7/70/Champi%C3%B1%C3%B3n_com%C3%BAn_o_champi%C3%B1%C3%B3n_de_Par%C3%ADs.JPG?utm_source=commons.wikimedia.org&utm_campaign=imageinfo&utm_content=original,26477313,CC-BY-SA-4.0,Diógenes el Filósofo,2013-05-26 17:33:03,2026-05-10T03:35:08Z,4608x3456,e235e3766e80dd62a747ebbe1b8a920a,Agaricus bisporus | processed:1024x768
wikimedia_31362957,data/processed/sano/wikimedia_31362957.jpg,sano,wikimedia,https://upload.wikimedia.org/wikipedia/commons/3/3a/Culture_du_champignon_dans_un_baquet_Vilmorin-Andrieux_1883.png?utm_source=commons.wikimedia.org&utm_campaign=imageinfo&utm_content=original,31362957,CC0-1.0,Vilmorin-Andrieux &amp; Cie,2014-02-22,2026-05-10T03:35:10Z,707x463,6872b5462c8aaae472bf1ac140cb6c27,Agaricus bisporus | processed:707x463
wikimedia_169978611,data/processed/sano/wikimedia_169978611.jpg,sano,wikimedia,https://upload.wikimedia.org/wikipedia/commons/3/37/Forest_Floor_Mushroom.jpg?utm_source=commons.wikimedia.org&utm_campaign=imageinfo&utm_content=original,169978611,CC-BY-SA-4.0,Teame01,2025-07-14,2026-05-10T03:35:12Z,1920x2560,a9538ae9129c071c38a5dda199f7e6da,Agaricus bisporus | processed:768x1024
wikimedia_57631586,data/processed/sano/wikimedia_57631586.jpg,sano,wikimedia,https://upload.wikimedia.org/wikipedia/commons/d/df/Fresh_Mushroom-full_pieces.jpg?utm_source=commons.wikimedia.org&utm_campaign=imageinfo&utm_content=original,57631586,CC-BY-SA-4.0,Mervat Salman,2017-04-01,2026-05-10T03:35:13Z,664x885,cb5d7a958a8efa9c11582a8b969606cf,Agaricus bisporus | processed:664x885
wikimedia_5335013,data/processed/sano/wikimedia_5335013.jpg,sano,wikimedia,https://upload.wikimedia.org/wikipedia/commons/f/f5/Harvesting_mushrooms_from_manure.jpg?utm_source=commons.wikimedia.org&utm_campaign=imageinfo&utm_content=original,5335013,CC0-1.0,National Institute for Occupational Safety and Health (NIOSH) from USA,2008-05-14 13:20,2026-05-10T03:35:14Z,900x597,a131bb11e52602d523b00dc243cc0875,Agaricus bisporus | processed:900x597
wikimedia_78053034,data/processed/sano/wikimedia_78053034.jpg,sano,wikimedia,https://upload.wikimedia.org/wikipedia/commons/8/84/Jumbo_Kastanje_Champignons%2C_Oude_Pekela_%282019%29_05.jpg?utm_source=commons.wikimedia.org&utm_campaign=imageinfo&utm_content=original,78053034,CC-BY-SA-4.0,Donald Trung Quoc Don (Chữ Hán: 徵國單) - Wikimedia Commons - © CC BY-SA 4.0 International.(Want to use this image?)Original publication 📤: --Donald Trung 『徵國單』 (No Fake News 💬) (WikiProject Numismatics ,2019-04-15 11:04:28,2026-05-10T03:35:16Z,4864x2736,9e81c1910e01b1065c2cf10bf0f7b11c,Agaricus bisporus | processed:1024x576
wikimedia_31362874,data/processed/sano/wikimedia_31362874.jpg,sano,wikimedia,https://upload.wikimedia.org/wikipedia/commons/2/2b/Petites_meules_mobiles_Vilmorin-Andrieux_1883.png?utm_source=commons.wikimedia.org&utm_campaign=imageinfo&utm_content=original,31362874,CC0-1.0,Vilmorin-Andrieux &amp; Cie,2014-02-22,2026-05-10T03:35:19Z,545x623,b8dbfb2ac837e3d22a5508142166524f,Agaricus bisporus | processed:545x623
wikimedia_28312743,data/processed/sano/wikimedia_28312743.jpg,sano,wikimedia,https://upload.wikimedia.org/wikipedia/commons/3/3a/Protabella_mushroom.jpg?utm_source=commons.wikimedia.org&utm_campaign=imageinfo&utm_content=original,28312743,CC0-1.0,Lisafern,2013-09-09 16:17:13,2026-05-10T03:35:21Z,4104x3216,beb00c24326051584f2a30db799d1522,Agaricus bisporus | processed:1024x802
wikimedia_57685279,data/processed/sano/wikimedia_57685279.jpg,sano,wikimedia,https://upload.wikimedia.org/wikipedia/commons/2/2c/Roraima_Chanpignons_011_-_panoramio.jpg?utm_source=commons.wikimedia.org&utm_campaign=imageinfo&utm_content=original,57685279,CC-BY-SA-4.0,Jason R Nascimento,Taken on 27 April 2014,2026-05-10T03:35:22Z,2592x1456,2b914e12a9d07e4fe4b492007570bbd2,Agaricus bisporus | processed:1024x575
wikimedia_129983765,data/processed/sano/wikimedia_129983765.jpg,sano,wikimedia,https://upload.wikimedia.org/wikipedia/commons/d/d2/WHITE_MUSHROOM.jpg?utm_source=commons.wikimedia.org&utm_campaign=imageinfo&utm_content=original,129983765,CC-BY-SA-4.0,Dinkun Chen,2023-03-25 12:36:06,2026-05-10T03:35:25Z,5382x5901,e248411b47c175b410e3db7a557c2bf5,Agaricus bisporus | processed:934x1024
wikimedia_38416127,data/processed/sano/wikimedia_38416127.jpg,sano,wikimedia,https://upload.wikimedia.org/wikipedia/commons/9/92/WhiteMushroom2.jpg?utm_source=commons.wikimedia.org&utm_campaign=imageinfo&utm_content=original,38416127,CC0-1.0,Raysonho @ Open Grid Scheduler / Grid Engine,2012-04-07 11:14:50,2026-05-10T03:35:25Z,4608x3072,f877233fba26ed89e5f3438c85b5f300,Agaricus bisporus | processed:1024x683
wikimedia_46819702,data/processed/sano/wikimedia_46819702.jpg,sano,wikimedia,https://upload.wikimedia.org/wikipedia/commons/4/44/Wikigrenier_et_15_ans_de_Wikipedia_-_Agaricus_bisporus_02.JPG?utm_source=commons.wikimedia.org&utm_campaign=imageinfo&utm_content=original,46819702,CC-BY-SA-4.0,X-Javier,2016-01-15 22:19:48,2026-05-10T03:35:27Z,3456x4608,4b8e65a48e33e30d9023db78b9baa051,Agaricus bisporus | processed:768x1024
wikimedia_61384526,data/processed/sano/wikimedia_61384526.jpg,sano,wikimedia,https://upload.wikimedia.org/wikipedia/commons/e/e0/%E8%98%91%E8%8F%87%E8%B1%86%E8%85%90%E8%A3%BD%E7%A8%8B_02.jpg?utm_source=commons.wikimedia.org&utm_campaign=imageinfo&utm_content=original,61384526,CC-BY-SA-4.0,FireFeather,2017-07-30 11:23:02,2026-05-10T03:35:42Z,3024x4032,b9afa5a587e9ec3cb543fe7b2d98bb71,Agaricus bisporus | processed:768x1024
wikimedia_46446790,data/processed/sano/wikimedia_46446790.jpg,sano,wikimedia,https://upload.wikimedia.org/wikipedia/commons/5/5d/2016-01_Agaricus_bisporus_04.jpg?utm_source=commons.wikimedia.org&utm_campaign=imageinfo&utm_content=original,46446790,CC-BY-SA-4.0,0x010C,2016-01-15 22:35:52,2026-05-10T03:35:45Z,5542x3695,674b61c793f6a9463aad0a95afb87230,Agaricus bisporus | processed:1024x683
wikimedia_46446818,data/processed/sano/wikimedia_46446818.jpg,sano,wikimedia,https://upload.wikimedia.org/wikipedia/commons/f/ff/2016-01_Agaricus_bisporus_05.jpg?utm_source=commons.wikimedia.org&utm_campaign=imageinfo&utm_content=original,46446818,CC-BY-SA-4.0,0x010C,2016-01-15 22:38:14,2026-05-10T03:35:46Z,5249x3499,740e7550de33c05bb88ed2c00ab4f2ee,Agaricus bisporus | processed:1024x683
wikimedia_79976262,data/processed/sano/wikimedia_79976262.jpg,sano,wikimedia,https://upload.wikimedia.org/wikipedia/commons/2/2e/20161028-AMS-LSC-0500_%2830202109333%29.jpg?utm_source=commons.wikimedia.org&utm_campaign=imageinfo&utm_content=original,79976262,CC0-1.0,"U.S. Department of Agriculture

Lance Cheung/Visual Information Photographer/USDA/Lance Cheung",2016-10-28 13:37,2026-05-10T03:35:47Z,4917x2766,581438aa36dbf07899ff19ec0ee958b3,Agaricus bisporus | processed:1024x576
wikimedia_127511584,data/processed/sano/wikimedia_127511584.jpg,sano,wikimedia,https://upload.wikimedia.org/wikipedia/commons/2/23/2022._%D0%9A%D1%80%D0%B0%D1%81%D0%BD%D0%BE%D0%B4%D0%B0%D1%80_IMG_20221223_163218.jpg?utm_source=commons.wikimedia.org&utm_campaign=imageinfo&utm_content=original,127511584,CC-BY-SA-4.0,Andrey Butko,2022,2026-05-10T03:35:48Z,4640x2088,3b207e8f8d40c0f297d474ad2c98225c,Agaricus bisporus | processed:1024x461
wikimedia_167638111,data/processed/sano/wikimedia_167638111.jpg,sano,wikimedia,https://upload.wikimedia.org/wikipedia/commons/4/41/A_Mushroom%27s_Quiet_Descent.jpg?utm_source=commons.wikimedia.org&utm_campaign=imageinfo&utm_content=original,167638111,CC-BY-SA-4.0,Derk29,2025-06-14 15:24:22,2026-05-10T03:35:48Z,3024x4032,b25aa2ffad1611b48bf51b64c28e9cbd,Agaricus bisporus | processed:768x1024
gbif_5243447_6231140645_2,data/processed/sano/gbif_5243447_6231140645_2.jpg,sano,gbif,https://mushroomobserver.org/images/1280/1662995.jpg,5243447:6231140645:2,CC-BY-NC-4.0,MO Observers,2024-04-12,2026-05-10T03:35:12Z,960x1280,8c3cacd96aa0b048b0b00c5041c290bb,Colombia | processed:768x1024
gbif_5243447_4931859260_0,data/processed/sano/gbif_5243447_4931859260_0.jpg,sano,gbif,https://observation.org/photos/92607649.jpg,5243447:4931859260:0,CC-BY-NC-ND-4.0,Michael Ernst,2024-05-31,2026-05-10T03:35:34Z,750x1000,7eb684e4674915bc0ffa1cd8c394ae8d,Germany | processed:750x1000
gbif_5243447_4931859260_1,data/processed/sano/gbif_5243447_4931859260_1.jpg,sano,gbif,https://observation.org/photos/92607650.jpg,5243447:4931859260:1,CC-BY-NC-ND-4.0,Michael Ernst,2024-05-31,2026-05-10T03:35:34Z,750x1000,63b03c1c423359fb274209401e87c242,Germany | processed:750x1000
gbif_5243447_4931859260_2,data/processed/sano/gbif_5243447_4931859260_2.jpg,sano,gbif,https://observation.org/photos/92607651.jpg,5243447:4931859260:2,CC-BY-NC-ND-4.0,Michael Ernst,2024-05-31,2026-05-10T03:35:35Z,1000x667,155a2316cdddc695fac961e411dfed1d,Germany | processed:1000x667
gbif_5243447_4931859260_3,data/processed/sano/gbif_5243447_4931859260_3.jpg,sano,gbif,https://observation.org/photos/92607652.jpg,5243447:4931859260:3,CC-BY-NC-ND-4.0,Michael Ernst,2024-05-31,2026-05-10T03:35:37Z,1000x667,97a903b011ebe0d954af6f200a0002a1,Germany | processed:1000x667
gbif_5243447_4931859260_4,data/processed/sano/gbif_5243447_4931859260_4.jpg,sano,gbif,https://observation.org/photos/92607653.jpg,5243447:4931859260:4,CC-BY-NC-ND-4.0,Michael Ernst,2024-05-31,2026-05-10T03:35:38Z,750x1000,7b251ad7bf32d7f8195e2dd146b6a896,Germany | processed:750x1000
gbif_5243447_6231163496_0,data/processed/sano/gbif_5243447_6231163496_0.jpg,sano,gbif,https://mushroomobserver.org/images/1280/1916498.jpg,5243447:6231163496:0,CC-BY-NC-4.0,MO Observers,2024-07-13,2026-05-10T03:35:50Z,960x1280,f99bea7b8984240f961dcba8d4222feb,United States of America | processed:768x1024
gbif_5243447_6231225094_0,data/processed/sano/gbif_5243447_6231225094_0.jpg,sano,gbif,https://mushroomobserver.org/images/1280/1916499.jpg,5243447:6231225094:0,CC-BY-NC-4.0,MO Observers,2024-07-13,2026-05-10T03:35:51Z,960x1280,c104fd7b7b65e1717607dccdb24c01dc,United States of America | processed:768x1024
gbif_5243447_6231225094_1,data/processed/sano/gbif_5243447_6231225094_1.jpg,sano,gbif,https://mushroomobserver.org/images/1280/1916500.jpg,5243447:6231225094:1,CC-BY-NC-4.0,MO Observers,2024-07-13,2026-05-10T03:35:52Z,1280x960,594684cea59a5ebae652c9471e61e0d6,United States of America | processed:1024x768
gbif_5243447_6231308507_0,data/processed/sano/gbif_5243447_6231308507_0.jpg,sano,gbif,https://mushroomobserver.org/images/1280/1916990.jpg,5243447:6231308507:0,CC-BY-NC-4.0,MO Observers,2024-09-24,2026-05-10T03:36:20Z,960x1280,3257b1da1f265b28ae8b7da445075f45,United States of America | processed:768x1024
gbif_5243447_6116138370_0,data/processed/sano/gbif_5243447_6116138370_0.jpg,sano,gbif,https://s3.hpc.ut.ee/plutof-public/large/11430315-72e1-41df-9b03-0a7054364d10.jpg,5243447:6116138370:0,CC-BY-NC-4.0,Arnold Knijn,2024-11-10,2026-05-10T03:36:29Z,1600x1200,2709fb653fc7f69da3f568c463e12457,Italy | processed:1024x768
gbif_5243447_6116138370_1,data/processed/sano/gbif_5243447_6116138370_1.jpg,sano,gbif,https://s3.hpc.ut.ee/plutof-public/large/5aca2ccb-4735-4baf-a0d2-1883ebdabdd3.jpg,5243447:6116138370:1,CC-BY-NC-4.0,Arnold Knijn,2024-11-10,2026-05-10T03:36:30Z,1600x1200,a368bdbd5f99afafb40977b6b90d8823,Italy | processed:1024x768
gbif_5243447_6231226532_0,data/processed/sano/gbif_5243447_6231226532_0.jpg,sano,gbif,https://mushroomobserver.org/images/1280/1917095.jpg,5243447:6231226532:0,CC-BY-NC-4.0,MO Observers,2024-11-18,2026-05-10T03:36:31Z,960x1280,30b7274894984e84bef33e43890a7a65, | processed:768x1024
gbif_5243447_6231226532_1,data/processed/sano/gbif_5243447_6231226532_1.jpg,sano,gbif,https://mushroomobserver.org/images/1280/1917096.jpg,5243447:6231226532:1,CC-BY-NC-4.0,MO Observers,2024-11-18,2026-05-10T03:36:32Z,960x1280,18cab599de83e5f9c3b2b038d8dd227e, | processed:768x1024
gbif_5243447_6231247458_0,data/processed/sano/gbif_5243447_6231247458_0.jpg,sano,gbif,https://mushroomobserver.org/images/1280/1729975.jpg,5243447:6231247458:0,CC-BY-NC-4.0,MO Observers,2024-12-12,2026-05-10T03:36:33Z,960x1280,57a04ec758b3e4e89104c6f4b30980f1,Colombia | processed:768x1024
gbif_5243447_6231247458_1,data/processed/sano/gbif_5243447_6231247458_1.jpg,sano,gbif,https://mushroomobserver.org/images/1280/1729976.jpg,5243447:6231247458:1,CC-BY-NC-4.0,MO Observers,2024-12-12,2026-05-10T03:36:34Z,960x1280,491d98c41eccb71fdbc724f95ebf2d6a,Colombia | processed:768x1024
gbif_5243447_6231247458_2,data/processed/sano/gbif_5243447_6231247458_2.jpg,sano,gbif,https://mushroomobserver.org/images/1280/1729977.jpg,5243447:6231247458:2,CC-BY-NC-4.0,MO Observers,2024-12-12,2026-05-10T03:36:35Z,960x1280,73c9e098c26472702202f3aeba995865,Colombia | processed:768x1024
gbif_5243447_6231247458_3,data/processed/sano/gbif_5243447_6231247458_3.jpg,sano,gbif,https://mushroomobserver.org/images/1280/1729978.jpg,5243447:6231247458:3,CC-BY-NC-4.0,MO Observers,2024-12-12,2026-05-10T03:36:36Z,960x1280,df19937114bd50181212d0b7b657d135,Colombia | processed:768x1024
gbif_5243447_6231247458_4,data/processed/sano/gbif_5243447_6231247458_4.jpg,sano,gbif,https://mushroomobserver.org/images/1280/1729979.jpg,5243447:6231247458:4,CC-BY-NC-4.0,MO Observers,2024-12-12,2026-05-10T03:36:37Z,960x1280,057a214656729ae7adff6eddf20d03fc,Colombia | processed:768x1024
gbif_5243447_6231247458_5,data/processed/sano/gbif_5243447_6231247458_5.jpg,sano,gbif,https://mushroomobserver.org/images/1280/1729980.jpg,5243447:6231247458:5,CC-BY-NC-4.0,MO Observers,2024-12-12,2026-05-10T03:36:38Z,960x1280,32fecea7a84a75ed4ce16278001f3e04,Colombia | processed:768x1024
wikimedia_51536296,data/processed/sano/wikimedia_51536296.jpg,sano,wikimedia,https://upload.wikimedia.org/wikipedia/commons/8/86/Agaricus_bisporus19.09.2016.jpg?utm_source=commons.wikimedia.org&utm_campaign=imageinfo&utm_content=original,51536296,CC-BY-SA-4.0,Misiokk,2016-09-19 09:39:57,2026-05-10T03:35:51Z,5312x3984,de5cc75c11001ced958d51042f476d8f,Agaricus bisporus | processed:1024x768
wikimedia_13299038,data/processed/sano/wikimedia_13299038.jpg,sano,wikimedia,https://upload.wikimedia.org/wikipedia/commons/e/e3/Agaricus_bisporus_5112261430_8556037af0_b.jpg?utm_source=commons.wikimedia.org&utm_campaign=imageinfo&utm_content=original,13299038,CC-BY-SA-4.0,wikioticsIan,2010-10-24 14:59,2026-05-10T03:35:51Z,1024x768,8fcacdd6fde03308270eb40ba28c622b,Agaricus bisporus | processed:1024x768
wikimedia_90450045,data/processed/sano/wikimedia_90450045.jpg,sano,wikimedia,https://upload.wikimedia.org/wikipedia/commons/b/b3/Agaricus_bisporus_Zuchtchampignon_%28cropped%29.JPG?utm_source=commons.wikimedia.org&utm_campaign=imageinfo&utm_content=original,90450045,CC-BY-SA-4.0,böhringer friedrich,2009-12-28,2026-05-10T03:35:53Z,1814x1194,a81a456c36020f8a3f4a79cd10b63f0b,Agaricus bisporus | processed:1024x674
wikimedia_116778993,data/processed/sano/wikimedia_116778993.jpg,sano,wikimedia,https://upload.wikimedia.org/wikipedia/commons/d/db/Bee%27s_life.jpg?utm_source=commons.wikimedia.org&utm_campaign=imageinfo&utm_content=original,116778993,CC-BY-SA-4.0,Wiem nasri,2022-03-30 10:54:20,2026-05-10T03:35:54Z,2304x4096,ff11ab2d19a0c3d8fadb645151dba04c,Agaricus bisporus | processed:576x1024
wikimedia_58479875,data/processed/sano/wikimedia_58479875.jpg,sano,wikimedia,https://upload.wikimedia.org/wikipedia/commons/b/b0/Button_mushroom.jpg?utm_source=commons.wikimedia.org&utm_campaign=imageinfo&utm_content=original,58479875,CC-BY-SA-4.0,Pavimps,2017-04-03 11:37:09,2026-05-10T03:35:56Z,4608x3456,d138f05c8093d1380089046b7a1a1d68,Agaricus bisporus | processed:1024x768
wikimedia_85724933,data/processed/sano/wikimedia_85724933.jpg,sano,wikimedia,https://upload.wikimedia.org/wikipedia/commons/e/ea/Carrefour_Market_%28Rillieux-la-Pape%29_-_des_champignons_de_Paris.jpg?utm_source=commons.wikimedia.org&utm_campaign=imageinfo&utm_content=original,85724933,CC0-1.0,Benoît Prieur,2020-01-07 17:41:00,2026-05-10T03:35:58Z,4032x3024,a176186c715ac7dc5fd3600c6b8c363b,Agaricus bisporus | processed:768x1024
wikimedia_34008585,data/processed/sano/wikimedia_34008585.jpg,sano,wikimedia,https://upload.wikimedia.org/wikipedia/commons/7/74/ChampignonDSC2590.jpg?utm_source=commons.wikimedia.org&utm_campaign=imageinfo&utm_content=original,34008585,CC-BY-SA-4.0,CostaPPPR,2014-07-15 15:17:56,2026-05-10T03:35:59Z,2812x1768,f10a0ac4cd8e72506e4d81f41da59acf,Agaricus bisporus | processed:1024x644
wikimedia_20585862,data/processed/sano/wikimedia_20585862.jpg,sano,wikimedia,https://upload.wikimedia.org/wikipedia/commons/1/15/Champignon_culture_baquet_Vilmorin-Andrieux_1904.png?utm_source=commons.wikimedia.org&utm_campaign=imageinfo&utm_content=original,20585862,CC0-1.0,Unknown authorUnknown author,,2026-05-10T03:36:00Z,3065x2129,f1fb77dad55837d5e6df783db9054bd1,Agaricus bisporus | processed:1024x711
wikimedia_87456827,data/processed/sano/wikimedia_87456827.jpg,sano,wikimedia,https://upload.wikimedia.org/wikipedia/commons/c/cc/Champignon_plantation_near_the_Bromo_volcano_1.jpg?utm_source=commons.wikimedia.org&utm_campaign=imageinfo&utm_content=original,87456827,CC-BY-SA-4.0,Ekaterina Kvelidze,2020-01-04 12:43:16,2026-05-10T03:36:02Z,4032x3024,1cb75b6fcd973907c17d22400afa6561,Agaricus bisporus | processed:768x1024
wikimedia_70157046,data/processed/sano/wikimedia_70157046.jpg,sano,wikimedia,https://upload.wikimedia.org/wikipedia/commons/5/5e/Champignons%26mushrooms.jpg?utm_source=commons.wikimedia.org&utm_campaign=imageinfo&utm_content=original,70157046,CC-BY-SA-4.0,Hamid CHIKHI,2018-06-23,2026-05-10T03:36:03Z,1156x2048,764b1bee8c04975e6fc05f70b0c6235b,Agaricus bisporus | processed:578x1024
wikimedia_18779025,data/processed/sano/wikimedia_18779025.jpg,sano,wikimedia,https://upload.wikimedia.org/wikipedia/commons/5/5f/Champignons_de_paris.png?utm_source=commons.wikimedia.org&utm_campaign=imageinfo&utm_content=original,18779025,CC-BY-SA-4.0,Doudoulolita,2012-03-21,2026-05-10T03:36:15Z,819x819,c53c545f660b89846b4b9365a0e439eb,Agaricus bisporus | processed:819x819
wikimedia_67161518,data/processed/sano/wikimedia_67161518.jpg,sano,wikimedia,https://upload.wikimedia.org/wikipedia/commons/f/fd/Champi%C3%B1on_Green_Garden.jpg?utm_source=commons.wikimedia.org&utm_campaign=imageinfo&utm_content=original,67161518,CC-BY-SA-4.0,Alex GT88,2018-03-08,2026-05-10T03:36:16Z,4000x3000,cda00b471d4920de31d91a6557f44146,Agaricus bisporus | processed:1024x768
wikimedia_89227313,data/processed/sano/wikimedia_89227313.jpg,sano,wikimedia,https://upload.wikimedia.org/wikipedia/commons/0/04/Collybia_butyracea_%28Bull.%29_P._Kummer_France_1994.jpg?utm_source=commons.wikimedia.org&utm_campaign=imageinfo&utm_content=original,89227313,CC-BY-SA-4.0,Japonica,1994-10-18,2026-05-10T03:36:17Z,2358x2310,b46fecb63dfa76f4d7975dbea898e66b,Agaricus bisporus | processed:1024x1003
wikimedia_1796954,data/processed/sano/wikimedia_1796954.jpg,sano,wikimedia,https://upload.wikimedia.org/wikipedia/commons/0/02/Double-mushroom.jpg?utm_source=commons.wikimedia.org&utm_campaign=imageinfo&utm_content=original,1796954,CC0-1.0,User:Lankiveil,2007-03-14,2026-05-10T03:36:19Z,2048x1536,700d6657cef87ba1eb9ee6e78dfe456d,Agaricus bisporus | processed:1024x768
wikimedia_8819163,data/processed/sano/wikimedia_8819163.jpg,sano,wikimedia,https://upload.wikimedia.org/wikipedia/commons/2/2e/Flickr_-_cyclonebill_-_Portobello_%281%29.jpg?utm_source=commons.wikimedia.org&utm_campaign=imageinfo&utm_content=original,8819163,CC-BY-SA-4.0,cyclonebill,2008-01-27 08:22,2026-05-10T03:36:20Z,1600x1200,caacd62627d6239ea3c973454c9e638e,Agaricus bisporus | processed:1024x768
wikimedia_145920668,data/processed/sano/wikimedia_145920668.jpg,sano,wikimedia,https://upload.wikimedia.org/wikipedia/commons/2/2b/Fuscoporia_torulosa_-_Phellin_%C3%A0_bourrelet.jpg?utm_source=commons.wikimedia.org&utm_campaign=imageinfo&utm_content=original,145920668,CC0-1.0,Raymond Trencavel,2024-02-28,2026-05-10T03:36:22Z,3468x4624,b2993fffc3f04f63ade49358417d5716,Agaricus bisporus | processed:768x1024
wikimedia_164753091,data/processed/sano/wikimedia_164753091.jpg,sano,wikimedia,https://upload.wikimedia.org/wikipedia/commons/7/70/Maturing_button_mushroom_in_the_mushroom_green_house.jpg?utm_source=commons.wikimedia.org&utm_campaign=imageinfo&utm_content=original,164753091,CC-BY-SA-4.0,Roenashy,2025-05-05 12:28:53,2026-05-10T03:36:24Z,720x1280,2c041b5127ea2b1eb5b174bcd21e0378,Agaricus bisporus | processed:576x1024
wikimedia_31363147,data/processed/sano/wikimedia_31363147.jpg,sano,wikimedia,https://upload.wikimedia.org/wikipedia/commons/a/a4/Meule_%C3%A0_deux_pentes_Vilmorin-Andrieux_1883.png?utm_source=commons.wikimedia.org&utm_campaign=imageinfo&utm_content=original,31363147,CC0-1.0,Vilmorin-Andrieux &amp; Cie,2014-02-22,2026-05-10T03:36:25Z,1051x573,4605f784dd5ce2ea8eff00cf1f2330f8,Agaricus bisporus | processed:1024x558
wikimedia_63632619,data/processed/sano/wikimedia_63632619.jpg,sano,wikimedia,https://upload.wikimedia.org/wikipedia/commons/3/30/Mushrooms_%288232514277%29.jpg?utm_source=commons.wikimedia.org&utm_campaign=imageinfo&utm_content=original,63632619,CC-BY-4.0,"Rae Allen from Brisbane, Australia",2012-12-01 07:19,2026-05-10T03:36:26Z,3264x2448,ff7b41efe10ee832411ab278e6938aca,Agaricus bisporus | processed:1024x768
wikimedia_57685257,data/processed/sano/wikimedia_57685257.jpg,sano,wikimedia,https://upload.wikimedia.org/wikipedia/commons/b/b7/Roraima_Chanpignons_009_-_panoramio.jpg?utm_source=commons.wikimedia.org&utm_campaign=imageinfo&utm_content=original,57685257,CC-BY-SA-4.0,Jason R Nascimento,Taken on 27 April 2014,2026-05-10T03:36:29Z,1456x2592,8e86062957eab830565d9421a2f6f3c3,Agaricus bisporus | processed:575x1024
wikimedia_57685284,data/processed/sano/wikimedia_57685284.jpg,sano,wikimedia,https://upload.wikimedia.org/wikipedia/commons/d/d9/Roraima_Chanpignons_012_-_panoramio.jpg?utm_source=commons.wikimedia.org&utm_campaign=imageinfo&utm_content=original,57685284,CC-BY-SA-4.0,Jason R Nascimento,Taken on 27 April 2014,2026-05-10T03:36:31Z,2592x1456,630c6fb2dac9f32df0007e62d4d85d7e,Agaricus bisporus | processed:1024x575
wikimedia_139763112,data/processed/sano/wikimedia_139763112.jpg,sano,wikimedia,https://upload.wikimedia.org/wikipedia/commons/9/93/Vesses_de_Loup%2C_Combrailles%2C_Auvergne.jpg?utm_source=commons.wikimedia.org&utm_campaign=imageinfo&utm_content=original,139763112,CC-BY-SA-4.0,Serge6363,2023-10-29 15:48:09,2026-05-10T03:36:42Z,4000x2250,236f2c14c1e2335de798d9c28a25e75f,Agaricus bisporus | processed:576x1024
wikimedia_150659885,data/processed/sano/wikimedia_150659885.jpg,sano,wikimedia,https://upload.wikimedia.org/wikipedia/commons/d/db/Volvaire_gluante.jpg?utm_source=commons.wikimedia.org&utm_campaign=imageinfo&utm_content=original,150659885,CC-BY-SA-4.0,Pulcheria7,2024-07-22 10:10:32,2026-05-10T03:36:43Z,5184x3888,4e0615b919925e7ad9e726c220d49032,Agaricus bisporus | processed:1024x768
wikimedia_46819703,data/processed/sano/wikimedia_46819703.jpg,sano,wikimedia,https://upload.wikimedia.org/wikipedia/commons/9/90/Wikigrenier_et_15_ans_de_Wikipedia_-_Agaricus_bisporus_01.JPG?utm_source=commons.wikimedia.org&utm_campaign=imageinfo&utm_content=original,46819703,CC-BY-SA-4.0,X-Javier,2016-01-15 22:19:14,2026-05-10T03:36:46Z,3187x1718,145995e56d6c12dca0cf8aaa7b9139f5,Agaricus bisporus | processed:1024x552
wikimedia_46819704,data/processed/sano/wikimedia_46819704.jpg,sano,wikimedia,https://upload.wikimedia.org/wikipedia/commons/2/28/Wikigrenier_et_15_ans_de_Wikipedia_-_Agaricus_bisporus_03.JPG?utm_source=commons.wikimedia.org&utm_campaign=imageinfo&utm_content=original,46819704,CC-BY-SA-4.0,X-Javier,2016-01-15 22:19:55,2026-05-10T03:36:46Z,4608x3456,168b84404f4118d23c4a6a2d0e90eaae,Agaricus bisporus | processed:1024x768
wikimedia_46819707,data/processed/sano/wikimedia_46819707.jpg,sano,wikimedia,https://upload.wikimedia.org/wikipedia/commons/0/0a/Wikigrenier_et_15_ans_de_Wikipedia_-_Agaricus_bisporus_06.JPG?utm_source=commons.wikimedia.org&utm_campaign=imageinfo&utm_content=original,46819707,CC-BY-SA-4.0,X-Javier,2016-01-15 22:37:09,2026-05-10T03:36:48Z,2772x3112,02ebe11117f9335e18b376a071872375,Agaricus bisporus | processed:912x1024
wikimedia_19603447,data/processed/sano/wikimedia_19603447.jpg,sano,wikimedia,https://upload.wikimedia.org/wikipedia/commons/1/1e/Wuppertal_-_Werth_-_Barmen_live_2012_45_ies.jpg?utm_source=commons.wikimedia.org&utm_campaign=imageinfo&utm_content=original,19603447,CC-BY-SA-4.0,Frank Vincentz,2012-05-20 12:50:02,2026-05-10T03:36:49Z,5616x3744,dc0507084a7ed5a144fdc29ca5a1093c,Agaricus bisporus | processed:1024x683
wikimedia_145889405,data/processed/sano/wikimedia_145889405.jpg,sano,wikimedia,https://upload.wikimedia.org/wikipedia/commons/b/b4/Aed%C5%A1ampinjon.jpg?utm_source=commons.wikimedia.org&utm_campaign=imageinfo&utm_content=original,145889405,CC-BY-SA-4.0,Svencapoeira,2020-09-06,2026-05-10T03:36:52Z,1806x833,9e44b2485e9e9458bc14d66df71a2e01,Agaricus bisporus | processed:1024x472
wikimedia_149520036,data/processed/sano/wikimedia_149520036.jpg,sano,wikimedia,https://upload.wikimedia.org/wikipedia/commons/b/b4/Agaricus_bisporus_%283%29.jpg?utm_source=commons.wikimedia.org&utm_campaign=imageinfo&utm_content=original,149520036,CC0-1.0,Fumikas Sagisavas,2024-06-12 10:13:57,2026-05-10T03:36:55Z,3000x3000,f2285259226049082ca041dc34bc60d4,Agaricus bisporus | processed:1024x1024
wikimedia_150832535,data/processed/sano/wikimedia_150832535.jpg,sano,wikimedia,https://upload.wikimedia.org/wikipedia/commons/5/5b/Agaricus_bisporus_1.jpg?utm_source=commons.wikimedia.org&utm_campaign=imageinfo&utm_content=original,150832535,CC-BY-SA-4.0,Jose Angel Urquia Goitia,2024-07-23,2026-05-10T03:36:56Z,1119x831,57f629096319172edd62797a78ee53c8,Agaricus bisporus | processed:1024x760
wikimedia_150832567,data/processed/sano/wikimedia_150832567.jpg,sano,wikimedia,https://upload.wikimedia.org/wikipedia/commons/e/e2/Agaricus_bisporus_2.jpg?utm_source=commons.wikimedia.org&utm_campaign=imageinfo&utm_content=original,150832567,CC-BY-SA-4.0,Jose Angel Urquia Goitia,2024-07-23,2026-05-10T03:36:57Z,1096x833,c4b0a9f96cdaacd93698d612ac3a0855,Agaricus bisporus | processed:1024x778
wikimedia_119782977,data/processed/sano/wikimedia_119782977.jpg,sano,wikimedia,https://upload.wikimedia.org/wikipedia/commons/c/c6/Braune_Champignons_IMG_20220505_155106.jpg?utm_source=commons.wikimedia.org&utm_campaign=imageinfo&utm_content=original,119782977,CC-BY-SA-4.0,IgorCalzone1,2022-05-05 12:23:16,2026-05-10T03:36:59Z,4000x3000,036c322e51eafa284b2f43123d836128,Agaricus bisporus | processed:1024x768
wikimedia_148838464,data/processed/sano/wikimedia_148838464.jpg,sano,wikimedia,https://upload.wikimedia.org/wikipedia/commons/9/91/Button_Mushrooms.jpg?utm_source=commons.wikimedia.org&utm_campaign=imageinfo&utm_content=original,148838464,CC-BY-SA-4.0,Yakshitha,27 May 2024 (according to <span ,2026-05-10T03:37:00Z,2296x3796,a925e73b6cc77afc0e1480d0567ba499,Agaricus bisporus | processed:619x1024
gbif_5243447_4880649114_0,data/processed/sano/gbif_5243447_4880649114_0.jpg,sano,gbif,https://observation.org/photos/73763362.jpg,5243447:4880649114:0,CC-BY-NC-ND-4.0,Kees Roobeek,2023-08-02,2026-05-10T03:37:22Z,1000x663,b17a05170444066649de85df71fd015d,Netherlands | processed:1000x663
gbif_5243447_4880649114_1,data/processed/sano/gbif_5243447_4880649114_1.jpg,sano,gbif,https://observation.org/photos/73763363.jpg,5243447:4880649114:1,CC-BY-NC-ND-4.0,Kees Roobeek,2023-08-02,2026-05-10T03:37:23Z,1000x663,87db3ad6a19170c17f1732281addf6db,Netherlands | processed:1000x663
gbif_5243447_4880649114_2,data/processed/sano/gbif_5243447_4880649114_2.jpg,sano,gbif,https://observation.org/photos/73763365.jpg,5243447:4880649114:2,CC-BY-NC-ND-4.0,Kees Roobeek,2023-08-02,2026-05-10T03:37:24Z,1000x663,08032984fff39181b1f0896e250182b3,Netherlands | processed:1000x663
gbif_5243447_6231145775_0,data/processed/sano/gbif_5243447_6231145775_0.jpg,sano,gbif,https://mushroomobserver.org/images/1280/1603370.jpg,5243447:6231145775:0,CC-BY-NC-4.0,MO Observers,2023-09-27,2026-05-10T03:37:26Z,960x1280,d7aee28d09ef23b626967c83775b83b0,Colombia | processed:768x1024
gbif_5243447_6231145775_1,data/processed/sano/gbif_5243447_6231145775_1.jpg,sano,gbif,https://mushroomobserver.org/images/1280/1603371.jpg,5243447:6231145775:1,CC-BY-NC-4.0,MO Observers,2023-09-27,2026-05-10T03:37:27Z,960x1280,27e2791789a126154c4c9929e664b035,Colombia | processed:768x1024
gbif_5243447_6231145775_2,data/processed/sano/gbif_5243447_6231145775_2.jpg,sano,gbif,https://mushroomobserver.org/images/1280/1603372.jpg,5243447:6231145775:2,CC-BY-NC-4.0,MO Observers,2023-09-27,2026-05-10T03:37:28Z,960x1280,b13e6acf9b851360fe6f0e3af2aef624,Colombia | processed:768x1024
gbif_5243447_6231145775_3,data/processed/sano/gbif_5243447_6231145775_3.jpg,sano,gbif,https://mushroomobserver.org/images/1280/1603373.jpg,5243447:6231145775:3,CC-BY-NC-4.0,MO Observers,2023-09-27,2026-05-10T03:37:29Z,960x1280,d604d15b8859da725eb217738839df4e,Colombia | processed:768x1024
gbif_5243447_6231145775_4,data/processed/sano/gbif_5243447_6231145775_4.jpg,sano,gbif,https://mushroomobserver.org/images/1280/1603374.jpg,5243447:6231145775:4,CC-BY-NC-4.0,MO Observers,2023-09-27,2026-05-10T03:37:30Z,960x1280,73d62cde7dce51d6b08a8ce0ed3b2bd5,Colombia | processed:768x1024
gbif_5243447_6231145775_5,data/processed/sano/gbif_5243447_6231145775_5.jpg,sano,gbif,https://mushroomobserver.org/images/1280/1603375.jpg,5243447:6231145775:5,CC-BY-NC-4.0,MO Observers,2023-09-27,2026-05-10T03:37:31Z,960x1280,2b42877cafd7fd5b58aff547fac3aad0,Colombia | processed:768x1024
gbif_5243447_6231145775_6,data/processed/sano/gbif_5243447_6231145775_6.jpg,sano,gbif,https://mushroomobserver.org/images/1280/1603376.jpg,5243447:6231145775:6,CC-BY-NC-4.0,MO Observers,2023-09-27,2026-05-10T03:37:32Z,960x1280,fc8a9287a2c1355b02c19ada044d5f46,Colombia | processed:768x1024
wikimedia_148838472,data/processed/sano/wikimedia_148838472.jpg,sano,wikimedia,https://upload.wikimedia.org/wikipedia/commons/c/c5/Button_Mushrooms_2.jpg?utm_source=commons.wikimedia.org&utm_campaign=imageinfo&utm_content=original,148838472,CC-BY-SA-4.0,Yakshitha,27 May 2024 (according to <span ,2026-05-10T03:37:12Z,2296x4080,505c7a4984630f294c595d0e83d0a710,Agaricus bisporus | processed:576x1024
wikimedia_148838477,data/processed/sano/wikimedia_148838477.jpg,sano,wikimedia,https://upload.wikimedia.org/wikipedia/commons/4/4d/Button_Mushrooms_3.jpg?utm_source=commons.wikimedia.org&utm_campaign=imageinfo&utm_content=original,148838477,CC-BY-SA-4.0,Yakshitha,27 May 2024 (according to <span ,2026-05-10T03:37:12Z,2296x4080,d0202fedebba297bdb1c56d8866f3782,Agaricus bisporus | processed:576x1024
wikimedia_148838486,data/processed/sano/wikimedia_148838486.jpg,sano,wikimedia,https://upload.wikimedia.org/wikipedia/commons/3/39/Button_Mushrooms_4.jpg?utm_source=commons.wikimedia.org&utm_campaign=imageinfo&utm_content=original,148838486,CC-BY-SA-4.0,Yakshitha,27 May 2024 (according to <span ,2026-05-10T03:37:13Z,4080x2296,6b5eb6dc6b9fe98a52b04eb3ab9090a3,Agaricus bisporus | processed:1024x576
wikimedia_148838491,data/processed/sano/wikimedia_148838491.jpg,sano,wikimedia,https://upload.wikimedia.org/wikipedia/commons/c/cd/Button_Mushrooms_5.jpg?utm_source=commons.wikimedia.org&utm_campaign=imageinfo&utm_content=original,148838491,CC-BY-SA-4.0,Yakshitha,27 May 2024 (according to <span ,2026-05-10T03:37:14Z,4080x2296,1a5de5acdb09700f856c306ec6183c6d,Agaricus bisporus | processed:1024x576
wikimedia_148838510,data/processed/sano/wikimedia_148838510.jpg,sano,wikimedia,https://upload.wikimedia.org/wikipedia/commons/4/46/Button_Mushrooms_6.jpg?utm_source=commons.wikimedia.org&utm_campaign=imageinfo&utm_content=original,148838510,CC-BY-SA-4.0,Yakshitha,27 May 2024 (according to <span ,2026-05-10T03:37:16Z,2296x4080,20657137ccaed7a0403cdcae6b91e9c0,Agaricus bisporus | processed:576x1024
wikimedia_116052217,data/processed/sano/wikimedia_116052217.jpg,sano,wikimedia,https://upload.wikimedia.org/wikipedia/commons/e/eb/Champignon_%2C_pas_celui_promis_par_le_fou_et_assasin_russe_-_Flickr_-_besopha.jpg?utm_source=commons.wikimedia.org&utm_campaign=imageinfo&utm_content=original,116052217,CC-BY-4.0,besopha,"Taken on 3 October 2021, 15:51",2026-05-10T03:37:17Z,4009x2673,7ee805d251e63808cf20854bd188e392,Agaricus bisporus | processed:1024x683
wikimedia_9845512,data/processed/sano/wikimedia_9845512.jpg,sano,wikimedia,https://upload.wikimedia.org/wikipedia/commons/f/f3/Champi%C3%B1ones_al_ajillo_%28Madrid%29.jpg?utm_source=commons.wikimedia.org&utm_campaign=imageinfo&utm_content=original,9845512,CC-BY-4.0,Tamorlan,,2026-05-10T03:37:21Z,3888x2592,71261d1b953571d0a732391d0b0017f0,Agaricus bisporus | processed:1024x683
wikimedia_153502399,data/processed/sano/wikimedia_153502399.jpg,sano,wikimedia,https://upload.wikimedia.org/wikipedia/commons/3/36/Cortinaire_vari%C3%A9%282%29-_%C3%A9dition_3_oct_2024.jpg?utm_source=commons.wikimedia.org&utm_campaign=imageinfo&utm_content=original,153502399,CC0-1.0,Gard Nicolas et Sabine,2024-10-03,2026-05-10T03:37:22Z,3847x2538,da4bf88ef6bc3097cd86939cec1751aa,Agaricus bisporus | processed:1024x676
wikimedia_153500971,data/processed/sano/wikimedia_153500971.jpg,sano,wikimedia,https://upload.wikimedia.org/wikipedia/commons/4/46/Cortinaire_vari%C3%A9_oct.2024_-_Valais_-Suisse.jpg?utm_source=commons.wikimedia.org&utm_campaign=imageinfo&utm_content=original,153500971,CC0-1.0,Gard Nicolas et Sabine,2019-09-11,2026-05-10T03:37:23Z,4418x2927,692bf819116a9943de8932a6598c3321,Agaricus bisporus | processed:1024x678
wikimedia_157401203,data/processed/sano/wikimedia_157401203.jpg,sano,wikimedia,https://upload.wikimedia.org/wikipedia/commons/b/b7/Dinner_in_The_Old_Weavers_Restaurant%2C_Canterbury_2024-12-29.jpg?utm_source=commons.wikimedia.org&utm_campaign=imageinfo&utm_content=original,157401203,CC0-1.0,Andy Li,2024-12-29 18:24:39,2026-05-10T03:37:25Z,8160x6144,f755e86f90a4ec7a244e970714cdfabd,Agaricus bisporus | processed:1024x771
wikimedia_8814961,data/processed/sano/wikimedia_8814961.jpg,sano,wikimedia,https://upload.wikimedia.org/wikipedia/commons/7/76/Flickr_-_cyclonebill_-_Pasta_med_pesto%2C_kammuslinger_og_champignons.jpg?utm_source=commons.wikimedia.org&utm_campaign=imageinfo&utm_content=original,8814961,CC-BY-SA-4.0,cyclonebill,2009-05-21 19:14,2026-05-10T03:37:27Z,3264x2448,c6f4471ea97e72869d6d8dc14e982d66,Agaricus bisporus | processed:1024x768
wikimedia_8823815,data/processed/sano/wikimedia_8823815.jpg,sano,wikimedia,https://upload.wikimedia.org/wikipedia/commons/1/18/Flickr_-_cyclonebill_-_Salat_med_bacon%2C_popcorn_og_champignon.jpg?utm_source=commons.wikimedia.org&utm_campaign=imageinfo&utm_content=original,8823815,CC-BY-SA-4.0,cyclonebill,2002-09-02 19:24,2026-05-10T03:37:28Z,1600x1200,a9b862f87e1f4829c4d381cc295b9a42,Agaricus bisporus | processed:1024x768
wikimedia_14760260,data/processed/sano/wikimedia_14760260.jpg,sano,wikimedia,https://upload.wikimedia.org/wikipedia/commons/d/df/Fresh-Cut-Crimini-Mushrooms.JPG?utm_source=commons.wikimedia.org&utm_campaign=imageinfo&utm_content=original,14760260,CC-BY-SA-4.0,Jasenlee,2011-03-30,2026-05-10T03:37:29Z,2592x1936,334c653c0bcd88d4a501f0d835329f93,Agaricus bisporus | processed:1024x765
wikimedia_23027546,data/processed/sano/wikimedia_23027546.jpg,sano,wikimedia,https://upload.wikimedia.org/wikipedia/commons/4/43/Funghi.champignon_cotti.JPG?utm_source=commons.wikimedia.org&utm_campaign=imageinfo&utm_content=original,23027546,CC-BY-SA-4.0,Roger469,2012-01-15 05:34:05,2026-05-10T03:37:30Z,1600x1200,4826e76cc113da6f41136d4325873d44,Agaricus bisporus | processed:1024x768
wikimedia_155032897,data/processed/sano/wikimedia_155032897.jpg,sano,wikimedia,https://upload.wikimedia.org/wikipedia/commons/b/bc/Garden_salad_with_portobello_mushrooms_-_Auckland%2C_New_Zealand.jpg?utm_source=commons.wikimedia.org&utm_campaign=imageinfo&utm_content=original,155032897,CC0-1.0,Daderot,"Taken on 9 November 2024, 13:52",2026-05-10T03:37:31Z,2208x2214,ddea9c43f35a2fe74d347059c52e9ac9,Agaricus bisporus | processed:1021x1024
wikimedia_156090206,data/processed/sano/wikimedia_156090206.jpg,sano,wikimedia,https://upload.wikimedia.org/wikipedia/commons/6/6c/Morille_commune_au_pied_de_jonquilles_01.jpg?utm_source=commons.wikimedia.org&utm_campaign=imageinfo&utm_content=original,156090206,CC-BY-SA-4.0,Z0E 6868,2024-03-03 12:30:28,2026-05-10T03:37:33Z,5184x3456,493aafdb669ae4ff1169b5fbf3a4c2cf,Agaricus bisporus | processed:683x1024
wikimedia_156090205,data/processed/sano/wikimedia_156090205.jpg,sano,wikimedia,https://upload.wikimedia.org/wikipedia/commons/9/92/Morille_commune_au_pied_de_jonquilles_02.jpg?utm_source=commons.wikimedia.org&utm_campaign=imageinfo&utm_content=original,156090205,CC-BY-SA-4.0,Z0E 6868,2024-03-03 12:17:12,2026-05-10T03:37:34Z,5184x3456,499fe2a38890a6e2fd39ed3ae153ba11,Agaricus bisporus | processed:1024x683
wikimedia_157549193,data/processed/sano/wikimedia_157549193.jpg,sano,wikimedia,https://upload.wikimedia.org/wikipedia/commons/1/19/Plicaturopsis_crispa%2C_janvier_2025_%281%29.jpg?utm_source=commons.wikimedia.org&utm_campaign=imageinfo&utm_content=original,157549193,CC0-1.0,DidierFy,2025-01-04 15:06:01,2026-05-10T03:37:36Z,5745x3830,f1467d42d2e6ff9044f84a67b56ab151,Agaricus bisporus | processed:1024x683
wikimedia_157549196,data/processed/sano/wikimedia_157549196.jpg,sano,wikimedia,https://upload.wikimedia.org/wikipedia/commons/0/0c/Plicaturopsis_crispa%2C_janvier_2025_%283%29.jpg?utm_source=commons.wikimedia.org&utm_campaign=imageinfo&utm_content=original,157549196,CC0-1.0,DidierFy,2025-01-04 16:14:34,2026-05-10T03:37:39Z,8192x6144,bfded675f7f02984145d448386ac915a,Agaricus bisporus | processed:768x1024
wikimedia_145921398,data/processed/sano/wikimedia_145921398.jpg,sano,wikimedia,https://upload.wikimedia.org/wikipedia/commons/8/8a/Polypore_dent%C3%A9.jpg?utm_source=commons.wikimedia.org&utm_campaign=imageinfo&utm_content=original,145921398,CC0-1.0,Raymond Trencavel,2024-02-28,2026-05-10T03:37:39Z,3468x4624,826b7c0131eacc706d0e15a75d812fcc,Agaricus bisporus | processed:768x1024
wikimedia_54564643,data/processed/sano/wikimedia_54564643.jpg,sano,wikimedia,https://upload.wikimedia.org/wikipedia/commons/b/bd/Ready_to_eat..._-_Pr%C3%AAt_%C3%A0_manger..._-_panoramio.jpg?utm_source=commons.wikimedia.org&utm_campaign=imageinfo&utm_content=original,54564643,CC-BY-4.0,Richard Mc Neil,Taken on 4 March 2012,2026-05-10T03:37:41Z,1276x998,f65d963ae6b58967e9d9a3475773e8fd,Agaricus bisporus | processed:1024x801
wikimedia_21946490,data/processed/sano/wikimedia_21946490.jpg,sano,wikimedia,https://upload.wikimedia.org/wikipedia/commons/9/94/Salade_Beau_de_Rochas.jpg?utm_source=commons.wikimedia.org&utm_campaign=imageinfo&utm_content=original,21946490,CC-BY-SA-4.0,Fefe0406,2012-10-07 11:41:46,2026-05-10T03:37:42Z,960x866,c2930b948f4d528d9c7a3bf2f9f777a7,Agaricus bisporus | processed:960x866
wikimedia_135308332,data/processed/sano/wikimedia_135308332.jpg,sano,wikimedia,https://upload.wikimedia.org/wikipedia/commons/e/e8/Siempre_el_mejor_Pycnoporus_sanguineus_nunca_un_com%C3%BAn_Agaricus_bisporus.jpg?utm_source=commons.wikimedia.org&utm_campaign=imageinfo&utm_content=original,135308332,CC-BY-SA-4.0,Maya LázaroQ.,2023-07-19 12:56:39,2026-05-10T03:37:54Z,6000x4000,fee16c7e802c2b059b883779c9798ae7,Agaricus bisporus | processed:1024x683
wikimedia_78926459,data/processed/sano/wikimedia_78926459.jpg,sano,wikimedia,https://upload.wikimedia.org/wikipedia/commons/f/fe/Straatchampignon_%28Agaricus_bitorquis%29.jpg?utm_source=commons.wikimedia.org&utm_campaign=imageinfo&utm_content=original,78926459,CC-BY-SA-4.0,Hans5560,2019-05-12 15:17:29,2026-05-10T03:37:55Z,4288x2848,113bb8c6238f067f84b001318d9b6b0f,Agaricus bisporus | processed:1024x680
wikimedia_178926359,data/processed/sano/wikimedia_178926359.jpg,sano,wikimedia,https://upload.wikimedia.org/wikipedia/commons/c/ce/%D0%9F%D1%80%D0%B6%D0%B5%D0%BD%D0%B8_%D1%88%D0%B0%D0%BC%D0%BF%D0%B8%D1%9A%D0%BE%D0%BD%D0%B8_%D1%81%D0%BE_%D0%BA%D1%80%D0%BE%D0%BC%D0%B8%D0%B4_%D0%B8_%D0%BC%D0%BE%D1%80%D0%BA%D0%BE%D0%B2.jpg?utm_source=commons.wikimedia.org&utm_campaign=imageinfo&utm_content=original,178926359,CC-BY-SA-4.0,Sentimentalna,2025-11-22 22:42:27,2026-05-10T03:37:56Z,3060x4080,e0628fa62680f1dd660369caa1cec601,Agaricus bisporus | processed:768x1024
wikimedia_111652541,data/processed/sano/wikimedia_111652541.jpg,sano,wikimedia,https://upload.wikimedia.org/wikipedia/commons/f/f4/%E3%81%BE%E3%81%BB%E3%82%8D%E3%81%B0%E3%81%AE3%E7%A8%AE%E7%9B%9B%E3%82%8A%28%E3%82%88%E3%81%A0%E3%82%8C%E9%B6%8F%EF%BC%8C%E9%B6%8F%E3%81%A8%E6%A0%97%E3%81%A8%E3%83%9E%E3%83%83%E3%82%B7%E3%83%A5%E3%83%AB%E3%83%BC%E3%83%A0%E3%81%AE%E3%82%AD%E3%83%83%E3%82%B7%E3%83%A5%EF%BC%8C%E3%82%BF%E3%82%B3%E3%81%A8%E5%A4%A7%E8%91%89%E3%82%B8%E3%82%A7%E3%83%8E%E3%83%99%E3%83%BC%E3%82%BC%E3%82%BD%E3%83%BC%E3%82%B9%E3%81%AE%E3%83%9D%E3%83%86%E3%82%B5%E3%83%A9%29IMG_20211023_181913_HDR.jpg?utm_source=commons.wikimedia.org&utm_campaign=imageinfo&utm_content=original,111652541,CC-BY-SA-4.0,経済特区,Taken on 23 October 2021 18:19:1,2026-05-10T03:37:57Z,3840x2160,24663aa5cad08cead1b9bee3f2b77ff3,Agaricus bisporus | processed:1024x576
wikimedia_61384524,data/processed/sano/wikimedia_61384524.jpg,sano,wikimedia,https://upload.wikimedia.org/wikipedia/commons/2/28/%E8%98%91%E8%8F%87%E8%B1%86%E8%85%90%E8%A3%BD%E7%A8%8B_01.jpg?utm_source=commons.wikimedia.org&utm_campaign=imageinfo&utm_content=original,61384524,CC-BY-SA-4.0,FireFeather,2017-07-30 11:14:44,2026-05-10T03:37:58Z,4032x3024,2218dade70e60bcfc7d9fc6ce2281ce2,Agaricus bisporus | processed:1024x768
wikimedia_84802607,data/processed/sano/wikimedia_84802607.jpg,sano,wikimedia,https://upload.wikimedia.org/wikipedia/commons/5/50/-2019-12-10_Beef_Stroganoff%2C_Trimingham_%282%29.JPG?utm_source=commons.wikimedia.org&utm_campaign=imageinfo&utm_content=original,84802607,CC-BY-SA-4.0,"Kolforn (Kolforn)
I'd appreciate if you could mail me (Kolforn@gmail.com) if you want to use this picture out of the Wikimedia project scope.



 This file is licensed under the Creative Commons Attri",tirada a 10 de Dezembro de 2019,2026-05-10T03:37:59Z,3203x3149,b8c822fa3cb633ae46176255b6e53d98,Agaricus bisporus | processed:1024x1007
wikimedia_33880176,data/processed/sano/wikimedia_33880176.jpg,sano,wikimedia,https://upload.wikimedia.org/wikipedia/commons/d/db/2c_-_Agaricus_%289774555173%29.jpg?utm_source=commons.wikimedia.org&utm_campaign=imageinfo&utm_content=original,33880176,CC-BY-4.0,"Leslie Seaton from Seattle, WA, USA",2012-10-14 15:09,2026-05-10T03:38:02Z,1600x1067,e1c20b35c0ca0bfb49d146f44baa8349,Agaricus bisporus | processed:1024x683
wikimedia_30581384,data/processed/sano/wikimedia_30581384.jpg,sano,wikimedia,https://upload.wikimedia.org/wikipedia/commons/1/1f/Agaricus-bisporus-1291.jpg?utm_source=commons.wikimedia.org&utm_campaign=imageinfo&utm_content=original,30581384,CC-BY-SA-4.0,Mars 2002,2005-08-20 18:22:29,2026-05-10T03:38:03Z,1920x2560,6c195f08190bd4111c7b20730d9f4061,Agaricus bisporus | processed:768x1024
wikimedia_94092866,data/processed/sano/wikimedia_94092866.jpg,sano,wikimedia,https://upload.wikimedia.org/wikipedia/commons/c/ca/Agaricus_campestris_IMG_20200912_170107.jpg?utm_source=commons.wikimedia.org&utm_campaign=imageinfo&utm_content=original,94092866,CC-BY-SA-4.0,Accuruss,2020-09-12 17:01:07,2026-05-10T03:38:04Z,3024x4032,297b818d0430a5e2266bf994bc5d2c49,Agaricus bisporus | processed:768x1024
wikimedia_94092869,data/processed/sano/wikimedia_94092869.jpg,sano,wikimedia,https://upload.wikimedia.org/wikipedia/commons/6/67/Agaricus_campestris_IMG_20200913_185532.jpg?utm_source=commons.wikimedia.org&utm_campaign=imageinfo&utm_content=original,94092869,CC-BY-SA-4.0,Accuruss,2020-09-13 18:55:33,2026-05-10T03:38:05Z,3024x4032,fd2734857d5b1dba42eef5168f86efe7,Agaricus bisporus | processed:768x1024
wikimedia_108180546,data/processed/sano/wikimedia_108180546.jpg,sano,wikimedia,https://upload.wikimedia.org/wikipedia/commons/7/7f/Ampliaci%C3%B3n_de_las_instalaciones_de_la_Sociedad_Cooperativa_%E2%80%98Mercaj%C3%BAcar%E2%80%99_%2833199441631%29.jpg?utm_source=commons.wikimedia.org&utm_campaign=imageinfo&utm_content=original,108180546,CC-BY-SA-4.0,"Emiliano García-Page Sánchez from Toledo, España",2017-03-08 17:25,2026-05-10T03:38:07Z,4512x3008,81b74acc18be0b8eb4a784892aec0ec4,Agaricus bisporus | processed:1024x683
wikimedia_37878439,data/processed/sano/wikimedia_37878439.jpg,sano,wikimedia,https://upload.wikimedia.org/wikipedia/commons/a/a5/Apicius_Honeyred_mushrooms%2C_Ingredients_%2815168854543%29.jpg?utm_source=commons.wikimedia.org&utm_campaign=imageinfo&utm_content=original,37878439,CC-BY-SA-4.0,"Carole Raddato from FRANKFURT, Germany",2014-11-14 19:20,2026-05-10T03:38:07Z,1939x1326,6f59ec85d3b5684e31219dffaa019c71,Agaricus bisporus | processed:1024x700
wikimedia_104860094,data/processed/sano/wikimedia_104860094.jpg,sano,wikimedia,https://upload.wikimedia.org/wikipedia/commons/7/79/Champignon_comestible_%2827807776076%29.jpg?utm_source=commons.wikimedia.org&utm_campaign=imageinfo&utm_content=original,104860094,CC-BY-SA-4.0,"sergio niebla from Cd. Victoria, Tamaulipas, México",2015-06-25 08:48,2026-05-10T03:38:21Z,6000x3376,59a4a1df128fca990089a14392141ec9,Agaricus bisporus | processed:1024x576
wikimedia_91194493,data/processed/sano/wikimedia_91194493.jpg,sano,wikimedia,https://upload.wikimedia.org/wikipedia/commons/0/04/Champignonzucht_in_den_H%C3%B6hlen_von_Villavard.jpg?utm_source=commons.wikimedia.org&utm_campaign=imageinfo&utm_content=original,91194493,CC-BY-SA-4.0,Oliver Schöpgens,2019-10-24,2026-05-10T03:38:23Z,3441x1630,6af121f9e202ae147b5d6df364b19e75,Agaricus bisporus | processed:1024x485
wikimedia_76114401,data/processed/sano/wikimedia_76114401.jpg,sano,wikimedia,https://upload.wikimedia.org/wikipedia/commons/7/76/Cooked_champignon_mushroom.jpg?utm_source=commons.wikimedia.org&utm_campaign=imageinfo&utm_content=original,76114401,CC-BY-SA-4.0,Nowforever,2019-01-26,2026-05-10T03:38:24Z,3024x3024,890e17274b414ca738dfb9389d3ffde1,Agaricus bisporus | processed:1024x1024
gbif_5243447_3822944904_0,data/processed/sano/gbif_5243447_3822944904_0.jpg,sano,gbif,https://observation.org/photos/46397925.jpg,5243447:3822944904:0,CC-BY-NC-ND-4.0,W. Jansen,2022-02-11,2026-05-10T03:37:49Z,1000x750,0aca47e21caa98022872b12d4a2bd199,Netherlands | processed:1000x750
gbif_5243447_3822944904_1,data/processed/sano/gbif_5243447_3822944904_1.jpg,sano,gbif,https://observation.org/photos/46397963.jpg,5243447:3822944904:1,CC-BY-NC-ND-4.0,W. Jansen,2022-02-11,2026-05-10T03:37:50Z,750x1000,ee119a1696bcd2b0c6c77fad384a3782,Netherlands | processed:750x1000
gbif_5243447_3822944904_2,data/processed/sano/gbif_5243447_3822944904_2.jpg,sano,gbif,https://observation.org/photos/46397964.jpg,5243447:3822944904:2,CC-BY-NC-ND-4.0,W. Jansen,2022-02-11,2026-05-10T03:37:51Z,1000x750,2459e01f149c75c627c3800eee63e7be,Netherlands | processed:1000x750
gbif_5243447_3822944904_3,data/processed/sano/gbif_5243447_3822944904_3.jpg,sano,gbif,https://observation.org/photos/46397965.jpg,5243447:3822944904:3,CC-BY-NC-ND-4.0,W. Jansen,2022-02-11,2026-05-10T03:37:52Z,1000x779,bc204d2b943000e45dfc558271e148fc,Netherlands | processed:1000x779
gbif_5243447_3822944904_4,data/processed/sano/gbif_5243447_3822944904_4.jpg,sano,gbif,https://observation.org/photos/46397966.jpg,5243447:3822944904:4,CC-BY-NC-ND-4.0,W. Jansen,2022-02-11,2026-05-10T03:37:53Z,1000x750,585d5c2c5f45b4858f1bf67c9d19d293,Netherlands | processed:1000x750
gbif_5243447_5061162553_0,data/processed/sano/gbif_5243447_5061162553_0.jpg,sano,gbif,https://observation.org/photos/46364071.jpg,5243447:5061162553:0,CC-BY-NC-ND-4.0,herman sieben,2022-02-11,2026-05-10T03:37:54Z,750x1000,9af0e9ea7860f6f9a6099c5614e9458b,Netherlands | processed:750x1000
gbif_5243447_5061162553_1,data/processed/sano/gbif_5243447_5061162553_1.jpg,sano,gbif,https://observation.org/photos/46364072.jpg,5243447:5061162553:1,CC-BY-NC-ND-4.0,herman sieben,2022-02-11,2026-05-10T03:37:55Z,750x1000,297ff135707ef5fab6005705daa18c67,Netherlands | processed:750x1000
gbif_5243447_5061162553_2,data/processed/sano/gbif_5243447_5061162553_2.jpg,sano,gbif,https://observation.org/photos/46364073.jpg,5243447:5061162553:2,CC-BY-NC-ND-4.0,herman sieben,2022-02-11,2026-05-10T03:37:56Z,750x1000,e72ee4d32caf02ccfae6b537f13dda60,Netherlands | processed:750x1000
gbif_5243447_5061162553_3,data/processed/sano/gbif_5243447_5061162553_3.jpg,sano,gbif,https://observation.org/photos/46364074.jpg,5243447:5061162553:3,CC-BY-NC-ND-4.0,herman sieben,2022-02-11,2026-05-10T03:37:57Z,750x1000,6fb2ce30be16dcde228168c9be021fb2,Netherlands | processed:750x1000
gbif_5243447_6231412041_2,data/processed/sano/gbif_5243447_6231412041_2.jpg,sano,gbif,https://mushroomobserver.org/images/1280/1462584.jpg,5243447:6231412041:2,CC-BY-NC-4.0,MO Observers,2022-05-26,2026-05-10T03:38:04Z,960x1280,180bba2861dabad1ebf00473454b509b,United States of America | processed:768x1024
gbif_5243447_6231241684_0,data/processed/sano/gbif_5243447_6231241684_0.jpg,sano,gbif,https://mushroomobserver.org/images/1280/1491477.jpg,5243447:6231241684:0,CC-BY-NC-4.0,MO Observers,2022-07-31,2026-05-10T03:38:13Z,1024x768,6e7da19c4e8e76b955db9198533970da,United States of America | processed:1024x768
gbif_5243447_6231241684_1,data/processed/sano/gbif_5243447_6231241684_1.jpg,sano,gbif,https://mushroomobserver.org/images/1280/1491478.jpg,5243447:6231241684:1,CC-BY-NC-4.0,MO Observers,2022-07-31,2026-05-10T03:38:14Z,1024x768,1a93fec89f8fa4a8b29b6b4c5c578212,United States of America | processed:1024x768
gbif_5243447_6231241684_2,data/processed/sano/gbif_5243447_6231241684_2.jpg,sano,gbif,https://mushroomobserver.org/images/1280/1491479.jpg,5243447:6231241684:2,CC-BY-NC-4.0,MO Observers,2022-07-31,2026-05-10T03:38:15Z,768x1024,d44db3345a888e891a98f918f2ce36c5,United States of America | processed:768x1024
gbif_5243447_3960579530_0,data/processed/sano/gbif_5243447_3960579530_0.jpg,sano,gbif,https://www.artsobservasjoner.no/MediaLibrary/2022/10/1598988a-c52a-47df-bebd-84af3ce8f876_image.jpg,5243447:3960579530:0,CC-BY-4.0,Ole Christian Hagestad,2022-08-22,2026-05-10T03:38:19Z,1600x1200,684f62c211da1f16d52d3dfc6b802ce1,Norway | processed:1024x768
gbif_5243447_3960579530_1,data/processed/sano/gbif_5243447_3960579530_1.jpg,sano,gbif,https://www.artsobservasjoner.no/MediaLibrary/2022/10/5c0c3505-87ce-4c93-ae98-469bf374b29c_image.jpg,5243447:3960579530:1,CC-BY-4.0,Ole Christian Hagestad,2022-08-22,2026-05-10T03:38:20Z,1600x1200,f9637cbf76967aedbf5c80245ef9c78e,Norway | processed:1024x768
gbif_5243447_4598174317_0,data/processed/sano/gbif_5243447_4598174317_0.jpg,sano,gbif,https://s3.hpc.ut.ee/plutof-public/large/65aab54f-8510-4fff-890f-d83bd8088ef7.jpg,5243447:4598174317:0,CC-BY-NC-4.0,Arnold Knijn,2022-12-30,2026-05-10T03:38:56Z,1600x1169,9695390368ce57f2e7f9f62560a3c542,Italy | processed:1024x748
gbif_5243447_3412248396_0,data/processed/sano/gbif_5243447_3412248396_0.jpg,sano,gbif,https://s3.hpc.ut.ee/plutof-public/large/06c8061b-4807-4bbb-babd-6bf26b7cca45.jpg,5243447:3412248396:0,CC-BY-NC-4.0,Amalia Ferretti,2021-01-16,2026-05-10T03:38:57Z,1600x1203,298fdd80eb53b5d504694d895f3c9741,Italy | processed:1024x770
gbif_5243447_3122828316_0,data/processed/sano/gbif_5243447_3122828316_0.jpg,sano,gbif,https://svampe.databasen.org/uploads/2021-10184797_BkHy7BKYu.JPG,5243447:3122828316:0,CC-BY-NC-4.0,Per Schilling,2021-05-24,2026-05-10T03:38:58Z,3024x4032,e6c04ecdec2164dd153f4aad7bcfb5c8,Denmark | processed:768x1024
gbif_5243447_3122828316_1,data/processed/sano/gbif_5243447_3122828316_1.jpg,sano,gbif,https://svampe.databasen.org/uploads/2021-10184797_HJP17HKtO.JPG,5243447:3122828316:1,CC-BY-NC-4.0,Per Schilling,2021-05-24,2026-05-10T03:38:58Z,3024x4032,4ec00e05d88066ded9474f7b6da75e57,Denmark | processed:768x1024
gbif_5243447_3122828316_2,data/processed/sano/gbif_5243447_3122828316_2.jpg,sano,gbif,https://svampe.databasen.org/uploads/2021-10184797_HymyQSYFO.JPG,5243447:3122828316:2,CC-BY-NC-4.0,Per Schilling,2021-05-24,2026-05-10T03:38:59Z,1452x1937,04bf61457337e19363699e7caa3ff77e,Denmark | processed:768x1024
gbif_5243447_3122828316_3,data/processed/sano/gbif_5243447_3122828316_3.jpg,sano,gbif,https://svampe.databasen.org/uploads/2021-10184797_SyeSkmrYFd.JPG,5243447:3122828316:3,CC-BY-NC-4.0,Per Schilling,2021-05-24,2026-05-10T03:39:00Z,986x1314,c15a996f8f06e2a932d7a916b72c3231,Denmark | processed:768x1024
gbif_5243447_3122828316_4,data/processed/sano/gbif_5243447_3122828316_4.jpg,sano,gbif,https://svampe.databasen.org/uploads/2021-10184797_r1SyQBKFd.JPG,5243447:3122828316:4,CC-BY-NC-4.0,Per Schilling,2021-05-24,2026-05-10T03:39:01Z,2560x1922,6acfd6d61c371b9e404e6d7a3759c807,Denmark | processed:1024x769
gbif_5243447_3122828316_5,data/processed/sano/gbif_5243447_3122828316_5.jpg,sano,gbif,https://svampe.databasen.org/uploads/2021-10184797_rkNJQrYY_.JPG,5243447:3122828316:5,CC-BY-NC-4.0,Per Schilling,2021-05-24,2026-05-10T03:39:03Z,2956x2217,84df88b3ce36f332da3480918052168b,Denmark | processed:1024x768
gbif_5243447_3126932310_0,data/processed/sano/gbif_5243447_3126932310_0.jpg,sano,gbif,https://svampe.databasen.org/uploads/2021-10185631_ByMW61-cu.JPG,5243447:3126932310:0,CC-BY-NC-4.0,Mea Mette Lysdahl,2021-05-30,2026-05-10T03:39:03Z,4032x3024,9dd0a81817f33763f115818ed0704e8c,Denmark | processed:1024x768
gbif_5243447_3126932310_1,data/processed/sano/gbif_5243447_3126932310_1.jpg,sano,gbif,https://svampe.databasen.org/uploads/2021-10185631_HklzWakZ5O.JPG,5243447:3126932310:1,CC-BY-NC-4.0,Mea Mette Lysdahl,2021-05-30,2026-05-10T03:39:05Z,3024x4032,c9565c345ed044a99af809f045f13a39,Denmark | processed:768x1024
gbif_5243447_3126932310_2,data/processed/sano/gbif_5243447_3126932310_2.jpg,sano,gbif,https://svampe.databasen.org/uploads/2021-10185631_SyfZaybqu.JPG,5243447:3126932310:2,CC-BY-NC-4.0,Mea Mette Lysdahl,2021-05-30,2026-05-10T03:39:05Z,4032x3024,94c204e9d23ffe543b92e59c533259bf,Denmark | processed:1024x768
gbif_5243447_4998121369_0,data/processed/sano/gbif_5243447_4998121369_0.jpg,sano,gbif,https://floragridmap.uz/uploads/original_scans/jpg/collections/34.jpg,5243447:4998121369:0,CC0-1.0,,2021-05-23,2026-05-10T03:39:21Z,3120x4160,54718cfccff182098e7d90ecf9e57c58,Uzbekistan | processed:768x1024
gbif_5243447_5086240349_0,data/processed/sano/gbif_5243447_5086240349_0.jpg,sano,gbif,https://observation.org/photos/38385641.jpg,5243447:5086240349:0,CC-BY-NC-ND-4.0,Christiane Baethcke,2021-07-01,2026-05-10T03:39:26Z,750x1000,dea975fcf338d108c963f4734468bc73,Netherlands | processed:750x1000
mushroom_observer_869,data/processed/sano/mushroom_observer_869.jpg,sano,mushroom_observer,https://mushroomobserver.org/images/orig/869.jpg,869,CC-BY-SA-4.0,Nathan Wilson,2006-10-04,2026-05-10T03:33:14Z,1280x851,7f4c3f6b7b73631bf512c1cc5fe82e2e,Agaricus bisporus | processed:1024x681
mushroom_observer_3324,data/processed/sano/mushroom_observer_3324.jpg,sano,mushroom_observer,https://mushroomobserver.org/images/orig/3324.jpg,3324,CC-BY-NC-4.0,Darvin DeShazer,2007-02-21,2026-05-10T03:33:31Z,1280x960,66aef118f8dd334eb825963883277850,Agaricus bisporus | processed:1024x768
mushroom_observer_3325,data/processed/sano/mushroom_observer_3325.jpg,sano,mushroom_observer,https://mushroomobserver.org/images/orig/3325.jpg,3325,CC-BY-NC-4.0,Darvin DeShazer,2007-02-21,2026-05-10T03:33:40Z,1280x960,9ddbbf78c607f5889b6d32a73f948186,Agaricus bisporus | processed:1024x768
mushroom_observer_6418,data/processed/sano/mushroom_observer_6418.jpg,sano,mushroom_observer,https://mushroomobserver.org/images/orig/6418.jpg,6418,CC-BY-SA-4.0,Nathan Wilson,2007-09-18,2026-05-10T03:33:48Z,1280x960,01b32f63ef659bad577ceb6f09dac16d,Agaricus bisporus | processed:1024x768
mushroom_observer_6419,data/processed/sano/mushroom_observer_6419.jpg,sano,mushroom_observer,https://mushroomobserver.org/images/orig/6419.jpg,6419,CC-BY-SA-4.0,Nathan Wilson,2007-09-18,2026-05-10T03:33:57Z,1280x960,418689161a602046ff331268fba187d7,Agaricus bisporus | processed:1024x768
mushroom_observer_6420,data/processed/sano/mushroom_observer_6420.jpg,sano,mushroom_observer,https://mushroomobserver.org/images/orig/6420.jpg,6420,CC-BY-SA-4.0,Nathan Wilson,2007-09-18,2026-05-10T03:34:06Z,1280x960,2221ecfe466e1a8c62cb74b3967a2139,Agaricus bisporus | processed:1024x768
mushroom_observer_79028,data/processed/sano/mushroom_observer_79028.jpg,sano,mushroom_observer,https://mushroomobserver.org/images/orig/79028.jpg,79028,CC-BY-SA-4.0,Ryane Snow,2010-02-22,2026-05-10T03:34:41Z,1280x960,6c8f080ddcfcd6e9d75fa06b7f574255,Agaricus bisporus | processed:1024x768
mushroom_observer_79029,data/processed/sano/mushroom_observer_79029.jpg,sano,mushroom_observer,https://mushroomobserver.org/images/orig/79029.jpg,79029,CC-BY-SA-4.0,Ryane Snow,2010-02-22,2026-05-10T03:34:49Z,1280x960,1155b7a360110ad7644631bc0920b08c,Agaricus bisporus | processed:1024x768
mushroom_observer_120020,data/processed/sano/mushroom_observer_120020.jpg,sano,mushroom_observer,https://mushroomobserver.org/images/orig/120020.jpg,120020,CC-BY-NC-4.0,Darvin DeShazer,2010-11-12,2026-05-10T03:34:58Z,1280x960,3deb8edecd3ccf741cbc44103431b8b4,Agaricus bisporus | processed:1024x768
mushroom_observer_120021,data/processed/sano/mushroom_observer_120021.jpg,sano,mushroom_observer,https://mushroomobserver.org/images/orig/120021.jpg,120021,CC-BY-NC-4.0,Darvin DeShazer,2010-11-12,2026-05-10T03:35:06Z,1280x960,daaec7abe0a4c66e14f40d5a347146e8,Agaricus bisporus | processed:1024x768
mushroom_observer_120023,data/processed/sano/mushroom_observer_120023.jpg,sano,mushroom_observer,https://mushroomobserver.org/images/orig/120023.jpg,120023,CC-BY-NC-4.0,Darvin DeShazer,2010-11-12,2026-05-10T03:35:24Z,1280x960,ed1c49e151f246b12619e865d0fd6c8e,Agaricus bisporus | processed:1024x768
mushroom_observer_153861,data/processed/sano/mushroom_observer_153861.jpg,sano,mushroom_observer,https://mushroomobserver.org/images/orig/153861.jpg,153861,CC-BY-SA-4.0,Tim Sage,2011-06-25,2026-05-10T03:36:33Z,1280x960,4acb644b95c92c1fe93ccaadd02e6a99,Agaricus bisporus | processed:1024x768
mushroom_observer_153862,data/processed/sano/mushroom_observer_153862.jpg,sano,mushroom_observer,https://mushroomobserver.org/images/orig/153862.jpg,153862,CC-BY-SA-4.0,Tim Sage,2011-06-25,2026-05-10T03:36:41Z,1280x960,0de717c7afd50213a2982821e65c7a2b,Agaricus bisporus | processed:1024x768
mushroom_observer_153863,data/processed/sano/mushroom_observer_153863.jpg,sano,mushroom_observer,https://mushroomobserver.org/images/orig/153863.jpg,153863,CC-BY-SA-4.0,Tim Sage,2011-06-25,2026-05-10T03:36:50Z,1280x960,9051287cdd869d61d9441ec0d7431ccb,Agaricus bisporus | processed:1024x768
mushroom_observer_153868,data/processed/sano/mushroom_observer_153868.jpg,sano,mushroom_observer,https://mushroomobserver.org/images/orig/153868.jpg,153868,CC-BY-SA-4.0,Tim Sage,2011-06-25,2026-05-10T03:37:33Z,1280x960,72e6ea979cc73c575d25d2b6a2193105,Agaricus bisporus | processed:1024x768
mushroom_observer_153869,data/processed/sano/mushroom_observer_153869.jpg,sano,mushroom_observer,https://mushroomobserver.org/images/orig/153869.jpg,153869,CC-BY-SA-4.0,Tim Sage,2011-06-25,2026-05-10T03:37:41Z,1280x960,b0030cb1e8c7c06dd5b1a7dd4d62102c,Agaricus bisporus | processed:1024x768
mushroom_observer_154320,data/processed/sano/mushroom_observer_154320.jpg,sano,mushroom_observer,https://mushroomobserver.org/images/orig/154320.jpg,154320,CC-BY-SA-4.0,CreamyD,2011-06-27,2026-05-10T03:37:59Z,1280x960,0bd2249b19f06540cb0d9f5278541c11,Agaricus bisporus | processed:1024x768
mushroom_observer_177167,data/processed/sano/mushroom_observer_177167.jpg,sano,mushroom_observer,https://mushroomobserver.org/images/orig/177167.jpg,177167,CC-BY-SA-4.0,George Suneson,2011-10-24,2026-05-10T03:38:16Z,1280x960,b8d7f9f532e20951a2308564877152be,Agaricus bisporus | processed:1024x768
mushroom_observer_177168,data/processed/sano/mushroom_observer_177168.jpg,sano,mushroom_observer,https://mushroomobserver.org/images/orig/177168.jpg,177168,CC-BY-SA-4.0,George Suneson,2011-10-24,2026-05-10T03:38:25Z,1280x960,c6d375e906155614369555be2e63f48a,Agaricus bisporus | processed:1024x768
mushroom_observer_201109,data/processed/sano/mushroom_observer_201109.jpg,sano,mushroom_observer,https://mushroomobserver.org/images/orig/201109.jpg,201109,CC-BY-NC-4.0,Darvin DeShazer,2012-02-25,2026-05-10T03:38:33Z,1280x960,35f3cba818153ee60857cfcb9f8091bb,Agaricus bisporus | processed:1024x768
mushroom_observer_201110,data/processed/sano/mushroom_observer_201110.jpg,sano,mushroom_observer,https://mushroomobserver.org/images/orig/201110.jpg,201110,CC-BY-NC-4.0,Darvin DeShazer,2012-02-25,2026-05-10T03:38:42Z,1280x960,ffdac0e6f43e6e492a95472c36ac1ae1,Agaricus bisporus | processed:1024x768
mushroom_observer_219513,data/processed/sano/mushroom_observer_219513.jpg,sano,mushroom_observer,https://mushroomobserver.org/images/orig/219513.jpg,219513,CC-BY-SA-4.0,Tim Sage,2012-05-15,2026-05-10T03:38:51Z,1280x960,c495774e17a769c73328c4503c926a98,Agaricus bisporus | processed:1024x768
mushroom_observer_219514,data/processed/sano/mushroom_observer_219514.jpg,sano,mushroom_observer,https://mushroomobserver.org/images/orig/219514.jpg,219514,CC-BY-SA-4.0,Tim Sage,2012-05-15,2026-05-10T03:38:59Z,960x1280,c993f7e24916a6f89cdf326963d7cbc3,Agaricus bisporus | processed:768x1024
mushroom_observer_219515,data/processed/sano/mushroom_observer_219515.jpg,sano,mushroom_observer,https://mushroomobserver.org/images/orig/219515.jpg,219515,CC-BY-SA-4.0,Tim Sage,2012-05-15,2026-05-10T03:39:08Z,1280x960,53f71b16e65f847ae8a7d47c40173534,Agaricus bisporus | processed:1024x768
mushroom_observer_289088,data/processed/sano/mushroom_observer_289088.jpg,sano,mushroom_observer,https://mushroomobserver.org/images/orig/289088.jpg,289088,CC-BY-SA-4.0,Len,2012-12-03,2026-05-10T03:39:25Z,960x1280,04f37653498ab7da9994da9ec23e9921,Agaricus bisporus | processed:768x1024
mushroom_observer_289089,data/processed/sano/mushroom_observer_289089.jpg,sano,mushroom_observer,https://mushroomobserver.org/images/orig/289089.jpg,289089,CC-BY-SA-4.0,Len,2012-12-03,2026-05-10T03:39:33Z,1280x960,0b7d8952adcf1e6d8c20d6365a5018df,Agaricus bisporus | processed:1024x768
mushroom_observer_289090,data/processed/sano/mushroom_observer_289090.jpg,sano,mushroom_observer,https://mushroomobserver.org/images/orig/289090.jpg,289090,CC-BY-SA-4.0,Len,2012-12-03,2026-05-10T03:39:42Z,1280x960,b84a6cb8acf48f7d24577fad9246edcb,Agaricus bisporus | processed:1024x768
mushroom_observer_400549,data/processed/sano/mushroom_observer_400549.jpg,sano,mushroom_observer,https://mushroomobserver.org/images/orig/400549.jpg,400549,CC-BY-SA-4.0,Oregon Mycological Society,2014-01-24,2026-05-10T03:39:51Z,1280x864,dab3bbf34be09e3dc475b0e445b69e89,Agaricus bisporus | processed:1024x691
gbif_5243447_3386483311_0,data/processed/sano/gbif_5243447_3386483311_0.jpg,sano,gbif,https://svampe.databasen.org/uploads/2021-10229934_HyplBXxrF.JPG,5243447:3386483311:0,CC-BY-NC-4.0,Tobias Bøllingtoft,2021-10-10,2026-05-10T03:39:36Z,900x1200,b638527b685be4c47755b16182c35cc0,Denmark | processed:768x1024
gbif_5243447_3386483311_1,data/processed/sano/gbif_5243447_3386483311_1.jpg,sano,gbif,https://svampe.databasen.org/uploads/2021-10229934_SJl6eHmlrY.JPG,5243447:3386483311:1,CC-BY-NC-4.0,Tobias Bøllingtoft,2021-10-10,2026-05-10T03:39:36Z,900x1200,699f22dae14d85a1d275f8663a008a58,Denmark | processed:768x1024
gbif_5243447_3386483311_2,data/processed/sano/gbif_5243447_3386483311_2.jpg,sano,gbif,https://svampe.databasen.org/uploads/2021-10229934_rJyEHweBt.JPG,5243447:3386483311:2,CC-BY-NC-4.0,Tobias Bøllingtoft,2021-10-10,2026-05-10T03:39:38Z,1692x1200,3bc6661e9b9f42d14e07db749a3dbc1b,Denmark | processed:1024x726
gbif_5243447_5086224357_0,data/processed/sano/gbif_5243447_5086224357_0.jpg,sano,gbif,https://observation.org/photos/44728285.jpg,5243447:5086224357:0,CC-BY-NC-ND-4.0,Andre Jongeling,2021-10-26,2026-05-10T03:39:51Z,1000x563,0daf582b17c6d8bb18f4d852920088d0,Netherlands | processed:1000x563
gbif_5243447_5086224357_1,data/processed/sano/gbif_5243447_5086224357_1.jpg,sano,gbif,https://observation.org/photos/44728286.jpg,5243447:5086224357:1,CC-BY-NC-ND-4.0,Andre Jongeling,2021-10-26,2026-05-10T03:39:52Z,1000x563,22348c3aad344edd9e3ed95285e7fda6,Netherlands | processed:1000x563
gbif_5243447_5086253338_0,data/processed/sano/gbif_5243447_5086253338_0.jpg,sano,gbif,https://observation.org/photos/44231499.jpg,5243447:5086253338:0,CC-BY-NC-ND-4.0,Pieter Drenth,2021-10-26,2026-05-10T03:39:53Z,750x1000,ce4a44f8c54fd47f0c37edb614e2c004,Netherlands | processed:750x1000
gbif_5243447_5086253338_1,data/processed/sano/gbif_5243447_5086253338_1.jpg,sano,gbif,https://observation.org/photos/44231500.jpg,5243447:5086253338:1,CC-BY-NC-ND-4.0,Pieter Drenth,2021-10-26,2026-05-10T03:39:54Z,750x1000,123d9f1b8fba529bc93f07ac423b649b,Netherlands | processed:750x1000
gbif_5243447_2563648752_0,data/processed/sano/gbif_5243447_2563648752_0.jpg,sano,gbif,https://inaturalist-open-data.s3.amazonaws.com/photos/60525711/original.jpeg,5243447:2563648752:0,CC-BY-NC-ND-4.0,David Greenberger,2020-01-29T16:07:46,2026-05-10T03:40:01Z,1536x2048,9405dd93940697119c638dc5f0487409,United States of America | processed:768x1024
gbif_5243447_6231264566_0,data/processed/sano/gbif_5243447_6231264566_0.jpg,sano,gbif,https://mushroomobserver.org/images/1280/1188872.jpg,5243447:6231264566:0,CC-BY-NC-4.0,MO Observers,2020-06-07,2026-05-10T03:40:07Z,960x1280,851a85d596ed6f60ef1dcb719f6f796c,United States of America | processed:768x1024
gbif_5243447_3717783071_0,data/processed/sano/gbif_5243447_3717783071_0.jpg,sano,gbif,https://observation.org/photos/30512420.jpg,5243447:3717783071:0,CC-BY-NC-4.0,Arie Benschop,2020-09-01,2026-05-10T03:40:13Z,800x604,38f6a95f8a676db127f2b5b145c37609,Netherlands | processed:800x604
gbif_5243447_3717783071_1,data/processed/sano/gbif_5243447_3717783071_1.jpg,sano,gbif,https://observation.org/photos/30512421.jpg,5243447:3717783071:1,CC-BY-NC-4.0,Arie Benschop,2020-09-01,2026-05-10T03:40:13Z,800x411,5e320ca91d355ae2875d86e08701a102,Netherlands | processed:800x411
gbif_5243447_3717783071_2,data/processed/sano/gbif_5243447_3717783071_2.jpg,sano,gbif,https://observation.org/photos/30512422.jpg,5243447:3717783071:2,CC-BY-NC-4.0,Arie Benschop,2020-09-01,2026-05-10T03:40:14Z,800x509,1f4352576a4234610ef9cc2c37492164,Netherlands | processed:800x509
gbif_5243447_3717783071_3,data/processed/sano/gbif_5243447_3717783071_3.jpg,sano,gbif,https://observation.org/photos/30512423.jpg,5243447:3717783071:3,CC-BY-NC-4.0,Arie Benschop,2020-09-01,2026-05-10T03:40:15Z,800x481,ac55e5bf0c85e3377b35cf10b2f20c21,Netherlands | processed:800x481
gbif_5243447_3717783071_4,data/processed/sano/gbif_5243447_3717783071_4.jpg,sano,gbif,https://observation.org/photos/30512424.jpg,5243447:3717783071:4,CC-BY-NC-4.0,Arie Benschop,2020-09-01,2026-05-10T03:40:16Z,800x765,1417eea7fa0fcfa076658b97a7f4c722,Netherlands | processed:800x765
gbif_5243447_3717783071_5,data/processed/sano/gbif_5243447_3717783071_5.jpg,sano,gbif,https://observation.org/photos/30512479.jpg,5243447:3717783071:5,CC-BY-NC-4.0,Arie Benschop,2020-09-01,2026-05-10T03:40:17Z,800x796,f29fba8a4706e8d2642f7cb1b9f69728,Netherlands | processed:800x796
gbif_5243447_3717783071_6,data/processed/sano/gbif_5243447_3717783071_6.jpg,sano,gbif,https://observation.org/photos/30512480.jpg,5243447:3717783071:6,CC-BY-NC-4.0,Arie Benschop,2020-09-01,2026-05-10T03:40:18Z,800x650,6e2004fdaf05fee76967b8fda4dac65d,Netherlands | processed:800x650
gbif_5243447_3717783071_7,data/processed/sano/gbif_5243447_3717783071_7.jpg,sano,gbif,https://observation.org/photos/30512481.jpg,5243447:3717783071:7,CC-BY-NC-4.0,Arie Benschop,2020-09-01,2026-05-10T03:40:19Z,800x756,d89e38080d09ed98e293f97f86b09487,Netherlands | processed:800x756
gbif_5243447_3717783071_8,data/processed/sano/gbif_5243447_3717783071_8.jpg,sano,gbif,https://observation.org/photos/30512482.jpg,5243447:3717783071:8,CC-BY-NC-4.0,Arie Benschop,2020-09-01,2026-05-10T03:40:20Z,800x591,5142c3ea348d4551e7086b341e5f1f0a,Netherlands | processed:800x591
gbif_5243447_3717783071_9,data/processed/sano/gbif_5243447_3717783071_9.jpg,sano,gbif,https://observation.org/photos/30512483.jpg,5243447:3717783071:9,CC-BY-NC-4.0,Arie Benschop,2020-09-01,2026-05-10T03:40:21Z,800x519,320ca7a1f78a2549e97b0aa6cb1bb888,Netherlands | processed:800x519
gbif_5243447_3717783071_10,data/processed/sano/gbif_5243447_3717783071_10.jpg,sano,gbif,https://observation.org/photos/30512507.jpg,5243447:3717783071:10,CC-BY-NC-4.0,Arie Benschop,2020-09-01,2026-05-10T03:40:22Z,554x441,38180dfa8161e4aaf3a56c07184f5644,Netherlands | processed:554x441
gbif_5243447_3717783071_11,data/processed/sano/gbif_5243447_3717783071_11.jpg,sano,gbif,https://observation.org/photos/30512508.jpg,5243447:3717783071:11,CC-BY-NC-4.0,Arie Benschop,2020-09-01,2026-05-10T03:40:23Z,800x499,640df8902c44239e30df4163a1b775f7,Netherlands | processed:800x499
gbif_5243447_3717783071_12,data/processed/sano/gbif_5243447_3717783071_12.jpg,sano,gbif,https://observation.org/photos/30512509.jpg,5243447:3717783071:12,CC-BY-NC-4.0,Arie Benschop,2020-09-01,2026-05-10T03:40:24Z,800x581,7a4b9baa34ed8884fe06cbbcfd760177,Netherlands | processed:800x581
gbif_5243447_3717783071_13,data/processed/sano/gbif_5243447_3717783071_13.jpg,sano,gbif,https://observation.org/photos/30512510.jpg,5243447:3717783071:13,CC-BY-NC-4.0,Arie Benschop,2020-09-01,2026-05-10T03:40:25Z,800x789,2c027935632e1fe9136dc2273d8bc1a9,Netherlands | processed:800x789
gbif_5243447_6231126339_0,data/processed/sano/gbif_5243447_6231126339_0.jpg,sano,gbif,https://mushroomobserver.org/images/1280/1264033.jpg,5243447:6231126339:0,CC-BY-NC-4.0,MO Observers,2020-10-18,2026-05-10T03:40:26Z,720x960,d75010e5e105b5fef604d95a8a697c44,Colombia | processed:720x960
gbif_5243447_6231126339_1,data/processed/sano/gbif_5243447_6231126339_1.jpg,sano,gbif,https://mushroomobserver.org/images/1280/1264034.jpg,5243447:6231126339:1,CC-BY-NC-4.0,MO Observers,2020-10-18,2026-05-10T03:40:27Z,720x960,5bca33fa0bd6e34e149b79d93e10e98d,Colombia | processed:720x960
gbif_5243447_6231126339_2,data/processed/sano/gbif_5243447_6231126339_2.jpg,sano,gbif,https://mushroomobserver.org/images/1280/1264035.jpg,5243447:6231126339:2,CC-BY-NC-4.0,MO Observers,2020-10-18,2026-05-10T03:40:28Z,720x960,0ddcd9cf431ea7566ae75cdc5b2fef90,Colombia | processed:720x960
gbif_5243447_6231126339_3,data/processed/sano/gbif_5243447_6231126339_3.jpg,sano,gbif,https://mushroomobserver.org/images/1280/1264036.jpg,5243447:6231126339:3,CC-BY-NC-4.0,MO Observers,2020-10-18,2026-05-10T03:40:29Z,720x960,1f59aea635cc7115d190e83854f64678,Colombia | processed:720x960
gbif_5243447_2986419343_0,data/processed/sano/gbif_5243447_2986419343_0.jpg,sano,gbif,https://svampe.databasen.org/uploads/2020-10153221_BJ-KpJWpqD.JPG,5243447:2986419343:0,CC-BY-NC-4.0,Frede Scheye,2020-11-23,2026-05-10T03:40:30Z,800x533,b59431c602a794b98de24869f5ccf3e4,Denmark | processed:800x533
gbif_5243447_2986419343_1,data/processed/sano/gbif_5243447_2986419343_1.jpg,sano,gbif,https://svampe.databasen.org/uploads/2020-10153221_ByMYTJW6qP.JPG,5243447:2986419343:1,CC-BY-NC-4.0,Frede Scheye,2020-11-23,2026-05-10T03:40:31Z,800x699,a338eb41ea2c34d96e5034a5d2284796,Denmark | processed:800x699
gbif_5243447_2986419343_2,data/processed/sano/gbif_5243447_2986419343_2.jpg,sano,gbif,https://svampe.databasen.org/uploads/2020-10153221_HJxF6kZTqD.JPG,5243447:2986419343:2,CC-BY-NC-4.0,Frede Scheye,2020-11-23,2026-05-10T03:40:32Z,800x600,2e2f846c33f208238badbeaaa3e08bf8,Denmark | processed:800x600
gbif_5243447_2986419343_3,data/processed/sano/gbif_5243447_2986419343_3.jpg,sano,gbif,https://svampe.databasen.org/uploads/2020-10153221_Hytpk-p9D.JPG,5243447:2986419343:3,CC-BY-NC-4.0,Frede Scheye,2020-11-23,2026-05-10T03:40:33Z,800x600,abcdc3490ad66cbc05c18c60e591a399,Denmark | processed:800x600
gbif_5243447_2986419343_4,data/processed/sano/gbif_5243447_2986419343_4.jpg,sano,gbif,https://svampe.databasen.org/uploads/2020-10153221_SkmYa1ZT5w.JPG,5243447:2986419343:4,CC-BY-NC-4.0,Frede Scheye,2020-11-23,2026-05-10T03:40:34Z,800x535,171aef7729a2c5b0af7aa4cec64669f9,Denmark | processed:800x535
gbif_5243447_2844642471_0,data/processed/sano/gbif_5243447_2844642471_0.jpg,sano,gbif,https://observation.org/photos/20785444.jpg,5243447:2844642471:0,CC-BY-NC-ND-4.0,Rayan Majoor,2019-05-18,2026-05-10T03:40:58Z,1000x481,6f7d1b1a273455abdc8c765b5a07b624,Netherlands | processed:1000x481
gbif_5243447_2844642471_1,data/processed/sano/gbif_5243447_2844642471_1.jpg,sano,gbif,https://observation.org/photos/20785445.jpg,5243447:2844642471:1,CC-BY-NC-ND-4.0,Rayan Majoor,2019-05-18,2026-05-10T03:40:58Z,1000x783,7b46f1a07b7a88c60b744b0839c816c4,Netherlands | processed:1000x783
gbif_5243447_2844642471_2,data/processed/sano/gbif_5243447_2844642471_2.jpg,sano,gbif,https://observation.org/photos/20785446.jpg,5243447:2844642471:2,CC-BY-NC-ND-4.0,Rayan Majoor,2019-05-18,2026-05-10T03:40:59Z,1000x709,ea1af3542e1fc9b06672fd4e88b18dd5,Netherlands | processed:1000x709
gbif_5243447_2844642471_3,data/processed/sano/gbif_5243447_2844642471_3.jpg,sano,gbif,https://observation.org/photos/20785447.jpg,5243447:2844642471:3,CC-BY-NC-ND-4.0,Rayan Majoor,2019-05-18,2026-05-10T03:41:00Z,1000x825,a537ad6d27b414dad405ead92ad967c9,Netherlands | processed:1000x825
gbif_5243447_2844642471_4,data/processed/sano/gbif_5243447_2844642471_4.jpg,sano,gbif,https://observation.org/photos/20785448.jpg,5243447:2844642471:4,CC-BY-NC-ND-4.0,Rayan Majoor,2019-05-18,2026-05-10T03:41:01Z,1000x949,fd324c9080afe73286582e4e80433ba3,Netherlands | processed:1000x949
gbif_5243447_2844642471_5,data/processed/sano/gbif_5243447_2844642471_5.jpg,sano,gbif,https://observation.org/photos/20785483.jpg,5243447:2844642471:5,CC-BY-NC-ND-4.0,Rayan Majoor,2019-05-18,2026-05-10T03:41:02Z,1000x981,beeb61f6a994475c918980ebd2aa42f1,Netherlands | processed:1000x981
gbif_5243447_6231315647_0,data/processed/sano/gbif_5243447_6231315647_0.jpg,sano,gbif,https://images.mushroomobserver.org/1280/1042200.jpg,5243447:6231315647:0,CC-BY-NC-4.0,MO Observers,2019-06-07,2026-05-10T03:41:03Z,720x1280,d186d8bb5600fea2c8f555fe0a3c07d8,United States of America | processed:576x1024
gbif_5243447_6231315647_1,data/processed/sano/gbif_5243447_6231315647_1.jpg,sano,gbif,https://images.mushroomobserver.org/1280/1042201.jpg,5243447:6231315647:1,CC-BY-NC-4.0,MO Observers,2019-06-07,2026-05-10T03:41:04Z,1280x960,087f84f0b24b598ae1dcaba7e4672b7b,United States of America | processed:1024x768
gbif_5243447_6231315647_2,data/processed/sano/gbif_5243447_6231315647_2.jpg,sano,gbif,https://images.mushroomobserver.org/1280/1042202.jpg,5243447:6231315647:2,CC-BY-NC-4.0,MO Observers,2019-06-07,2026-05-10T03:41:05Z,1280x720,ff787258a2164db4f685631871d42728,United States of America | processed:1024x576
gbif_5243447_6231241818_0,data/processed/sano/gbif_5243447_6231241818_0.jpg,sano,gbif,https://mushroomobserver.org/images/1280/1085531.jpg,5243447:6231241818:0,CC-BY-NC-4.0,MO Observers,2019-09-06,2026-05-10T03:41:11Z,540x960,27545a25137d6bc0c99b073e0acc0348,Colombia | processed:540x960
gbif_5243447_6231241818_1,data/processed/sano/gbif_5243447_6231241818_1.jpg,sano,gbif,https://mushroomobserver.org/images/1280/1085532.jpg,5243447:6231241818:1,CC-BY-NC-4.0,MO Observers,2019-09-06,2026-05-10T03:41:12Z,360x640,eec1f615ce29e20e57c9cd14a5b827a1,Colombia | processed:360x640
gbif_5243447_6231241818_2,data/processed/sano/gbif_5243447_6231241818_2.jpg,sano,gbif,https://mushroomobserver.org/images/1280/1085533.jpg,5243447:6231241818:2,CC-BY-NC-4.0,MO Observers,2019-09-06,2026-05-10T03:41:13Z,540x960,620a355921f2db7e073524dfdaa1ceaa,Colombia | processed:540x960
gbif_5243447_6231211700_0,data/processed/sano/gbif_5243447_6231211700_0.jpg,sano,gbif,https://mushroomobserver.org/images/1280/1120375.jpg,5243447:6231211700:0,CC-BY-NC-4.0,MO Observers,2019-11-11,2026-05-10T03:41:15Z,1280x1022,62a49b553e0f9255c566d2cff05967dd,United States of America | processed:1024x818
gbif_5243447_6231211700_1,data/processed/sano/gbif_5243447_6231211700_1.jpg,sano,gbif,https://mushroomobserver.org/images/1280/1120376.jpg,5243447:6231211700:1,CC-BY-NC-4.0,MO Observers,2019-11-11,2026-05-10T03:41:16Z,1280x898,6443a3a1955cb1c7c8c37d089afe594f,United States of America | processed:1024x718
gbif_5243447_6231266211_0,data/processed/sano/gbif_5243447_6231266211_0.jpg,sano,gbif,https://images.mushroomobserver.org/1280/838104.jpg,5243447:6231266211:0,CC-BY-NC-4.0,MO Observers,2018-01-17,2026-05-10T03:41:17Z,960x1280,1634db3165fd228597443cb3dcd55e99,United States of America | processed:768x1024
gbif_5243447_2397824025_0,data/processed/sano/gbif_5243447_2397824025_0.jpg,sano,gbif,http://specify.ugrasu.ru:8080/fileget?coll=Fungarium+of+Yugra+State+University&type=0&filename=sp6-6266484965996554436.att.jpg,5243447:2397824025:0,CC-BY-4.0,,2018-09-16,2026-05-10T03:41:28Z,3694x2384,3d63fa7e962d7c4d5c9ae96370d1a64a,Russian Federation | processed:1024x661
gbif_5243447_2397824025_1,data/processed/sano/gbif_5243447_2397824025_1.jpg,sano,gbif,http://specify.ugrasu.ru:8080/fileget?coll=Fungarium+of+Yugra+State+University&type=0&filename=sp6-6898348980246742962.att.jpg,5243447:2397824025:1,CC-BY-4.0,,2018-09-16,2026-05-10T03:41:30Z,3411x2622,3df44b5a7798b2f6c5400a333348d2f3,Russian Federation | processed:1024x787
gbif_5243447_6231330023_0,data/processed/sano/gbif_5243447_6231330023_0.jpg,sano,gbif,https://mushroomobserver.org/images/1280/712987.jpg,5243447:6231330023:0,CC-BY-NC-4.0,MO Observers,2017-01-30,2026-05-10T03:41:31Z,1280x720,13872b493a04579d242918dfb7169cd9,United States of America | processed:1024x576
gbif_5243447_6231332713_0,data/processed/sano/gbif_5243447_6231332713_0.jpg,sano,gbif,https://images.mushroomobserver.org/1280/707479.jpg,5243447:6231332713:0,CC-BY-NC-4.0,MO Observers,2017-01-15,2026-05-10T03:41:32Z,1280x720,50373c2f8793ffcd7916328d6e21cc3f,United States of America | processed:1024x576
gbif_5243447_6231332713_1,data/processed/sano/gbif_5243447_6231332713_1.jpg,sano,gbif,https://images.mushroomobserver.org/1280/707480.jpg,5243447:6231332713:1,CC-BY-NC-4.0,MO Observers,2017-01-15,2026-05-10T03:41:33Z,1280x720,f8df4dc25069cf90d262bd2ab4db74f1,United States of America | processed:1024x576
gbif_5243447_6231332713_2,data/processed/sano/gbif_5243447_6231332713_2.jpg,sano,gbif,https://images.mushroomobserver.org/1280/707481.jpg,5243447:6231332713:2,CC-BY-NC-4.0,MO Observers,2017-01-15,2026-05-10T03:41:34Z,1280x720,6cedea6c69ee04efc38f955dad5d4aea,United States of America | processed:1024x576
gbif_5243447_6231332713_3,data/processed/sano/gbif_5243447_6231332713_3.jpg,sano,gbif,https://images.mushroomobserver.org/1280/707482.jpg,5243447:6231332713:3,CC-BY-NC-4.0,MO Observers,2017-01-15,2026-05-10T03:41:35Z,1280x720,5ac9f2d27007b82d56693d33e9e1f07e,United States of America | processed:1024x576
gbif_5243447_6231332713_4,data/processed/sano/gbif_5243447_6231332713_4.jpg,sano,gbif,https://images.mushroomobserver.org/1280/707483.jpg,5243447:6231332713:4,CC-BY-NC-4.0,MO Observers,2017-01-15,2026-05-10T03:41:36Z,1280x720,8ecf51cc486f5b1671d78a86a4f21842,United States of America | processed:1024x576
gbif_5243447_6231332713_5,data/processed/sano/gbif_5243447_6231332713_5.jpg,sano,gbif,https://images.mushroomobserver.org/1280/707484.jpg,5243447:6231332713:5,CC-BY-NC-4.0,MO Observers,2017-01-15,2026-05-10T03:41:37Z,1280x720,42adef448c20cdca710459423bf16b96,United States of America | processed:1024x576
gbif_5243447_6231332713_6,data/processed/sano/gbif_5243447_6231332713_6.jpg,sano,gbif,https://images.mushroomobserver.org/1280/707485.jpg,5243447:6231332713:6,CC-BY-NC-4.0,MO Observers,2017-01-15,2026-05-10T03:41:38Z,1280x720,a5a8e2c05d10ef447d7948ba44dc423f,United States of America | processed:1024x576
gbif_5243447_6231332713_7,data/processed/sano/gbif_5243447_6231332713_7.jpg,sano,gbif,https://images.mushroomobserver.org/1280/707486.jpg,5243447:6231332713:7,CC-BY-NC-4.0,MO Observers,2017-01-15,2026-05-10T03:41:39Z,1280x720,9981d31cc6b9627bf0330b1a9a4aad50,United States of America | processed:1024x576
gbif_5243447_6231332713_8,data/processed/sano/gbif_5243447_6231332713_8.jpg,sano,gbif,https://images.mushroomobserver.org/1280/707487.jpg,5243447:6231332713:8,CC-BY-NC-4.0,MO Observers,2017-01-15,2026-05-10T03:41:40Z,1280x720,e3befc66ccfb9f78e1024fe4f4b6110a,United States of America | processed:1024x576
gbif_5243447_6231332713_9,data/processed/sano/gbif_5243447_6231332713_9.jpg,sano,gbif,https://images.mushroomobserver.org/1280/707756.jpg,5243447:6231332713:9,CC-BY-NC-4.0,MO Observers,2017-01-15,2026-05-10T03:41:41Z,1280x720,c325990da48e11d7b6b2041fa7f8ec85,United States of America | processed:1024x576
gbif_5243447_6231332713_10,data/processed/sano/gbif_5243447_6231332713_10.jpg,sano,gbif,https://images.mushroomobserver.org/1280/707757.jpg,5243447:6231332713:10,CC-BY-NC-4.0,MO Observers,2017-01-15,2026-05-10T03:41:42Z,1280x720,a902215d792a307ace6569b9f31546ab,United States of America | processed:1024x576
gbif_5243447_6231332713_11,data/processed/sano/gbif_5243447_6231332713_11.jpg,sano,gbif,https://images.mushroomobserver.org/1280/713272.jpg,5243447:6231332713:11,CC-BY-NC-4.0,MO Observers,2017-01-15,2026-05-10T03:41:43Z,1280x960,1211a67c38e769d0fa7f73a69e2f91eb,United States of America | processed:1024x768
gbif_5243447_6231332713_12,data/processed/sano/gbif_5243447_6231332713_12.jpg,sano,gbif,https://images.mushroomobserver.org/1280/713273.jpg,5243447:6231332713:12,CC-BY-NC-4.0,MO Observers,2017-01-15,2026-05-10T03:41:44Z,1280x960,a146357ce0d1dcb20aa9abe4c90078e9,United States of America | processed:1024x768
gbif_5243447_6231229988_10,data/processed/sano/gbif_5243447_6231229988_10.jpg,sano,gbif,https://mushroomobserver.org/images/1280/1441734.jpg,5243447:6231229988:10,CC-BY-NC-4.0,MO Observers,2017-02-25,2026-05-10T03:42:13Z,1280x854,1bde30d79c31c0f8a2243458be2567c7,United States of America | processed:1024x683
gbif_5243447_6231330387_0,data/processed/sano/gbif_5243447_6231330387_0.jpg,sano,gbif,https://mushroomobserver.org/images/1280/718819.jpg,5243447:6231330387:0,CC-BY-NC-4.0,MO Observers,2017-02-25,2026-05-10T03:42:14Z,1280x854,2116bb1c62a3cdda97375c3ce1443e5a,United States of America | processed:1024x683
gbif_5243447_6231330387_1,data/processed/sano/gbif_5243447_6231330387_1.jpg,sano,gbif,https://mushroomobserver.org/images/1280/718820.jpg,5243447:6231330387:1,CC-BY-NC-4.0,MO Observers,2017-02-25,2026-05-10T03:42:15Z,1280x854,5434e7da0ab4dab45a2b54219ac19853,United States of America | processed:1024x683
gbif_5243447_6231330387_2,data/processed/sano/gbif_5243447_6231330387_2.jpg,sano,gbif,https://mushroomobserver.org/images/1280/718821.jpg,5243447:6231330387:2,CC-BY-NC-4.0,MO Observers,2017-02-25,2026-05-10T03:42:16Z,1280x854,3596527f7b1a278cc9c8c27444843f13,United States of America | processed:1024x683
gbif_5243447_6231330387_3,data/processed/sano/gbif_5243447_6231330387_3.jpg,sano,gbif,https://mushroomobserver.org/images/1280/718822.jpg,5243447:6231330387:3,CC-BY-NC-4.0,MO Observers,2017-02-25,2026-05-10T03:42:17Z,1280x854,7d4d86eeea94b4c2103e2214e865d007,United States of America | processed:1024x683
gbif_5243447_6231330387_4,data/processed/sano/gbif_5243447_6231330387_4.jpg,sano,gbif,https://mushroomobserver.org/images/1280/720241.jpg,5243447:6231330387:4,CC-BY-NC-4.0,MO Observers,2017-02-25,2026-05-10T03:42:18Z,1280x853,60d26f880c1a985b2c466e5a8040cecf,United States of America | processed:1024x682
gbif_5243447_6231330387_5,data/processed/sano/gbif_5243447_6231330387_5.jpg,sano,gbif,https://mushroomobserver.org/images/1280/720242.jpg,5243447:6231330387:5,CC-BY-NC-4.0,MO Observers,2017-02-25,2026-05-10T03:42:19Z,1280x853,265fe471c8dda24a210fb221c33e45cc,United States of America | processed:1024x682
gbif_5243447_6231330387_6,data/processed/sano/gbif_5243447_6231330387_6.jpg,sano,gbif,https://mushroomobserver.org/images/1280/720243.jpg,5243447:6231330387:6,CC-BY-NC-4.0,MO Observers,2017-02-25,2026-05-10T03:42:20Z,1280x853,754673bbbd93a7105deec4945b171627,United States of America | processed:1024x682
gbif_5243447_6231330387_7,data/processed/sano/gbif_5243447_6231330387_7.jpg,sano,gbif,https://mushroomobserver.org/images/1280/720244.jpg,5243447:6231330387:7,CC-BY-NC-4.0,MO Observers,2017-02-25,2026-05-10T03:42:21Z,1280x853,41fc3a52e59b1c12582ff9138861c0c9,United States of America | processed:1024x682
gbif_5243447_6231330387_8,data/processed/sano/gbif_5243447_6231330387_8.jpg,sano,gbif,https://mushroomobserver.org/images/1280/720245.jpg,5243447:6231330387:8,CC-BY-NC-4.0,MO Observers,2017-02-25,2026-05-10T03:42:22Z,1280x853,ca3dbdc8c8748c736722495543773214,United States of America | processed:1024x682
gbif_5243447_2238494185_0,data/processed/sano/gbif_5243447_2238494185_0.jpg,sano,gbif,https://svampe.databasen.org/uploads/ELAU2017-9193781_B1JPbthb-.JPG,5243447:2238494185:0,CC-BY-NC-4.0,Eva Lau Olsen,2017-05-30,2026-05-10T03:42:36Z,1200x798,caf579222debc5596b3d83aa765d3605,Denmark | processed:1024x681
gbif_5243447_2238494185_1,data/processed/sano/gbif_5243447_2238494185_1.jpg,sano,gbif,https://svampe.databasen.org/uploads/ELAU2017-9193781_BkZ1PbY2-W.JPG,5243447:2238494185:1,CC-BY-NC-4.0,Eva Lau Olsen,2017-05-30,2026-05-10T03:42:36Z,532x800,73a7150f0f55bc84eb9dc99582867529,Denmark | processed:532x800
gbif_5243447_2238494185_2,data/processed/sano/gbif_5243447_2238494185_2.jpg,sano,gbif,https://svampe.databasen.org/uploads/ELAU2017-9193781_SkxJDWt2W-.JPG,5243447:2238494185:2,CC-BY-NC-4.0,Eva Lau Olsen,2017-05-30,2026-05-10T03:42:37Z,532x800,ad1e17aa92cbc1ad791bc9d4d857095e,Denmark | processed:532x800
gbif_5243447_2238494185_3,data/processed/sano/gbif_5243447_2238494185_3.jpg,sano,gbif,https://svampe.databasen.org/uploads/ELAU2017-9193781_rJzywbFhZW.JPG,5243447:2238494185:3,CC-BY-NC-4.0,Eva Lau Olsen,2017-05-30,2026-05-10T03:42:38Z,1200x798,3fb0820840e8fe24e0e4abd3b8e2a100,Denmark | processed:1024x681
gbif_5243447_6231138179_0,data/processed/sano/gbif_5243447_6231138179_0.jpg,sano,gbif,https://images.mushroomobserver.org/1280/738457.jpg,5243447:6231138179:0,CC-BY-NC-4.0,MO Observers,2017-05-16,2026-05-10T03:42:39Z,960x1280,699de2fb441c062eb44c99ce714b9d87,Romania | processed:768x1024
gbif_5243447_6231138179_1,data/processed/sano/gbif_5243447_6231138179_1.jpg,sano,gbif,https://images.mushroomobserver.org/1280/738458.jpg,5243447:6231138179:1,CC-BY-NC-4.0,MO Observers,2017-05-16,2026-05-10T03:42:40Z,960x1280,74f50dd17b5290aad7b5364268bd92db,Romania | processed:768x1024
gbif_5243447_6231138179_2,data/processed/sano/gbif_5243447_6231138179_2.jpg,sano,gbif,https://images.mushroomobserver.org/1280/738459.jpg,5243447:6231138179:2,CC-BY-NC-4.0,MO Observers,2017-05-16,2026-05-10T03:42:41Z,960x1280,cb406af5a16bdb11e79681094b5b03be,Romania | processed:768x1024
gbif_5243447_1969924310_0,data/processed/sano/gbif_5243447_1969924310_0.jpg,sano,gbif,https://observation.org/photos/13879975.jpg,5243447:1969924310:0,CC-BY-NC-ND-4.0,Albert Meek,2017-06-14,2026-05-10T03:42:46Z,800x600,c87cbfbe1b5660d5732ee0fc3b87957c,Netherlands | processed:800x600
gbif_5243447_1969924310_1,data/processed/sano/gbif_5243447_1969924310_1.jpg,sano,gbif,https://observation.org/photos/13879976.jpg,5243447:1969924310:1,CC-BY-NC-ND-4.0,Albert Meek,2017-06-14,2026-05-10T03:42:46Z,800x600,305f475031299034f1546366999ec38f,Netherlands | processed:800x600
gbif_5243447_1969924310_2,data/processed/sano/gbif_5243447_1969924310_2.jpg,sano,gbif,https://observation.org/photos/13880056.jpg,5243447:1969924310:2,CC-BY-NC-ND-4.0,Albert Meek,2017-06-14,2026-05-10T03:42:47Z,800x598,d7158843af9d06c37a39408f3881ac1d,Netherlands | processed:800x598
gbif_5243447_1969924310_3,data/processed/sano/gbif_5243447_1969924310_3.jpg,sano,gbif,https://observation.org/photos/13880057.jpg,5243447:1969924310:3,CC-BY-NC-ND-4.0,Albert Meek,2017-06-14,2026-05-10T03:42:48Z,800x598,8d1db41359bcf6e903d23426ea0cd03e,Netherlands | processed:800x598
gbif_5243447_1969924310_4,data/processed/sano/gbif_5243447_1969924310_4.jpg,sano,gbif,https://observation.org/photos/13880058.jpg,5243447:1969924310:4,CC-BY-NC-ND-4.0,Albert Meek,2017-06-14,2026-05-10T03:42:49Z,800x598,e23d4ce0c4ede7464fd9bd2ced811b1b,Netherlands | processed:800x598
gbif_5243447_1823368248_0,data/processed/sano/gbif_5243447_1823368248_0.jpg,sano,gbif,https://www.artsobservasjoner.no/MediaLibrary/2017/9/536c5317-7255-4f21-b91b-91dee632f103_image.jpg,5243447:1823368248:0,CC-BY-4.0,Tove Jacobsen,2017-08-22,2026-05-10T03:42:54Z,1600x1069,570dfc1dc23ed680227de8b1131b0082,Norway | processed:1024x684
gbif_5243447_1823368248_1,data/processed/sano/gbif_5243447_1823368248_1.jpg,sano,gbif,https://www.artsobservasjoner.no/MediaLibrary/2017/9/e2529c17-6b46-4440-9d97-ac8a727f147f_image.jpg,5243447:1823368248:1,CC-BY-4.0,Tove Jacobsen,2017-08-22,2026-05-10T03:42:55Z,1068x1600,bc7094f0910fe6b456028c605402c5de,Norway | processed:684x1024
gbif_5243447_5086277313_0,data/processed/sano/gbif_5243447_5086277313_0.jpg,sano,gbif,https://observation.org/photos/15499631.jpg,5243447:5086277313:0,CC-BY-NC-ND-4.0,ieko staal,2017-11-11,2026-05-10T03:42:56Z,800x534,ee0a675aaeb82a9b690bc1f488af03cd,Netherlands | processed:800x534
gbif_5243447_2836375009_0,data/processed/sano/gbif_5243447_2836375009_0.jpg,sano,gbif,https://observation.org/photos/25828261.jpg,5243447:2836375009:0,CC-BY-NC-ND-4.0,Luis García Bona,2016-04-23,2026-05-10T03:43:03Z,800x450,85d6eefa7c22bd58690c2c2c9f694d0b,Spain | processed:800x450
gbif_5243447_2836375009_1,data/processed/sano/gbif_5243447_2836375009_1.jpg,sano,gbif,https://observation.org/photos/25828262.jpg,5243447:2836375009:1,CC-BY-NC-ND-4.0,Luis García Bona,2016-04-23,2026-05-10T03:43:04Z,800x450,ddb7db50097526370956cb808ea34a99,Spain | processed:800x450
gbif_5243447_2836375009_2,data/processed/sano/gbif_5243447_2836375009_2.jpg,sano,gbif,https://observation.org/photos/25828263.jpg,5243447:2836375009:2,CC-BY-NC-ND-4.0,Luis García Bona,2016-04-23,2026-05-10T03:43:05Z,800x450,2ffdeb9faccce418c4d4282bf3767503,Spain | processed:800x450
gbif_5243447_1973678388_0,data/processed/sano/gbif_5243447_1973678388_0.jpg,sano,gbif,https://observation.org/photos/11178151.jpg,5243447:1973678388:0,CC-BY-NC-4.0,Hans Kunstman,2016-06-22,2026-05-10T03:43:09Z,800x582,5e3e4b397cd87e3be5eb1128287c5bd1,Netherlands | processed:800x582
gbif_5243447_6231405639_0,data/processed/sano/gbif_5243447_6231405639_0.jpg,sano,gbif,https://mushroomobserver.org/images/1280/628354.jpg,5243447:6231405639:0,CC-BY-NC-4.0,MO Observers,2016-06-21,2026-05-10T03:43:10Z,1280x720,d702a7ba6dc0dda2f38f562bfd159841,Germany | processed:1024x576
gbif_5243447_6231405639_1,data/processed/sano/gbif_5243447_6231405639_1.jpg,sano,gbif,https://mushroomobserver.org/images/1280/628355.jpg,5243447:6231405639:1,CC-BY-NC-4.0,MO Observers,2016-06-21,2026-05-10T03:43:11Z,1280x720,364cb50d1346a3fb3546b73072110b63,Germany | processed:1024x576
gbif_5243447_6231405639_2,data/processed/sano/gbif_5243447_6231405639_2.jpg,sano,gbif,https://mushroomobserver.org/images/1280/628356.jpg,5243447:6231405639:2,CC-BY-NC-4.0,MO Observers,2016-06-21,2026-05-10T03:43:12Z,1280x720,09a481d0a59d2d16908c5fa0ca15ce46,Germany | processed:1024x576
gbif_5243447_6231405639_3,data/processed/sano/gbif_5243447_6231405639_3.jpg,sano,gbif,https://mushroomobserver.org/images/1280/628357.jpg,5243447:6231405639:3,CC-BY-NC-4.0,MO Observers,2016-06-21,2026-05-10T03:43:13Z,1280x720,ff8b45573793a9c616f9bf910aadf4eb,Germany | processed:1024x576
gbif_5243447_6231405639_4,data/processed/sano/gbif_5243447_6231405639_4.jpg,sano,gbif,https://mushroomobserver.org/images/1280/628358.jpg,5243447:6231405639:4,CC-BY-NC-4.0,MO Observers,2016-06-21,2026-05-10T03:43:14Z,1280x720,d1c58ccce874b6c053405519fc2ba632,Germany | processed:1024x576
gbif_5243447_6231405639_5,data/processed/sano/gbif_5243447_6231405639_5.jpg,sano,gbif,https://mushroomobserver.org/images/1280/628359.jpg,5243447:6231405639:5,CC-BY-NC-4.0,MO Observers,2016-06-21,2026-05-10T03:43:15Z,1280x720,6026f861171e7f2ca02532be3b373a6f,Germany | processed:1024x576
gbif_5243447_6231405639_6,data/processed/sano/gbif_5243447_6231405639_6.jpg,sano,gbif,https://mushroomobserver.org/images/1280/628360.jpg,5243447:6231405639:6,CC-BY-NC-4.0,MO Observers,2016-06-21,2026-05-10T03:43:16Z,1280x720,47839e2cf9d757c1efb36f6e17df0867,Germany | processed:1024x576
gbif_5243447_6231405639_7,data/processed/sano/gbif_5243447_6231405639_7.jpg,sano,gbif,https://mushroomobserver.org/images/1280/628361.jpg,5243447:6231405639:7,CC-BY-NC-4.0,MO Observers,2016-06-21,2026-05-10T03:43:17Z,1280x720,8dfdc47938af6c7f4d65ef622da62e24,Germany | processed:1024x576
gbif_5243447_6231405639_8,data/processed/sano/gbif_5243447_6231405639_8.jpg,sano,gbif,https://mushroomobserver.org/images/1280/628362.jpg,5243447:6231405639:8,CC-BY-NC-4.0,MO Observers,2016-06-21,2026-05-10T03:43:18Z,1280x720,e7a8c0af42f8216a952a72ae1a472570,Germany | processed:1024x576
gbif_5243447_6231405639_9,data/processed/sano/gbif_5243447_6231405639_9.jpg,sano,gbif,https://mushroomobserver.org/images/1280/628363.jpg,5243447:6231405639:9,CC-BY-NC-4.0,MO Observers,2016-06-21,2026-05-10T03:43:19Z,1280x720,5871a49bbf7e0a606c3a2cc1de4f8b7d,Germany | processed:1024x576
gbif_5243447_1972057606_0,data/processed/sano/gbif_5243447_1972057606_0.jpg,sano,gbif,https://observation.org/photos/12362759.jpg,5243447:1972057606:0,CC-BY-NC-ND-4.0,Ruud van Middelkoop,2016-11-05,2026-05-10T03:43:22Z,800x596,2f323a99c18565009dd94d6e3d66f6c0,Netherlands | processed:800x596
gbif_5243447_1972057606_1,data/processed/sano/gbif_5243447_1972057606_1.jpg,sano,gbif,https://observation.org/photos/12362760.jpg,5243447:1972057606:1,CC-BY-NC-ND-4.0,Ruud van Middelkoop,2016-11-05,2026-05-10T03:43:23Z,800x592,b2f248b2be198160c07a79c7a8472473,Netherlands | processed:800x592
gbif_5243447_1972057606_2,data/processed/sano/gbif_5243447_1972057606_2.jpg,sano,gbif,https://observation.org/photos/12362761.jpg,5243447:1972057606:2,CC-BY-NC-ND-4.0,Ruud van Middelkoop,2016-11-05,2026-05-10T03:43:24Z,800x596,4214e832c707326bc3c5d228f004df03,Netherlands | processed:800x596
gbif_5243447_1972064647_0,data/processed/sano/gbif_5243447_1972064647_0.jpg,sano,gbif,https://observation.org/photos/12354926.jpg,5243447:1972064647:0,CC-BY-NC-ND-4.0,Kjell Nilsen,2016-11-05,2026-05-10T03:43:25Z,800x531,aafb86b11df85cd537de42793eb0b469,Netherlands | processed:800x531
gbif_5243447_1972064647_1,data/processed/sano/gbif_5243447_1972064647_1.jpg,sano,gbif,https://observation.org/photos/12354927.jpg,5243447:1972064647:1,CC-BY-NC-ND-4.0,Kjell Nilsen,2016-11-05,2026-05-10T03:43:26Z,800x531,1370f980ef1cffc5fb8306f5edd1ec8d,Netherlands | processed:800x531
gbif_5243447_1972064647_2,data/processed/sano/gbif_5243447_1972064647_2.jpg,sano,gbif,https://observation.org/photos/12354928.jpg,5243447:1972064647:2,CC-BY-NC-ND-4.0,Kjell Nilsen,2016-11-05,2026-05-10T03:43:27Z,800x531,374ec4a63386064006825617ea55d506,Netherlands | processed:800x531
gbif_5243447_2238370347_0,data/processed/sano/gbif_5243447_2238370347_0.jpg,sano,gbif,https://svampe.databasen.org/uploads/TAK2014PIC18523829.JPG,5243447:2238370347:0,CC-BY-NC-4.0,Flemming Ryden,2014-04-21,2026-05-10T03:43:34Z,1024x768,3f40af8b991de0c0cd0d6858e761b775,Denmark | processed:1024x768
gbif_5243447_2238370347_1,data/processed/sano/gbif_5243447_2238370347_1.jpg,sano,gbif,https://svampe.databasen.org/uploads/TAK2014PIC52543525.JPG,5243447:2238370347:1,CC-BY-NC-4.0,Flemming Ryden,2014-04-21,2026-05-10T03:43:35Z,1024x768,92cfc3b043172ef9c8ffbb7f7e51b433,Denmark | processed:1024x768
gbif_5243447_2238370347_2,data/processed/sano/gbif_5243447_2238370347_2.jpg,sano,gbif,https://svampe.databasen.org/uploads/TAK2014PIC82768884.JPG,5243447:2238370347:2,CC-BY-NC-4.0,Flemming Ryden,2014-04-21,2026-05-10T03:43:36Z,809x731,0c727f892241e9e57cc1c6f83c92fead,Denmark | processed:809x731
gbif_5243447_3798806304_0,data/processed/sano/gbif_5243447_3798806304_0.jpg,sano,gbif,https://images.ala.org.au/image/proxyImageThumbnailLarge?imageId=494c1de6-c8f9-44ec-9d38-36d487dae36d,5243447:3798806304:0,CC-BY-4.0,Pat Leonard,2014-09-19T14:00Z,2026-05-10T03:43:40Z,650x434,424931b56b25b803b7f6d99ebc77c635,Australia | processed:650x434
gbif_5243447_4459847948_0,data/processed/sano/gbif_5243447_4459847948_0.jpg,sano,gbif,https://observation.org/photos/80967603.jpg,5243447:4459847948:0,CC-BY-NC-ND-4.0,Francisco M. Otero,2014-12-13,2026-05-10T03:43:41Z,552x479,68e41ed966346292d635e0c8e74c9d85,Spain | processed:552x479
gbif_5243447_2238210250_0,data/processed/sano/gbif_5243447_2238210250_0.jpg,sano,gbif,https://svampe.databasen.org/uploads/TS2013PIC39917404.JPG,5243447:2238210250:0,CC-BY-NC-4.0,Tom Smidth,2013-06-05,2026-05-10T03:43:42Z,900x600,3b56318c4b9f3a893fbcfc466880f3f2,Denmark | processed:900x600
gbif_5243447_2238210250_1,data/processed/sano/gbif_5243447_2238210250_1.jpg,sano,gbif,https://svampe.databasen.org/uploads/TS2013PIC66375689.JPG,5243447:2238210250:1,CC-BY-NC-4.0,Tom Smidth,2013-06-05,2026-05-10T03:43:43Z,900x600,e2afb05b2166661fd069c34da43038ff,Denmark | processed:900x600
gbif_5243447_4462112940_0,data/processed/sano/gbif_5243447_4462112940_0.jpg,sano,gbif,https://observation.org/photos/80949011.jpg,5243447:4462112940:0,CC-BY-NC-ND-4.0,JOSEBA CASTILLO MUNSURI,2013-07-23,2026-05-10T03:43:45Z,800x533,61706998efa1b6bf60dd093ed13e5cf7,Spain | processed:800x533
gbif_5243447_2405033688_0,data/processed/sano/gbif_5243447_2405033688_0.jpg,sano,gbif,https://www.artsobservasjoner.no/MediaLibrary/plants/2014/large/435097.jpg,5243447:2405033688:0,CC-BY-4.0,Kjersti Marielle Wischmann Sæbø,2013-09-08,2026-05-10T03:43:46Z,640x522,690c103589efd951c020a7ae8a9ddc76,Norway | processed:640x522
gbif_5243447_2405033688_1,data/processed/sano/gbif_5243447_2405033688_1.jpg,sano,gbif,https://www.artsobservasjoner.no/MediaLibrary/plants/2014/large/435098.jpg,5243447:2405033688:1,CC-BY-4.0,Kjersti Marielle Wischmann Sæbø,2013-09-08,2026-05-10T03:43:47Z,640x484,16dda21e66f8dd0f3806ac8a14ac3590,Norway | processed:640x484
gbif_5243447_2405033688_2,data/processed/sano/gbif_5243447_2405033688_2.jpg,sano,gbif,https://www.artsobservasjoner.no/MediaLibrary/plants/2014/large/435100.jpg,5243447:2405033688:2,CC-BY-4.0,Kjersti Marielle Wischmann Sæbø,2013-09-08,2026-05-10T03:43:48Z,640x591,80d755609fd48a1954c24a4dbae1c201,Norway | processed:640x591
gbif_5243447_4462347378_0,data/processed/sano/gbif_5243447_4462347378_0.jpg,sano,gbif,https://observation.org/photos/80949767.jpg,5243447:4462347378:0,CC-BY-NC-ND-4.0,Francisco M. Otero,2013-09-13,2026-05-10T03:43:49Z,504x510,a411f11902b5ff2ad297092b2febf276,Spain | processed:504x510
gbif_5243447_2238355826_0,data/processed/sano/gbif_5243447_2238355826_0.jpg,sano,gbif,https://svampe.databasen.org/uploads/MSO2013PIC42726546.JPG,5243447:2238355826:0,CC-BY-NC-4.0,Michael Sonniks,2013-11-07,2026-05-10T03:43:50Z,1000x667,2b80edf596b2dcac23c9526144db4a4c,Denmark | processed:1000x667
gbif_5243447_2238355826_1,data/processed/sano/gbif_5243447_2238355826_1.jpg,sano,gbif,https://svampe.databasen.org/uploads/MSO2013PIC66176977.JPG,5243447:2238355826:1,CC-BY-NC-4.0,Michael Sonniks,2013-11-07,2026-05-10T03:43:51Z,1000x667,07bbf1b97a60dc9669c7238290e7ecc7,Denmark | processed:1000x667
gbif_5243447_2238355826_2,data/processed/sano/gbif_5243447_2238355826_2.jpg,sano,gbif,https://svampe.databasen.org/uploads/MSO2013PIC75624896.JPG,5243447:2238355826:2,CC-BY-NC-4.0,Michael Sonniks,2013-11-07,2026-05-10T03:43:52Z,1000x667,a9c03d470a4afadd0970609765277744,Denmark | processed:1000x667
gbif_5243447_4461252454_0,data/processed/sano/gbif_5243447_4461252454_0.jpg,sano,gbif,https://observation.org/photos/80920972.jpg,5243447:4461252454:0,CC-BY-NC-ND-4.0,Francisco M. Otero,2012-03-09,2026-05-10T03:43:53Z,799x567,f338272e8f509ba46bd16e44754e827d,Spain | processed:799x567
gbif_5243447_4462097520_0,data/processed/sano/gbif_5243447_4462097520_0.jpg,sano,gbif,https://observation.org/photos/80920974.jpg,5243447:4462097520:0,CC-BY-NC-ND-4.0,Francisco M. Otero,2012-03-09,2026-05-10T03:43:55Z,799x578,f8d02f1bc749c9108034c6565de4b884,Spain | processed:799x578
gbif_5243447_1957877156_0,data/processed/sano/gbif_5243447_1957877156_0.jpg,sano,gbif,https://observation.org/photos/3434772.jpg,5243447:1957877156:0,CC-BY-NC-ND-4.0,peter peperkamp,2012-05-30,2026-05-10T03:43:57Z,800x533,84869b0ceef37577653d19ff5494c792,Netherlands | processed:800x533
gbif_5243447_1957877156_1,data/processed/sano/gbif_5243447_1957877156_1.jpg,sano,gbif,https://observation.org/photos/3434773.jpg,5243447:1957877156:1,CC-BY-NC-ND-4.0,peter peperkamp,2012-05-30,2026-05-10T03:43:58Z,800x533,695babd387e8d06ed196af8561be0740,Netherlands | processed:800x533
gbif_5243447_4461168855_0,data/processed/sano/gbif_5243447_4461168855_0.jpg,sano,gbif,https://observation.org/photos/80925327.jpg,5243447:4461168855:0,CC-BY-NC-ND-4.0,José Manuel Nieto García,2012-05-05,2026-05-10T03:44:00Z,800x533,115a6e11c5699c0ae1537627ea188095,Spain | processed:800x533
gbif_5243447_4461265027_0,data/processed/sano/gbif_5243447_4461265027_0.jpg,sano,gbif,https://observation.org/photos/80925216.jpg,5243447:4461265027:0,CC-BY-NC-ND-4.0,Carles Navarro Solsona,2012-05-06,2026-05-10T03:44:01Z,800x531,22f4c96e52eb1cfeec856567dd1fea21,Spain | processed:800x531
gbif_5243447_5069167416_0,data/processed/sano/gbif_5243447_5069167416_0.jpg,sano,gbif,https://biocoll.inhs.illinois.edu/media/idigbio/sfsu/mycology/SFSU-F-020/SFSU-F-020393_lg.jpg,5243447:5069167416:0,CC0-1.0,"San Francisco State University, Harry D. Thiers Herbarium (SFSU-)",2012-05-25,2026-05-10T03:44:02Z,2000x3000,5576eb43d8f5f7e73403558218c35e9d,United States of America | processed:683x1024
gbif_5243447_1957872574_0,data/processed/sano/gbif_5243447_1957872574_0.jpg,sano,gbif,https://observation.org/photos/3437140.jpg,5243447:1957872574:0,CC-BY-NC-ND-4.0,ruud wielinga,2012-06-07,2026-05-10T03:44:03Z,800x531,094aaa9e60df2e6dabe03f6b077be0e5,Netherlands | processed:800x531
gbif_5243447_1957914115_0,data/processed/sano/gbif_5243447_1957914115_0.jpg,sano,gbif,https://observation.org/photos/3407229.jpg,5243447:1957914115:0,CC-BY-NC-4.0,Theo Westra,2012-06-01,2026-05-10T03:44:04Z,800x450,19ff6f4de20c721de31b21133c34224a,Netherlands | processed:800x450
gbif_5243447_1957914115_1,data/processed/sano/gbif_5243447_1957914115_1.jpg,sano,gbif,https://observation.org/photos/3407231.jpg,5243447:1957914115:1,CC-BY-NC-4.0,Theo Westra,2012-06-01,2026-05-10T03:44:05Z,800x450,e3f9d067d8b3b77c8ca222eb9c50421f,Netherlands | processed:800x450
gbif_5243447_1957914115_2,data/processed/sano/gbif_5243447_1957914115_2.jpg,sano,gbif,https://observation.org/photos/3407232.jpg,5243447:1957914115:2,CC-BY-NC-4.0,Theo Westra,2012-06-01,2026-05-10T03:44:06Z,800x450,cb0e0025822aae1dbe8de9eae09a1b70,Netherlands | processed:800x450
gbif_5243447_1957914115_3,data/processed/sano/gbif_5243447_1957914115_3.jpg,sano,gbif,https://observation.org/photos/3427341.jpg,5243447:1957914115:3,CC-BY-NC-4.0,Theo Westra,2012-06-01,2026-05-10T03:44:07Z,800x640,9c8d84d3ca83e965c8787477ba42944a,Netherlands | processed:800x640
gbif_5243447_1957914115_4,data/processed/sano/gbif_5243447_1957914115_4.jpg,sano,gbif,https://observation.org/photos/3427342.jpg,5243447:1957914115:4,CC-BY-NC-4.0,Theo Westra,2012-06-01,2026-05-10T03:44:08Z,800x640,9baf5ee712cd5711533ba727172c3f6d,Netherlands | processed:800x640
gbif_5243447_1957914115_5,data/processed/sano/gbif_5243447_1957914115_5.jpg,sano,gbif,https://observation.org/photos/3433352.jpg,5243447:1957914115:5,CC-BY-NC-4.0,Theo Westra,2012-06-01,2026-05-10T03:44:09Z,800x450,5c2941d1be4403583cc4f6ca844619cb,Netherlands | processed:800x450
gbif_5243447_1957914115_6,data/processed/sano/gbif_5243447_1957914115_6.jpg,sano,gbif,https://observation.org/photos/3433365.jpg,5243447:1957914115:6,CC-BY-NC-4.0,Theo Westra,2012-06-01,2026-05-10T03:44:10Z,800x450,4d6407eb2f617c74350c304690296410,Netherlands | processed:800x450
gbif_5243447_2243347806_0,data/processed/sano/gbif_5243447_2243347806_0.jpg,sano,gbif,https://biocoll.inhs.illinois.edu/media/idigbio/dbg/mycology/00025/25047_C1_lg.jpg,5243447:2243347806:0,CC0-1.0,"Denver Botanic Gardens, Sam Mitchel Herbarium of Fungi (DBG-DBG)",2012-07-20,2026-05-10T03:44:11Z,2000x1247,a1bee5b3c01d2686f87a1ea0496b66be,United States of America | processed:1024x638
gbif_5243447_2243347806_1,data/processed/sano/gbif_5243447_2243347806_1.jpg,sano,gbif,https://biocoll.inhs.illinois.edu/media/idigbio/dbg/mycology/00025/25047_C2_lg.jpg,5243447:2243347806:1,CC0-1.0,"Denver Botanic Gardens, Sam Mitchel Herbarium of Fungi (DBG-DBG)",2012-07-20,2026-05-10T03:44:12Z,2000x1241,e16a25cb626ebd00f798e0f67954ef63,United States of America | processed:1024x635
gbif_5243447_2243347806_2,data/processed/sano/gbif_5243447_2243347806_2.jpg,sano,gbif,https://biocoll.inhs.illinois.edu/media/idigbio/dbg/mycology/DBG-F-025/DBG-F-025047_S00_lg.jpg,5243447:2243347806:2,CC0-1.0,"Denver Botanic Gardens, Sam Mitchel Herbarium of Fungi (DBG-DBG)",2012-07-20,2026-05-10T03:44:13Z,2000x3000,94b4233a95d098019ebc3af1e23659c9,United States of America | processed:683x1024
gbif_5243447_2238186779_0,data/processed/sano/gbif_5243447_2238186779_0.jpg,sano,gbif,https://svampe.databasen.org/uploads/GSC2012PIC84829055.JPG,5243447:2238186779:0,CC-BY-NC-4.0,Grith Styrck Carlsen,2012-10-28,2026-05-10T03:44:16Z,1200x900,0da1d9d1bc8139e87262b5607e2438a9,Denmark | processed:1024x768
gbif_5243447_4459856151_0,data/processed/sano/gbif_5243447_4459856151_0.jpg,sano,gbif,https://observation.org/photos/80885698.jpg,5243447:4459856151:0,CC-BY-NC-ND-4.0,Divina Aparicio de Andrés,2011-01-30,2026-05-10T03:44:17Z,800x600,1ea526088906744e3ef57a9744d8005a,Spain | processed:800x600
gbif_5243447_2237955920_0,data/processed/sano/gbif_5243447_2237955920_0.jpg,sano,gbif,https://svampe.databasen.org/uploads/PEL2011PIC28589518.JPG,5243447:2237955920:0,CC-BY-NC-4.0,Peter Lausted,2011-05-21,2026-05-10T03:44:26Z,640x480,bdd8ad05e3fa4d899959de5c61af57c9,Denmark | processed:640x480
gbif_5243447_2237955920_1,data/processed/sano/gbif_5243447_2237955920_1.jpg,sano,gbif,https://svampe.databasen.org/uploads/PEL2011PIC45875943.JPG,5243447:2237955920:1,CC-BY-NC-4.0,Peter Lausted,2011-05-21,2026-05-10T03:44:26Z,640x480,cddfc6419045c81e7809c5e6fac8e815,Denmark | processed:640x480
gbif_5243447_2237955920_2,data/processed/sano/gbif_5243447_2237955920_2.jpg,sano,gbif,https://svampe.databasen.org/uploads/PEL2011PIC52445555.JPG,5243447:2237955920:2,CC-BY-NC-4.0,Peter Lausted,2011-05-21,2026-05-10T03:44:27Z,640x480,d0517bfc6cfe50e2e6b5936a0bcd3d25,Denmark | processed:640x480
gbif_5243447_2243337430_0,data/processed/sano/gbif_5243447_2243337430_0.jpg,sano,gbif,https://biocoll.inhs.illinois.edu/media/idigbio/dbg/mycology/00024/24754_C1_lg.jpg,5243447:2243337430:0,CC0-1.0,"Denver Botanic Gardens, Sam Mitchel Herbarium of Fungi (DBG-DBG)",2011-06-11,2026-05-10T03:44:29Z,2000x1241,fdaef1e88c71239a0679bce3a36c4c17,United States of America | processed:1024x635
gbif_5243447_2243337430_1,data/processed/sano/gbif_5243447_2243337430_1.jpg,sano,gbif,https://biocoll.inhs.illinois.edu/media/idigbio/dbg/mycology/DBG-F-024/DBG-F-024754_S00_lg.jpg,5243447:2243337430:1,CC0-1.0,"Denver Botanic Gardens, Sam Mitchel Herbarium of Fungi (DBG-DBG)",2011-06-11,2026-05-10T03:44:29Z,2000x3000,4e2a75ef9edcdab8962483e4d8f9e600,United States of America | processed:683x1024
gbif_5243447_2243340663_0,data/processed/sano/gbif_5243447_2243340663_0.jpg,sano,gbif,https://biocoll.inhs.illinois.edu/media/idigbio/dbg/mycology/00024/24753_C1_lg.jpg,5243447:2243340663:0,CC0-1.0,"Denver Botanic Gardens, Sam Mitchel Herbarium of Fungi (DBG-DBG)",2011-06-19,2026-05-10T03:44:30Z,2000x1239,d0d396e053609f929ba38d4fdb7f1f13,United States of America | processed:1024x634
gbif_5243447_2243340663_1,data/processed/sano/gbif_5243447_2243340663_1.jpg,sano,gbif,https://biocoll.inhs.illinois.edu/media/idigbio/dbg/mycology/00024/24753_C2_lg.jpg,5243447:2243340663:1,CC0-1.0,"Denver Botanic Gardens, Sam Mitchel Herbarium of Fungi (DBG-DBG)",2011-06-19,2026-05-10T03:44:31Z,2000x1236,12028211a9e4336fc37747f6e5b59bd0,United States of America | processed:1024x633
gbif_5243447_2243340663_2,data/processed/sano/gbif_5243447_2243340663_2.jpg,sano,gbif,https://biocoll.inhs.illinois.edu/media/idigbio/dbg/mycology/DBG-F-024/DBG-F-024753_S00_lg.jpg,5243447:2243340663:2,CC0-1.0,"Denver Botanic Gardens, Sam Mitchel Herbarium of Fungi (DBG-DBG)",2011-06-19,2026-05-10T03:44:33Z,2000x3000,44a185956672968c02a47d7f79e2e2f6,United States of America | processed:683x1024
gbif_5243447_1959704309_0,data/processed/sano/gbif_5243447_1959704309_0.jpg,sano,gbif,https://observation.org/photos/2326773.jpg,5243447:1959704309:0,CC-BY-NC-ND-4.0,JL. brummer,2011-07-03,2026-05-10T03:45:00Z,800x600,5a130ef681154a848a3661a6ec951f87,Netherlands | processed:800x600
gbif_5243447_1959704309_1,data/processed/sano/gbif_5243447_1959704309_1.jpg,sano,gbif,https://observation.org/photos/2326774.jpg,5243447:1959704309:1,CC-BY-NC-ND-4.0,JL. brummer,2011-07-03,2026-05-10T03:45:01Z,800x600,64b841ae9dfff74421351ab9fbe7c03c,Netherlands | processed:800x600
gbif_5243447_1959704309_2,data/processed/sano/gbif_5243447_1959704309_2.jpg,sano,gbif,https://observation.org/photos/2326775.jpg,5243447:1959704309:2,CC-BY-NC-ND-4.0,JL. brummer,2011-07-03,2026-05-10T03:45:02Z,800x600,6d9ac645236a9d6920ce992f59adfcae,Netherlands | processed:800x600
gbif_5243447_4459918334_0,data/processed/sano/gbif_5243447_4459918334_0.jpg,sano,gbif,https://observation.org/photos/80906532.jpg,5243447:4459918334:0,CC-BY-NC-ND-4.0,Paco (Faluke),2011-11-15,2026-05-10T03:45:06Z,800x504,5794ba30d11df33a86abd2f828a8fb67,Spain | processed:800x504
gbif_5243447_4461172133_0,data/processed/sano/gbif_5243447_4461172133_0.jpg,sano,gbif,https://observation.org/photos/80910388.jpg,5243447:4461172133:0,CC-BY-NC-ND-4.0,JUAN RAMÓN VÁZQUEZ MORA,2011-11-27,2026-05-10T03:45:07Z,750x563,84ba0d8aa974f71512d9a09f49fb2f90,Spain | processed:750x563
gbif_5243447_2839196517_0,data/processed/sano/gbif_5243447_2839196517_0.jpg,sano,gbif,https://observation.org/photos/1223268.jpg,5243447:2839196517:0,CC-BY-NC-ND-4.0,Christiane Baethcke,2010-05-18,2026-05-10T03:45:14Z,800x600,37136397e7e44833884855c59712e3ee,Netherlands | processed:800x600
gbif_5243447_2238591512_0,data/processed/sano/gbif_5243447_2238591512_0.jpg,sano,gbif,https://svampe.databasen.org/uploads/CL2010PIC28297151.JPG,5243447:2238591512:0,CC-BY-NC-4.0,Christian Lange,2010-06-18,2026-05-10T03:45:15Z,800x600,8a34e8f201ebd056f7ff056378c6f341,Denmark | processed:800x600
gbif_5243447_5069141471_0,data/processed/sano/gbif_5243447_5069141471_0.jpg,sano,gbif,https://biocoll.inhs.illinois.edu/media/idigbio/sfsu/mycology/SFSU-F-020/SFSU-F-020113_lg.jpg,5243447:5069141471:0,CC0-1.0,"San Francisco State University, Harry D. Thiers Herbarium (SFSU-)",2009-03-22,2026-05-10T03:45:27Z,2000x3000,878acf5183d34ceef53a5830f5613410,United States of America | processed:683x1024
gbif_5243447_5069141550_0,data/processed/sano/gbif_5243447_5069141550_0.jpg,sano,gbif,https://biocoll.inhs.illinois.edu/media/idigbio/sfsu/mycology/SFSU-F-020/SFSU-F-020088_lg.jpg,5243447:5069141550:0,CC0-1.0,"San Francisco State University, Harry D. Thiers Herbarium (SFSU-)",2009-03-22,2026-05-10T03:45:28Z,2000x3000,7ba374711ab91b7b9bfb0687021bdcd1,United States of America | processed:683x1024
gbif_5243447_5069148121_0,data/processed/sano/gbif_5243447_5069148121_0.jpg,sano,gbif,https://biocoll.inhs.illinois.edu/media/idigbio/sfsu/mycology/SFSU-F-020/SFSU-F-020137_lg.jpg,5243447:5069148121:0,CC0-1.0,"San Francisco State University, Harry D. Thiers Herbarium (SFSU-)",2009-03-22,2026-05-10T03:45:29Z,2000x3000,446c7eb74732b79dce5c41b15b90e02b,United States of America | processed:683x1024
gbif_5243447_5069152463_0,data/processed/sano/gbif_5243447_5069152463_0.jpg,sano,gbif,https://biocoll.inhs.illinois.edu/media/idigbio/sfsu/mycology/SFSU-F-021/SFSU-F-021071_lg.jpg,5243447:5069152463:0,CC0-1.0,"San Francisco State University, Harry D. Thiers Herbarium (SFSU-)",2009-03-23,2026-05-10T03:45:30Z,2000x3000,01c4bf183e8d568aa687c1e55d06ecb5,United States of America | processed:683x1024
gbif_5243447_3024289139_0,data/processed/sano/gbif_5243447_3024289139_0.jpg,sano,gbif,https://s3.hpc.ut.ee/plutof-public/large/cd30dc9f-da1b-473c-8bf5-a3449f26c48e.jpg,5243447:3024289139:0,CC-BY-NC-4.0,Vello Liiv,2009-06-24,2026-05-10T03:45:32Z,1600x1062,8b155cfd4dc935e900ab05d04c6b8f95,Estonia | processed:1024x680
gbif_5243447_2238227652_0,data/processed/sano/gbif_5243447_2238227652_0.jpg,sano,gbif,https://svampe.databasen.org/uploads/JHP2009-523893_rklqi_Cs.JPG,5243447:2238227652:0,CC-BY-NC-4.0,Jens H. Petersen,2009-08-31,2026-05-10T03:45:33Z,1066x800,a1a56d21496b326e7767a447e4a27eee,Denmark | processed:1024x768
gbif_5243447_2238449509_0,data/processed/sano/gbif_5243447_2238449509_0.jpg,sano,gbif,https://svampe.databasen.org/uploads/LDJ2009PIC84491700.JPG,5243447:2238449509:0,CC-BY-NC-4.0,Leo de Jong,2009-10-26,2026-05-10T03:45:34Z,1000x750,ff465979ef1b4afe9ff18be07118d13b,Denmark | processed:1000x750
gbif_5243447_2238449509_1,data/processed/sano/gbif_5243447_2238449509_1.jpg,sano,gbif,https://svampe.databasen.org/uploads/LDJ2009PIC85447980.JPG,5243447:2238449509:1,CC-BY-NC-4.0,Leo de Jong,2009-10-26,2026-05-10T03:45:35Z,1000x714,58af6ec5bd3b0999d998fa3f6916f3c7,Denmark | processed:1000x714
gbif_5243447_1803154070_0,data/processed/sano/gbif_5243447_1803154070_0.jpg,sano,gbif,https://data.landcareresearch.co.nz/Image/2Q36/NZVH,5243447:1803154070:0,CC-BY-4.0,,2007-05-11,2026-05-10T03:45:41Z,1200x800,68d0be6d5dc0fa942bad4eb5b0e86038,New Zealand | processed:1024x683
gbif_5243447_6231244684_0,data/processed/sano/gbif_5243447_6231244684_0.jpg,sano,gbif,https://mushroomobserver.org/images/1280/1212189.jpg,5243447:6231244684:0,CC-BY-NC-4.0,MO Observers,2006-09-24,2026-05-10T03:45:44Z,1280x851,2fa240350acd6847ae69715f3bda3223,United States of America | processed:1024x681
gbif_5243447_6231244684_1,data/processed/sano/gbif_5243447_6231244684_1.jpg,sano,gbif,https://mushroomobserver.org/images/1280/1212190.jpg,5243447:6231244684:1,CC-BY-NC-4.0,MO Observers,2006-09-24,2026-05-10T03:45:45Z,1280x851,571bc1e6c4c4ebf0efdf5adc004b836f,United States of America | processed:1024x681
gbif_5243447_1965229070_0,data/processed/sano/gbif_5243447_1965229070_0.jpg,sano,gbif,https://observation.org/photos/97202.jpg,5243447:1965229070:0,CC-BY-NC-ND-4.0,Ronald Rave,2006-10-22,2026-05-10T03:45:47Z,800x600,3656bde86665fb414da38ae35aa589f2,Netherlands | processed:800x600
gbif_5243447_5069141554_0,data/processed/sano/gbif_5243447_5069141554_0.jpg,sano,gbif,https://biocoll.inhs.illinois.edu/media/idigbio/sfsu/mycology/SFSU-F-007/SFSU-F-007589_lg.jpg,5243447:5069141554:0,CC0-1.0,"San Francisco State University, Harry D. Thiers Herbarium (SFSU-)",2004-05-29,2026-05-10T03:45:54Z,2000x3000,8ba676a12d24623a648fa7c5d6caca80,United States of America | processed:683x1024
gbif_5243447_5069141554_1,data/processed/sano/gbif_5243447_5069141554_1.jpg,sano,gbif,https://biocoll.inhs.illinois.edu/media/idigbio/sfsu/mycology/SFSU-F-007/SFSU-F-007589_Sp1_lg.jpg,5243447:5069141554:1,CC0-1.0,"San Francisco State University, Harry D. Thiers Herbarium (SFSU-)",2004-05-29,2026-05-10T03:45:55Z,2000x3000,b1580e6a4013826decbb4e4768f8ccb4,United States of America | processed:683x1024
gbif_5243447_5069141554_2,data/processed/sano/gbif_5243447_5069141554_2.jpg,sano,gbif,https://biocoll.inhs.illinois.edu/media/idigbio/sfsu/mycology/SFSU-F-007/SFSU-F-007589_Sp2_lg.jpg,5243447:5069141554:2,CC0-1.0,"San Francisco State University, Harry D. Thiers Herbarium (SFSU-)",2004-05-29,2026-05-10T03:45:56Z,2000x3000,3157b108858d0b05a1e32a685bbff42a,United States of America | processed:683x1024
gbif_5243447_2251015586_0,data/processed/sano/gbif_5243447_2251015586_0.jpg,sano,gbif,http://www.boldsystems.org/pics/NOBAS/202565_1+1495536550.jpg,5243447:2251015586:0,CC-BY-NC-SA-4.0,,2004-06-21,2026-05-10T03:45:57Z,640x959,bdab4201f6e5ab06f5dc93d25660641d,Norway | processed:640x959
gbif_5243447_2332413658_0,data/processed/sano/gbif_5243447_2332413658_0.jpg,sano,gbif,https://www.unimus.no/felles/bilder/web_hent_bilde.php?id=15114807&type=jpeg,5243447:2332413658:0,CC-BY-SA-4.0,,2004-06-21,2026-05-10T03:46:00Z,7360x4912,17fd36eff47b815c4e1a2297c8209f91,Norway | processed:683x1024
gbif_5243447_5069141477_0,data/processed/sano/gbif_5243447_5069141477_0.jpg,sano,gbif,https://biocoll.inhs.illinois.edu/media/idigbio/sfsu/mycology/SFSU-F-020/SFSU-F-020114_lg.jpg,5243447:5069141477:0,CC0-1.0,"San Francisco State University, Harry D. Thiers Herbarium (SFSU-)",2004-07-27,2026-05-10T03:46:02Z,2000x3000,500b7c8e47c76a0b2b854e3976c75490,United States of America | processed:683x1024
gbif_5243447_5069147992_0,data/processed/sano/gbif_5243447_5069147992_0.jpg,sano,gbif,https://biocoll.inhs.illinois.edu/media/idigbio/sfsu/mycology/SFSU-F-020/SFSU-F-020150_lg.jpg,5243447:5069147992:0,CC0-1.0,"San Francisco State University, Harry D. Thiers Herbarium (SFSU-)",2004-07-29,2026-05-10T03:46:06Z,2000x3000,29188818782ed6bec00bf758329c12ac,United States of America | processed:683x1024
gbif_5243447_5069148017_0,data/processed/sano/gbif_5243447_5069148017_0.jpg,sano,gbif,https://biocoll.inhs.illinois.edu/media/idigbio/sfsu/mycology/SFSU-F-020/SFSU-F-020155_lg.jpg,5243447:5069148017:0,CC0-1.0,"San Francisco State University, Harry D. Thiers Herbarium (SFSU-)",2004-07-28,2026-05-10T03:46:09Z,2000x3000,b89e32cd0193a2b72a2f4ceb4b01e9f5,United States of America | processed:683x1024
gbif_5243447_2516734551_0,data/processed/sano/gbif_5243447_2516734551_0.jpg,sano,gbif,https://medialib.naturalis.nl/file/id/L.3972978/format/large,5243447:2516734551:0,CC0-1.0,Naturalis Biodiversity Center,2004-10-20,2026-05-10T03:46:12Z,1920x1500,01da87b79663d503b316d7f84411345e,Netherlands | processed:1024x800
gbif_5243447_5069134977_0,data/processed/sano/gbif_5243447_5069134977_0.jpg,sano,gbif,https://biocoll.inhs.illinois.edu/media/idigbio/sfsu/mycology/SFSU-F-007/SFSU-F-007531_lg.jpg,5243447:5069134977:0,CC0-1.0,"San Francisco State University, Harry D. Thiers Herbarium (SFSU-)",2002-08,2026-05-10T03:46:14Z,2000x3000,2050abb80ae18cd1d6d7e281c6971e53,United States of America | processed:683x1024
gbif_5243447_5069141258_0,data/processed/sano/gbif_5243447_5069141258_0.jpg,sano,gbif,https://biocoll.inhs.illinois.edu/media/idigbio/sfsu/mycology/SFSU-F-007/SFSU-F-007599_lg.jpg,5243447:5069141258:0,CC0-1.0,"San Francisco State University, Harry D. Thiers Herbarium (SFSU-)",2002-08,2026-05-10T03:46:15Z,2000x3000,d6b749eb0e85056034dfe5a8f1afad49,United States of America | processed:683x1024
gbif_5243447_2515076214_0,data/processed/sano/gbif_5243447_2515076214_0.jpg,sano,gbif,https://medialib.naturalis.nl/file/id/L.3973024/format/large,5243447:2515076214:0,CC0-1.0,Naturalis Biodiversity Center,1997-09-04,2026-05-10T03:46:19Z,1920x1356,afd1fe5bef303c469732742fae801b88,United Kingdom of Great Britain and Northern Ireland | processed:1024x723
gbif_5243447_2517113165_0,data/processed/sano/gbif_5243447_2517113165_0.jpg,sano,gbif,https://medialib.naturalis.nl/file/id/L.3972960/format/large,5243447:2517113165:0,CC0-1.0,Naturalis Biodiversity Center,1996-06-02,2026-05-10T03:46:20Z,1920x1280,8193b2e6b75a253abc6f81baec78fb94,Netherlands | processed:1024x683
gbif_5243447_5069144075_0,data/processed/sano/gbif_5243447_5069144075_0.jpg,sano,gbif,https://biocoll.inhs.illinois.edu/media/idigbio/sfsu/mycology/SFSU-F-007/SFSU-F-007709_lg.jpg,5243447:5069144075:0,CC0-1.0,"San Francisco State University, Harry D. Thiers Herbarium (SFSU-)",1995-04-20,2026-05-10T03:46:21Z,2000x3000,e799cc3690ed0f55b39aaac1106b49f3,United States of America | processed:683x1024
gbif_5243447_5069144121_0,data/processed/sano/gbif_5243447_5069144121_0.jpg,sano,gbif,https://biocoll.inhs.illinois.edu/media/idigbio/sfsu/mycology/SFSU-F-007/SFSU-F-007724_lg.jpg,5243447:5069144121:0,CC0-1.0,"San Francisco State University, Harry D. Thiers Herbarium (SFSU-)",1995-06-07,2026-05-10T03:46:22Z,2000x3000,e29d68a0fcf4337c612336d851af0dc1,United States of America | processed:683x1024
gbif_5243447_2515140762_0,data/processed/sano/gbif_5243447_2515140762_0.jpg,sano,gbif,https://medialib.naturalis.nl/file/id/L.3972959/format/large,5243447:2515140762:0,CC0-1.0,Naturalis Biodiversity Center,1995-11-04,2026-05-10T03:46:24Z,1920x1280,ac03ab3f7928101fcbda3580c3306048,Netherlands | processed:1024x683
gbif_5243447_5069141552_0,data/processed/sano/gbif_5243447_5069141552_0.jpg,sano,gbif,https://biocoll.inhs.illinois.edu/media/idigbio/sfsu/mycology/SFSU-F-007/SFSU-F-007587_lg.jpg,5243447:5069141552:0,CC0-1.0,"San Francisco State University, Harry D. Thiers Herbarium (SFSU-)",1994-03-26,2026-05-10T03:46:24Z,2000x3000,0959dccbfbb1e65dc6537395884aab42,United States of America | processed:683x1024
gbif_5243447_5069142173_0,data/processed/sano/gbif_5243447_5069142173_0.jpg,sano,gbif,https://biocoll.inhs.illinois.edu/media/idigbio/sfsu/mycology/SFSU-F-007/SFSU-F-007800_lg.jpg,5243447:5069142173:0,CC0-1.0,"San Francisco State University, Harry D. Thiers Herbarium (SFSU-)",1994-03-25,2026-05-10T03:46:25Z,2000x3000,25bee518c0372f554de68f2d6d69f1ce,United States of America | processed:683x1024
gbif_5243447_5069142176_0,data/processed/sano/gbif_5243447_5069142176_0.jpg,sano,gbif,https://biocoll.inhs.illinois.edu/media/idigbio/sfsu/mycology/SFSU-F-007/SFSU-F-007801_lg.jpg,5243447:5069142176:0,CC0-1.0,"San Francisco State University, Harry D. Thiers Herbarium (SFSU-)",1994-03-25,2026-05-10T03:46:26Z,2000x3000,e5f1fe579de9b92e1a2699c81df4e699,United States of America | processed:683x1024
mushroom_observer_403911,data/processed/sano/mushroom_observer_403911.jpg,sano,mushroom_observer,https://mushroomobserver.org/images/orig/403911.jpg,403911,CC-BY-SA-4.0,Chaz,2014-02-15,2026-05-10T03:40:34Z,960x1280,76b263806d7c0de7c8257d30dd02cca6,Agaricus bisporus | processed:768x1024
mushroom_observer_404041,data/processed/sano/mushroom_observer_404041.jpg,sano,mushroom_observer,https://mushroomobserver.org/images/orig/404041.jpg,404041,CC-BY-SA-4.0,Chaz,2014-02-16,2026-05-10T03:40:51Z,1280x960,989af1da773016c6e7ba9d9aa5032799,Agaricus bisporus | processed:1024x768
mushroom_observer_404082,data/processed/sano/mushroom_observer_404082.jpg,sano,mushroom_observer,https://mushroomobserver.org/images/orig/404082.jpg,404082,CC-BY-SA-4.0,Chaz,2014-02-16,2026-05-10T03:41:08Z,1280x960,8842257c51978b861bfd91742bb2266e,Agaricus bisporus | processed:1024x768
mushroom_observer_443630,data/processed/sano/mushroom_observer_443630.jpg,sano,mushroom_observer,https://mushroomobserver.org/images/orig/443630.jpg,443630,CC-BY-NC-4.0,R.W.,2014-08-11,2026-05-10T03:41:17Z,1280x960,b8ca78b67139ffb83184294ce796c410,Agaricus bisporus | processed:1024x768
mushroom_observer_443631,data/processed/sano/mushroom_observer_443631.jpg,sano,mushroom_observer,https://mushroomobserver.org/images/orig/443631.jpg,443631,CC-BY-NC-4.0,R.W.,2014-08-11,2026-05-10T03:41:25Z,1280x960,d8c99ba7f127f091415eb1c0c7004a08,Agaricus bisporus | processed:1024x768
mushroom_observer_443632,data/processed/sano/mushroom_observer_443632.jpg,sano,mushroom_observer,https://mushroomobserver.org/images/orig/443632.jpg,443632,CC-BY-NC-4.0,R.W.,2014-08-11,2026-05-10T03:41:34Z,1280x960,4a42d9de0cda556180b82fedf0cee791,Agaricus bisporus | processed:1024x768
mushroom_observer_443633,data/processed/sano/mushroom_observer_443633.jpg,sano,mushroom_observer,https://mushroomobserver.org/images/orig/443633.jpg,443633,CC-BY-NC-4.0,R.W.,2014-08-11,2026-05-10T03:41:42Z,1280x960,da89f3206ea9bf8ed6cbbaa3ce824603,Agaricus bisporus | processed:1024x768
mushroom_observer_443634,data/processed/sano/mushroom_observer_443634.jpg,sano,mushroom_observer,https://mushroomobserver.org/images/orig/443634.jpg,443634,CC-BY-NC-4.0,R.W.,2014-08-11,2026-05-10T03:41:51Z,1280x960,1d6ad4d60484e165b78b049c77aa2f1e,Agaricus bisporus | processed:1024x768
mushroom_observer_443635,data/processed/sano/mushroom_observer_443635.jpg,sano,mushroom_observer,https://mushroomobserver.org/images/orig/443635.jpg,443635,CC-BY-NC-4.0,R.W.,2014-08-11,2026-05-10T03:42:00Z,1280x960,2554e780371bea2bf1a22cbf653b81fc,Agaricus bisporus | processed:1024x768
mushroom_observer_443636,data/processed/sano/mushroom_observer_443636.jpg,sano,mushroom_observer,https://mushroomobserver.org/images/orig/443636.jpg,443636,CC-BY-NC-4.0,R.W.,2014-08-11,2026-05-10T03:42:08Z,1280x960,bb6000dfb7ae9381aa4e91ebe72e1adc,Agaricus bisporus | processed:1024x768
mushroom_observer_443637,data/processed/sano/mushroom_observer_443637.jpg,sano,mushroom_observer,https://mushroomobserver.org/images/orig/443637.jpg,443637,CC-BY-NC-4.0,R.W.,2014-08-11,2026-05-10T03:42:17Z,1280x960,26e50e36332b482810047227f4df9411,Agaricus bisporus | processed:1024x768
mushroom_observer_479048,data/processed/sano/mushroom_observer_479048.jpg,sano,mushroom_observer,https://mushroomobserver.org/images/orig/479048.jpg,479048,CC-BY-SA-4.0,Jacob Kalichman,2014-11-07,2026-05-10T03:42:26Z,1280x927,21760eab42197106fb753697b23947db,Agaricus bisporus | processed:1024x742
mushroom_observer_479049,data/processed/sano/mushroom_observer_479049.jpg,sano,mushroom_observer,https://mushroomobserver.org/images/orig/479049.jpg,479049,CC-BY-SA-4.0,Jacob Kalichman,2014-11-07,2026-05-10T03:42:34Z,1280x912,1c02516939c686d9d98f2110bc0d4ab7,Agaricus bisporus | processed:1024x730
mushroom_observer_479051,data/processed/sano/mushroom_observer_479051.jpg,sano,mushroom_observer,https://mushroomobserver.org/images/orig/479051.jpg,479051,CC-BY-SA-4.0,Jacob Kalichman,2014-11-07,2026-05-10T03:42:51Z,1280x897,71d3d9cb825b99529065cacb9b17ddb4,Agaricus bisporus | processed:1024x718
mushroom_observer_479052,data/processed/sano/mushroom_observer_479052.jpg,sano,mushroom_observer,https://mushroomobserver.org/images/orig/479052.jpg,479052,CC-BY-SA-4.0,Jacob Kalichman,2014-11-07,2026-05-10T03:43:00Z,1280x862,50d2142c37f52d83410330d53b6387f8,Agaricus bisporus | processed:1024x690
mushroom_observer_479053,data/processed/sano/mushroom_observer_479053.jpg,sano,mushroom_observer,https://mushroomobserver.org/images/orig/479053.jpg,479053,CC-BY-SA-4.0,Jacob Kalichman,2014-11-07,2026-05-10T03:43:09Z,1141x1280,79586e0da694f8d20ca99f4b3e9ede31,Agaricus bisporus | processed:913x1024
mushroom_observer_481620,data/processed/sano/mushroom_observer_481620.jpg,sano,mushroom_observer,https://mushroomobserver.org/images/orig/481620.jpg,481620,CC-BY-SA-4.0,Jacob Kalichman,2014-11-14,2026-05-10T03:43:17Z,1280x853,a6b472fa7fd6a0c94056f8e8dd1b4009,Agaricus bisporus | processed:1024x682
mushroom_observer_481621,data/processed/sano/mushroom_observer_481621.jpg,sano,mushroom_observer,https://mushroomobserver.org/images/orig/481621.jpg,481621,CC-BY-SA-4.0,Jacob Kalichman,2014-11-14,2026-05-10T03:43:26Z,1280x884,a0e938397afe734049e2a3c85924325f,Agaricus bisporus | processed:1024x707
mushroom_observer_481622,data/processed/sano/mushroom_observer_481622.jpg,sano,mushroom_observer,https://mushroomobserver.org/images/orig/481622.jpg,481622,CC-BY-SA-4.0,Jacob Kalichman,2014-11-14,2026-05-10T03:43:35Z,1204x1280,b66f433940009f7d63b6923497f8bbef,Agaricus bisporus | processed:963x1024
mushroom_observer_481624,data/processed/sano/mushroom_observer_481624.jpg,sano,mushroom_observer,https://mushroomobserver.org/images/orig/481624.jpg,481624,CC-BY-SA-4.0,Jacob Kalichman,2014-11-14,2026-05-10T03:43:51Z,700x500,d75d680e214d728433efc6753deae6ca,Agaricus bisporus | processed:700x500
mushroom_observer_520958,data/processed/sano/mushroom_observer_520958.jpg,sano,mushroom_observer,https://mushroomobserver.org/images/orig/520958.jpg,520958,CC-BY-SA-4.0,MushroomPantheon,2015-05-11,2026-05-10T03:44:00Z,960x1280,7f3184ac6457682edd61f3ea305b8b2e,Agaricus bisporus | processed:768x1024
mushroom_observer_520960,data/processed/sano/mushroom_observer_520960.jpg,sano,mushroom_observer,https://mushroomobserver.org/images/orig/520960.jpg,520960,CC-BY-SA-4.0,MushroomPantheon,2015-05-11,2026-05-10T03:44:17Z,960x1280,87367318cf64c57422b509ed2399975b,Agaricus bisporus | processed:768x1024
mushroom_observer_520961,data/processed/sano/mushroom_observer_520961.jpg,sano,mushroom_observer,https://mushroomobserver.org/images/orig/520961.jpg,520961,CC-BY-SA-4.0,MushroomPantheon,2015-05-11,2026-05-10T03:44:26Z,960x1280,af3085be0bae0014ad36f3406351368d,Agaricus bisporus | processed:768x1024
mushroom_observer_589850,data/processed/sano/mushroom_observer_589850.jpg,sano,mushroom_observer,https://mushroomobserver.org/images/orig/589850.jpg,589850,CC-BY-SA-4.0,AlanWeiss,2016-01-09,2026-05-10T03:44:43Z,960x1280,bf34ed0af1a86e611073174b5b2ff952,Agaricus bisporus | processed:768x1024
mushroom_observer_690565,data/processed/sano/mushroom_observer_690565.jpg,sano,mushroom_observer,https://mushroomobserver.org/images/orig/690565.jpg,690565,CC-BY-SA-4.0,Jason Chen,2016-11-05,2026-05-10T03:46:45Z,960x1280,2c0b5bba0a2628e19e3c154696ce822f,Agaricus bisporus | processed:768x1024
mushroom_observer_690566,data/processed/sano/mushroom_observer_690566.jpg,sano,mushroom_observer,https://mushroomobserver.org/images/orig/690566.jpg,690566,CC-BY-SA-4.0,Jason Chen,2016-11-05,2026-05-10T03:46:53Z,960x1280,06da490e678767462df81a80564e6a1c,Agaricus bisporus | processed:768x1024
mushroom_observer_690567,data/processed/sano/mushroom_observer_690567.jpg,sano,mushroom_observer,https://mushroomobserver.org/images/orig/690567.jpg,690567,CC-BY-SA-4.0,Jason Chen,2016-11-05,2026-05-10T03:47:03Z,960x1280,0beda9902c0f0c37392f1538859b55f5,Agaricus bisporus | processed:768x1024
mushroom_observer_690568,data/processed/sano/mushroom_observer_690568.jpg,sano,mushroom_observer,https://mushroomobserver.org/images/orig/690568.jpg,690568,CC-BY-SA-4.0,Jason Chen,2016-11-05,2026-05-10T03:47:11Z,960x1280,f6bc16ffabf596aa4cc8da29bfd19662,Agaricus bisporus | processed:768x1024
gbif_5243447_5069144072_0,data/processed/sano/gbif_5243447_5069144072_0.jpg,sano,gbif,https://biocoll.inhs.illinois.edu/media/idigbio/sfsu/mycology/SFSU-F-007/SFSU-F-007707_lg.jpg,5243447:5069144072:0,CC0-1.0,"San Francisco State University, Harry D. Thiers Herbarium (SFSU-)",1994-03-25,2026-05-10T03:46:28Z,2000x3000,1d1571a5c0d576852b459d7e4a60ac38,United States of America | processed:683x1024
gbif_5243447_5069150270_0,data/processed/sano/gbif_5243447_5069150270_0.jpg,sano,gbif,https://biocoll.inhs.illinois.edu/media/idigbio/sfsu/mycology/SFSU-F-007/SFSU-F-007788_lg.jpg,5243447:5069150270:0,CC0-1.0,"San Francisco State University, Harry D. Thiers Herbarium (SFSU-)",1994-11,2026-05-10T03:46:29Z,2000x3000,e847bb8c5a6f3ed6a6c27b98233fa68b,Canada | processed:683x1024
gbif_5243447_5069150265_0,data/processed/sano/gbif_5243447_5069150265_0.jpg,sano,gbif,https://biocoll.inhs.illinois.edu/media/idigbio/sfsu/mycology/SFSU-F-007/SFSU-F-007785_lg.jpg,5243447:5069150265:0,CC0-1.0,"San Francisco State University, Harry D. Thiers Herbarium (SFSU-)",1993-02-21,2026-05-10T03:46:30Z,2000x3000,93c761bf02f953be8b3b60ef1d014f19,United Kingdom of Great Britain and Northern Ireland | processed:683x1024
gbif_5243447_5069141293_0,data/processed/sano/gbif_5243447_5069141293_0.jpg,sano,gbif,https://biocoll.inhs.illinois.edu/media/idigbio/sfsu/mycology/SFSU-F-007/SFSU-F-007605_lg.jpg,5243447:5069141293:0,CC0-1.0,"San Francisco State University, Harry D. Thiers Herbarium (SFSU-)",1993-05-28,2026-05-10T03:46:32Z,2000x3000,2fe1c4257a03adba6cddc61ce996f18b,United States of America | processed:683x1024
gbif_5243447_5069149926_0,data/processed/sano/gbif_5243447_5069149926_0.jpg,sano,gbif,https://biocoll.inhs.illinois.edu/media/idigbio/sfsu/mycology/SFSU-F-007/SFSU-F-007753_lg.jpg,5243447:5069149926:0,CC0-1.0,"San Francisco State University, Harry D. Thiers Herbarium (SFSU-)",1993-05-24,2026-05-10T03:46:33Z,2000x3000,c2490e01bf62b8e5bd3c6cb5f1d1b4c2,United States of America | processed:683x1024
gbif_5243447_5069133795_0,data/processed/sano/gbif_5243447_5069133795_0.jpg,sano,gbif,https://biocoll.inhs.illinois.edu/media/idigbio/sfsu/mycology/SFSU-F-007/SFSU-F-007933_lg.jpg,5243447:5069133795:0,CC0-1.0,"San Francisco State University, Harry D. Thiers Herbarium (SFSU-)",1992-02-19,2026-05-10T03:46:34Z,2000x3000,d9337fb3c09a7b74f6f5d991d2a5fec0,United States of America | processed:683x1024
gbif_5243447_5069133840_0,data/processed/sano/gbif_5243447_5069133840_0.jpg,sano,gbif,https://biocoll.inhs.illinois.edu/media/idigbio/sfsu/mycology/SFSU-F-007/SFSU-F-007941_lg.jpg,5243447:5069133840:0,CC0-1.0,"San Francisco State University, Harry D. Thiers Herbarium (SFSU-)",1992-02-19,2026-05-10T03:46:38Z,2000x3000,ddba75444b1e934b2f10181b111fdfec,United States of America | processed:683x1024
gbif_5243447_5069133848_0,data/processed/sano/gbif_5243447_5069133848_0.jpg,sano,gbif,https://biocoll.inhs.illinois.edu/media/idigbio/sfsu/mycology/SFSU-F-007/SFSU-F-007940_lg.jpg,5243447:5069133848:0,CC0-1.0,"San Francisco State University, Harry D. Thiers Herbarium (SFSU-)",1992-02-19,2026-05-10T03:46:40Z,2000x3000,da5f8102a8096b6fa0265eea4e6f5472,United States of America | processed:683x1024
gbif_5243447_5069133857_0,data/processed/sano/gbif_5243447_5069133857_0.jpg,sano,gbif,https://biocoll.inhs.illinois.edu/media/idigbio/sfsu/mycology/SFSU-F-007/SFSU-F-007949_lg.jpg,5243447:5069133857:0,CC0-1.0,"San Francisco State University, Harry D. Thiers Herbarium (SFSU-)",1992-02-19,2026-05-10T03:46:41Z,2000x3000,a0105b783c223f73c194dd2462e6176e,United States of America | processed:683x1024
gbif_5243447_5069133883_0,data/processed/sano/gbif_5243447_5069133883_0.jpg,sano,gbif,https://biocoll.inhs.illinois.edu/media/idigbio/sfsu/mycology/SFSU-F-007/SFSU-F-007950_lg.jpg,5243447:5069133883:0,CC0-1.0,"San Francisco State University, Harry D. Thiers Herbarium (SFSU-)",1992-02-19,2026-05-10T03:46:42Z,2000x3000,936a33a24a5ee27c15ac97a10285f2ac,United States of America | processed:683x1024
gbif_5243447_5069142234_0,data/processed/sano/gbif_5243447_5069142234_0.jpg,sano,gbif,https://biocoll.inhs.illinois.edu/media/idigbio/sfsu/mycology/SFSU-F-007/SFSU-F-007808_lg.jpg,5243447:5069142234:0,CC0-1.0,"San Francisco State University, Harry D. Thiers Herbarium (SFSU-)",1992-02-19,2026-05-10T03:46:47Z,2000x3000,5136b385d259f036fe2576dbdc313ee3,United States of America | processed:683x1024
gbif_5243447_5069142264_0,data/processed/sano/gbif_5243447_5069142264_0.jpg,sano,gbif,https://biocoll.inhs.illinois.edu/media/idigbio/sfsu/mycology/SFSU-F-007/SFSU-F-007809_lg.jpg,5243447:5069142264:0,CC0-1.0,"San Francisco State University, Harry D. Thiers Herbarium (SFSU-)",1992-02-19,2026-05-10T03:46:48Z,2000x3000,b50a511ec4cda1965d9461bca37245cb,United States of America | processed:683x1024
gbif_5243447_5069142267_0,data/processed/sano/gbif_5243447_5069142267_0.jpg,sano,gbif,https://biocoll.inhs.illinois.edu/media/idigbio/sfsu/mycology/SFSU-F-007/SFSU-F-007810_lg.jpg,5243447:5069142267:0,CC0-1.0,"San Francisco State University, Harry D. Thiers Herbarium (SFSU-)",1992-02,2026-05-10T03:46:49Z,2000x3000,3fdb7c27b560779b7123acc28c1d597a,United States of America | processed:683x1024
gbif_5243447_5069142277_0,data/processed/sano/gbif_5243447_5069142277_0.jpg,sano,gbif,https://biocoll.inhs.illinois.edu/media/idigbio/sfsu/mycology/SFSU-F-007/SFSU-F-007814_lg.jpg,5243447:5069142277:0,CC0-1.0,"San Francisco State University, Harry D. Thiers Herbarium (SFSU-)",1992-02-19,2026-05-10T03:46:50Z,2000x3000,70f9de1cc63dceb801090bf08f3bc32b,United States of America | processed:683x1024
gbif_5243447_5069142302_0,data/processed/sano/gbif_5243447_5069142302_0.jpg,sano,gbif,https://biocoll.inhs.illinois.edu/media/idigbio/sfsu/mycology/SFSU-F-007/SFSU-F-007815_lg.jpg,5243447:5069142302:0,CC0-1.0,"San Francisco State University, Harry D. Thiers Herbarium (SFSU-)",1992-02-19,2026-05-10T03:46:51Z,2000x3000,30d7aec4eac8d83bc17f61a02b0fdb22,United States of America | processed:683x1024
gbif_5243447_5069142308_0,data/processed/sano/gbif_5243447_5069142308_0.jpg,sano,gbif,https://biocoll.inhs.illinois.edu/media/idigbio/sfsu/mycology/SFSU-F-007/SFSU-F-007820_lg.jpg,5243447:5069142308:0,CC0-1.0,"San Francisco State University, Harry D. Thiers Herbarium (SFSU-)",1992-02-19,2026-05-10T03:46:53Z,2000x3000,d5b20ba639123bc0b000306796922945,United States of America | processed:683x1024
gbif_5243447_5069142310_0,data/processed/sano/gbif_5243447_5069142310_0.jpg,sano,gbif,https://biocoll.inhs.illinois.edu/media/idigbio/sfsu/mycology/SFSU-F-007/SFSU-F-007818_lg.jpg,5243447:5069142310:0,CC0-1.0,"San Francisco State University, Harry D. Thiers Herbarium (SFSU-)",1992-02-19,2026-05-10T03:46:54Z,2000x3000,6f2a56b65935a485c079893687e93d69,United States of America | processed:683x1024
gbif_5243447_5069142324_0,data/processed/sano/gbif_5243447_5069142324_0.jpg,sano,gbif,https://biocoll.inhs.illinois.edu/media/idigbio/sfsu/mycology/SFSU-F-007/SFSU-F-007825_lg.jpg,5243447:5069142324:0,CC0-1.0,"San Francisco State University, Harry D. Thiers Herbarium (SFSU-)",1992-02-19,2026-05-10T03:46:58Z,2000x3000,712f5deb110ac93d158e8984a00fe906,United States of America | processed:683x1024
gbif_5243447_5069143074_0,data/processed/sano/gbif_5243447_5069143074_0.jpg,sano,gbif,https://biocoll.inhs.illinois.edu/media/idigbio/sfsu/mycology/SFSU-F-007/SFSU-F-007873_lg.jpg,5243447:5069143074:0,CC0-1.0,"San Francisco State University, Harry D. Thiers Herbarium (SFSU-)",1992-02-19,2026-05-10T03:47:07Z,2000x3000,d00e5acbac9a87544f68e1962db1c038,United States of America | processed:683x1024
gbif_5243447_5069143214_0,data/processed/sano/gbif_5243447_5069143214_0.jpg,sano,gbif,https://biocoll.inhs.illinois.edu/media/idigbio/sfsu/mycology/SFSU-F-007/SFSU-F-007903_lg.jpg,5243447:5069143214:0,CC0-1.0,"San Francisco State University, Harry D. Thiers Herbarium (SFSU-)",1992-02-19,2026-05-10T03:47:14Z,2000x3000,9bf8f5599b44b10b00f7ca505c20efe2,United States of America | processed:683x1024
gbif_5243447_5069143233_0,data/processed/sano/gbif_5243447_5069143233_0.jpg,sano,gbif,https://biocoll.inhs.illinois.edu/media/idigbio/sfsu/mycology/SFSU-F-007/SFSU-F-007909_lg.jpg,5243447:5069143233:0,CC0-1.0,"San Francisco State University, Harry D. Thiers Herbarium (SFSU-)",1992-02-19,2026-05-10T03:47:16Z,2000x3000,7438498e03c67b0ee0809903bd185681,United States of America | processed:683x1024
gbif_5243447_5069143261_0,data/processed/sano/gbif_5243447_5069143261_0.jpg,sano,gbif,https://biocoll.inhs.illinois.edu/media/idigbio/sfsu/mycology/SFSU-F-007/SFSU-F-007914_lg.jpg,5243447:5069143261:0,CC0-1.0,"San Francisco State University, Harry D. Thiers Herbarium (SFSU-)",1992-02,2026-05-10T03:47:16Z,2000x3000,acbf73323119f8af1e4287d872c46bcb,United States of America | processed:683x1024
gbif_5243447_5069144150_0,data/processed/sano/gbif_5243447_5069144150_0.jpg,sano,gbif,https://biocoll.inhs.illinois.edu/media/idigbio/sfsu/mycology/SFSU-F-007/SFSU-F-007730_lg.jpg,5243447:5069144150:0,CC0-1.0,"San Francisco State University, Harry D. Thiers Herbarium (SFSU-)",1992-02-16,2026-05-10T03:47:20Z,2000x3000,42b2ccfdf463079f899c3cb2b7a54ef0,United States of America | processed:683x1024
gbif_5243447_5069144156_0,data/processed/sano/gbif_5243447_5069144156_0.jpg,sano,gbif,https://biocoll.inhs.illinois.edu/media/idigbio/sfsu/mycology/SFSU-F-007/SFSU-F-007733_lg.jpg,5243447:5069144156:0,CC0-1.0,"San Francisco State University, Harry D. Thiers Herbarium (SFSU-)",1992-02-19,2026-05-10T03:47:21Z,2000x3000,4728c7d0475d3d5ddb95ee9702264053,United States of America | processed:683x1024
gbif_5243447_2514978917_0,data/processed/sano/gbif_5243447_2514978917_0.jpg,sano,gbif,https://medialib.naturalis.nl/file/id/L.3972989/format/large,5243447:2514978917:0,CC0-1.0,Naturalis Biodiversity Center,1992-03-25,2026-05-10T03:47:23Z,1920x1405,f83bf1baa8dde3d794b5af820e94fb35,Netherlands | processed:1024x749
gbif_5243447_5069133803_0,data/processed/sano/gbif_5243447_5069133803_0.jpg,sano,gbif,https://biocoll.inhs.illinois.edu/media/idigbio/sfsu/mycology/SFSU-F-007/SFSU-F-007930_lg.jpg,5243447:5069133803:0,CC0-1.0,"San Francisco State University, Harry D. Thiers Herbarium (SFSU-)",1992-03-08,2026-05-10T03:47:26Z,2000x3000,9976b2cf7226fadc5aa906caddf5a49c,United States of America | processed:683x1024
gbif_5243447_5069133836_0,data/processed/sano/gbif_5243447_5069133836_0.jpg,sano,gbif,https://biocoll.inhs.illinois.edu/media/idigbio/sfsu/mycology/SFSU-F-007/SFSU-F-007944_lg.jpg,5243447:5069133836:0,CC0-1.0,"San Francisco State University, Harry D. Thiers Herbarium (SFSU-)",1992-03-09,2026-05-10T03:47:29Z,2000x3000,d99cced4609e0f1247df643c207b6a51,United States of America | processed:683x1024
gbif_5243447_5069142099_0,data/processed/sano/gbif_5243447_5069142099_0.jpg,sano,gbif,https://biocoll.inhs.illinois.edu/media/idigbio/sfsu/mycology/SFSU-F-007/SFSU-F-007841_lg.jpg,5243447:5069142099:0,CC0-1.0,"San Francisco State University, Harry D. Thiers Herbarium (SFSU-)",1992-03-07,2026-05-10T03:47:37Z,2000x3000,eeefcb0b86a3c607ce12a77d22fefd9c,United States of America | processed:683x1024
gbif_5243447_5069142100_0,data/processed/sano/gbif_5243447_5069142100_0.jpg,sano,gbif,https://biocoll.inhs.illinois.edu/media/idigbio/sfsu/mycology/SFSU-F-007/SFSU-F-007842_lg.jpg,5243447:5069142100:0,CC0-1.0,"San Francisco State University, Harry D. Thiers Herbarium (SFSU-)",1992-03-07,2026-05-10T03:47:38Z,2000x3000,a1d1e5110f8c163672f6f72711cf46c1,United States of America | processed:683x1024
gbif_5243447_5069142101_0,data/processed/sano/gbif_5243447_5069142101_0.jpg,sano,gbif,https://biocoll.inhs.illinois.edu/media/idigbio/sfsu/mycology/SFSU-F-007/SFSU-F-007843_lg.jpg,5243447:5069142101:0,CC0-1.0,"San Francisco State University, Harry D. Thiers Herbarium (SFSU-)",1992-03-08,2026-05-10T03:47:39Z,2000x3000,09f83a3175f622d6cca83586be3417dc,United States of America | processed:683x1024
gbif_5243447_5069142105_0,data/processed/sano/gbif_5243447_5069142105_0.jpg,sano,gbif,https://biocoll.inhs.illinois.edu/media/idigbio/sfsu/mycology/SFSU-F-007/SFSU-F-007839_lg.jpg,5243447:5069142105:0,CC0-1.0,"San Francisco State University, Harry D. Thiers Herbarium (SFSU-)",1992-03-07,2026-05-10T03:47:42Z,2000x3000,bbcd145dfb560a233d58134784480f59,United States of America | processed:683x1024
gbif_5243447_5069142106_0,data/processed/sano/gbif_5243447_5069142106_0.jpg,sano,gbif,https://biocoll.inhs.illinois.edu/media/idigbio/sfsu/mycology/SFSU-F-007/SFSU-F-007840_lg.jpg,5243447:5069142106:0,CC0-1.0,"San Francisco State University, Harry D. Thiers Herbarium (SFSU-)",1992-03-09,2026-05-10T03:47:43Z,2000x3000,dc14ad711055b5164f42f454d3fb4c07,United States of America | processed:683x1024
gbif_5243447_5069142314_0,data/processed/sano/gbif_5243447_5069142314_0.jpg,sano,gbif,https://biocoll.inhs.illinois.edu/media/idigbio/sfsu/mycology/SFSU-F-007/SFSU-F-007821_lg.jpg,5243447:5069142314:0,CC0-1.0,"San Francisco State University, Harry D. Thiers Herbarium (SFSU-)",1992-03-07,2026-05-10T03:47:53Z,2000x3000,81a816383b67b08685bd04b7571493f1,United States of America | processed:683x1024
gbif_5243447_5069142315_0,data/processed/sano/gbif_5243447_5069142315_0.jpg,sano,gbif,https://biocoll.inhs.illinois.edu/media/idigbio/sfsu/mycology/SFSU-F-007/SFSU-F-007822_lg.jpg,5243447:5069142315:0,CC0-1.0,"San Francisco State University, Harry D. Thiers Herbarium (SFSU-)",1992-03-08,2026-05-10T03:47:54Z,2000x3000,599271505d38c19d0246515faa36cf5e,United States of America | processed:683x1024
gbif_5243447_5069142317_0,data/processed/sano/gbif_5243447_5069142317_0.jpg,sano,gbif,https://biocoll.inhs.illinois.edu/media/idigbio/sfsu/mycology/SFSU-F-007/SFSU-F-007823_lg.jpg,5243447:5069142317:0,CC0-1.0,"San Francisco State University, Harry D. Thiers Herbarium (SFSU-)",1992-03-07,2026-05-10T03:47:55Z,2000x3000,0c9d5ab29d4c545b9615f7436875a657,United States of America | processed:683x1024
gbif_5243447_5069142338_0,data/processed/sano/gbif_5243447_5069142338_0.jpg,sano,gbif,https://biocoll.inhs.illinois.edu/media/idigbio/sfsu/mycology/SFSU-F-007/SFSU-F-007829_lg.jpg,5243447:5069142338:0,CC0-1.0,"San Francisco State University, Harry D. Thiers Herbarium (SFSU-)",1992-03-07,2026-05-10T03:47:56Z,2000x3000,10553d965d74ebf8b52139a3877293c5,United States of America | processed:683x1024
gbif_5243447_5069142339_0,data/processed/sano/gbif_5243447_5069142339_0.jpg,sano,gbif,https://biocoll.inhs.illinois.edu/media/idigbio/sfsu/mycology/SFSU-F-007/SFSU-F-007830_lg.jpg,5243447:5069142339:0,CC0-1.0,"San Francisco State University, Harry D. Thiers Herbarium (SFSU-)",1992-03-08,2026-05-10T03:47:57Z,2000x3000,5c5d9791acd6bbc4b82f6619f17aafac,United States of America | processed:683x1024
gbif_5243447_5069142344_0,data/processed/sano/gbif_5243447_5069142344_0.jpg,sano,gbif,https://biocoll.inhs.illinois.edu/media/idigbio/sfsu/mycology/SFSU-F-007/SFSU-F-007834_lg.jpg,5243447:5069142344:0,CC0-1.0,"San Francisco State University, Harry D. Thiers Herbarium (SFSU-)",1992-03-08,2026-05-10T03:47:59Z,2000x3000,d08b62efc10dafe8ab3301288f62fe0c,United States of America | processed:683x1024
gbif_5243447_5069142346_0,data/processed/sano/gbif_5243447_5069142346_0.jpg,sano,gbif,https://biocoll.inhs.illinois.edu/media/idigbio/sfsu/mycology/SFSU-F-007/SFSU-F-007832_lg.jpg,5243447:5069142346:0,CC0-1.0,"San Francisco State University, Harry D. Thiers Herbarium (SFSU-)",1992-03-13,2026-05-10T03:48:01Z,2000x3000,d29851c444f13dcee3dfa52e0a7d96bb,United States of America | processed:683x1024
gbif_5243447_5069143042_0,data/processed/sano/gbif_5243447_5069143042_0.jpg,sano,gbif,https://biocoll.inhs.illinois.edu/media/idigbio/sfsu/mycology/SFSU-F-007/SFSU-F-007866_lg.jpg,5243447:5069143042:0,CC0-1.0,"San Francisco State University, Harry D. Thiers Herbarium (SFSU-)",1992-03-07,2026-05-10T03:48:06Z,2000x3000,f970c713f4831ce8ff2d702c24510fe2,United States of America | processed:683x1024
gbif_5243447_5069143076_0,data/processed/sano/gbif_5243447_5069143076_0.jpg,sano,gbif,https://biocoll.inhs.illinois.edu/media/idigbio/sfsu/mycology/SFSU-F-007/SFSU-F-007877_lg.jpg,5243447:5069143076:0,CC0-1.0,"San Francisco State University, Harry D. Thiers Herbarium (SFSU-)",1992-03-08,2026-05-10T03:48:12Z,2000x3000,ea665e1b08bb02a51e86e4848d48504a,United States of America | processed:683x1024
gbif_5243447_5069143109_0,data/processed/sano/gbif_5243447_5069143109_0.jpg,sano,gbif,https://biocoll.inhs.illinois.edu/media/idigbio/sfsu/mycology/SFSU-F-007/SFSU-F-007889_lg.jpg,5243447:5069143109:0,CC0-1.0,"San Francisco State University, Harry D. Thiers Herbarium (SFSU-)",1992-03-07,2026-05-10T03:48:19Z,2000x3000,fc031c423241140a29d1c9f1790be570,United States of America | processed:683x1024
gbif_5243447_5069143109_1,data/processed/sano/gbif_5243447_5069143109_1.jpg,sano,gbif,https://biocoll.inhs.illinois.edu/media/idigbio/sfsu/mycology/SFSU-F-007/SFSU-F-007889_N1_lg.jpg,5243447:5069143109:1,CC0-1.0,"San Francisco State University, Harry D. Thiers Herbarium (SFSU-)",1992-03-07,2026-05-10T03:48:20Z,2000x3000,73ef82536a73c207ed5e2c9babdf6e0a,United States of America | processed:683x1024
gbif_5243447_5069143122_0,data/processed/sano/gbif_5243447_5069143122_0.jpg,sano,gbif,https://biocoll.inhs.illinois.edu/media/idigbio/sfsu/mycology/SFSU-F-007/SFSU-F-007891_lg.jpg,5243447:5069143122:0,CC0-1.0,"San Francisco State University, Harry D. Thiers Herbarium (SFSU-)",1992-03-07,2026-05-10T03:48:22Z,2000x3000,6ce401144f2fa66b9aaa17aeb52adb25,United States of America | processed:683x1024
gbif_5243447_5069143130_0,data/processed/sano/gbif_5243447_5069143130_0.jpg,sano,gbif,https://biocoll.inhs.illinois.edu/media/idigbio/sfsu/mycology/SFSU-F-007/SFSU-F-007887_lg.jpg,5243447:5069143130:0,CC0-1.0,"San Francisco State University, Harry D. Thiers Herbarium (SFSU-)",1992-03-07,2026-05-10T03:48:24Z,2000x3000,77d29cd78369b74068d3c0b966c96fbb,United States of America | processed:683x1024
gbif_5243447_5069143225_0,data/processed/sano/gbif_5243447_5069143225_0.jpg,sano,gbif,https://biocoll.inhs.illinois.edu/media/idigbio/sfsu/mycology/SFSU-F-007/SFSU-F-007912_lg.jpg,5243447:5069143225:0,CC0-1.0,"San Francisco State University, Harry D. Thiers Herbarium (SFSU-)",1992-03-07,2026-05-10T03:48:36Z,2000x3000,b0a865d0395286bea6693c40edaff1e8,United States of America | processed:683x1024
gbif_5243447_5069143228_0,data/processed/sano/gbif_5243447_5069143228_0.jpg,sano,gbif,https://biocoll.inhs.illinois.edu/media/idigbio/sfsu/mycology/SFSU-F-007/SFSU-F-007906_lg.jpg,5243447:5069143228:0,CC0-1.0,"San Francisco State University, Harry D. Thiers Herbarium (SFSU-)",1992-03-13,2026-05-10T03:48:38Z,2000x3000,3acf6a84c718a5780c8455eb84a3a8ee,United States of America | processed:683x1024
gbif_5243447_5069143302_0,data/processed/sano/gbif_5243447_5069143302_0.jpg,sano,gbif,https://biocoll.inhs.illinois.edu/media/idigbio/sfsu/mycology/SFSU-F-007/SFSU-F-007928_lg.jpg,5243447:5069143302:0,CC0-1.0,"San Francisco State University, Harry D. Thiers Herbarium (SFSU-)",1992-03-08,2026-05-10T03:48:48Z,2000x3000,5401ab414198229c217cb784892ee503,United States of America | processed:683x1024
gbif_5243447_5069144154_0,data/processed/sano/gbif_5243447_5069144154_0.jpg,sano,gbif,https://biocoll.inhs.illinois.edu/media/idigbio/sfsu/mycology/SFSU-F-007/SFSU-F-007731_lg.jpg,5243447:5069144154:0,CC0-1.0,"San Francisco State University, Harry D. Thiers Herbarium (SFSU-)",1992-03-17,2026-05-10T03:48:52Z,2000x3000,bbba8e1acda1c304564b5b6e3e3f6309,United States of America | processed:683x1024
gbif_5243447_5069144154_1,data/processed/sano/gbif_5243447_5069144154_1.jpg,sano,gbif,https://biocoll.inhs.illinois.edu/media/idigbio/sfsu/mycology/SFSU-F-007/SFSU-F-007731_N1_lg.jpg,5243447:5069144154:1,CC0-1.0,"San Francisco State University, Harry D. Thiers Herbarium (SFSU-)",1992-03-17,2026-05-10T03:48:52Z,2000x3000,d256fc98f93a12c86817ea6b2dff52ba,United States of America | processed:683x1024
gbif_5243447_5069144154_2,data/processed/sano/gbif_5243447_5069144154_2.jpg,sano,gbif,https://biocoll.inhs.illinois.edu/media/idigbio/sfsu/mycology/SFSU-F-007/SFSU-F-007731_N2_lg.jpg,5243447:5069144154:2,CC0-1.0,"San Francisco State University, Harry D. Thiers Herbarium (SFSU-)",1992-03-17,2026-05-10T03:48:54Z,2000x3000,13c9e8567654463e8aa3b9e7cdf2d24b,United States of America | processed:683x1024
gbif_5243447_5069142133_0,data/processed/sano/gbif_5243447_5069142133_0.jpg,sano,gbif,https://biocoll.inhs.illinois.edu/media/idigbio/sfsu/mycology/SFSU-F-007/SFSU-F-007855_lg.jpg,5243447:5069142133:0,CC0-1.0,"San Francisco State University, Harry D. Thiers Herbarium (SFSU-)",1992-04,2026-05-10T03:48:58Z,2000x3000,67905b1d02946a52bd89b711d8fb531d,United States of America | processed:683x1024
gbif_5243447_5069142230_0,data/processed/sano/gbif_5243447_5069142230_0.jpg,sano,gbif,https://biocoll.inhs.illinois.edu/media/idigbio/sfsu/mycology/SFSU-F-007/SFSU-F-007807_lg.jpg,5243447:5069142230:0,CC0-1.0,"San Francisco State University, Harry D. Thiers Herbarium (SFSU-)",1992-04,2026-05-10T03:49:01Z,2000x3000,75936837802b23ac17d7d925fbd0500a,United States of America | processed:683x1024
gbif_5243447_5069142299_0,data/processed/sano/gbif_5243447_5069142299_0.jpg,sano,gbif,https://biocoll.inhs.illinois.edu/media/idigbio/sfsu/mycology/SFSU-F-007/SFSU-F-007817_lg.jpg,5243447:5069142299:0,CC0-1.0,"San Francisco State University, Harry D. Thiers Herbarium (SFSU-)",1992-04,2026-05-10T03:49:04Z,2000x3000,1875f90cbff9af3258e34dc1efdadf77,United States of America | processed:683x1024
gbif_5243447_5069142326_0,data/processed/sano/gbif_5243447_5069142326_0.jpg,sano,gbif,https://biocoll.inhs.illinois.edu/media/idigbio/sfsu/mycology/SFSU-F-007/SFSU-F-007826_lg.jpg,5243447:5069142326:0,CC0-1.0,"San Francisco State University, Harry D. Thiers Herbarium (SFSU-)",1992-04,2026-05-10T03:49:05Z,2000x3000,3da79076ac12530940337c8dc500e84a,United States of America | processed:683x1024
gbif_5243447_5069143040_0,data/processed/sano/gbif_5243447_5069143040_0.jpg,sano,gbif,https://biocoll.inhs.illinois.edu/media/idigbio/sfsu/mycology/SFSU-F-007/SFSU-F-007862_lg.jpg,5243447:5069143040:0,CC0-1.0,"San Francisco State University, Harry D. Thiers Herbarium (SFSU-)",1992-04,2026-05-10T03:49:07Z,2000x3000,b1494acf8557d2e55191b905222a0d43,United States of America | processed:683x1024
gbif_5243447_2845991804_0,data/processed/sano/gbif_5243447_2845991804_0.jpg,sano,gbif,http://pictures.snsb.info/SMNKfungicoll/web/KR-M-0037/KR-M-0037660_20140331_143703.jpg,5243447:2845991804:0,CC-BY-4.0,,1992-05,2026-05-10T03:49:16Z,800x531,3e61383b4d116f2555aa05af1311865f,Germany | processed:800x531
gbif_5243447_5069141255_0,data/processed/sano/gbif_5243447_5069141255_0.jpg,sano,gbif,https://biocoll.inhs.illinois.edu/media/idigbio/sfsu/mycology/SFSU-F-007/SFSU-F-007598_lg.jpg,5243447:5069141255:0,CC0-1.0,"San Francisco State University, Harry D. Thiers Herbarium (SFSU-)",1992-10-10,2026-05-10T03:49:16Z,2000x3000,233aa4de476ac3757abecf3b09e85581,France | processed:683x1024
gbif_5243447_5069141279_0,data/processed/sano/gbif_5243447_5069141279_0.jpg,sano,gbif,https://biocoll.inhs.illinois.edu/media/idigbio/sfsu/mycology/SFSU-F-007/SFSU-F-007601_lg.jpg,5243447:5069141279:0,CC0-1.0,"San Francisco State University, Harry D. Thiers Herbarium (SFSU-)",1992-10-10,2026-05-10T03:49:18Z,2000x3000,db11165b5485d9889ad8c89ed54c6ba7,France | processed:683x1024
gbif_5243447_5069141286_0,data/processed/sano/gbif_5243447_5069141286_0.jpg,sano,gbif,https://biocoll.inhs.illinois.edu/media/idigbio/sfsu/mycology/SFSU-F-007/SFSU-F-007602_lg.jpg,5243447:5069141286:0,CC0-1.0,"San Francisco State University, Harry D. Thiers Herbarium (SFSU-)",1992-10-10,2026-05-10T03:49:20Z,2000x3000,23fbe14f59beca9bcb57007d13902b24,France | processed:683x1024
gbif_5243447_5069141529_0,data/processed/sano/gbif_5243447_5069141529_0.jpg,sano,gbif,https://biocoll.inhs.illinois.edu/media/idigbio/sfsu/mycology/SFSU-F-007/SFSU-F-007586_lg.jpg,5243447:5069141529:0,CC0-1.0,"San Francisco State University, Harry D. Thiers Herbarium (SFSU-)",1992-10-11,2026-05-10T03:49:25Z,2000x3000,c064516a599b50a2df6a288f3baba7a4,France | processed:683x1024
gbif_5243447_5069141568_0,data/processed/sano/gbif_5243447_5069141568_0.jpg,sano,gbif,https://biocoll.inhs.illinois.edu/media/idigbio/sfsu/mycology/SFSU-F-007/SFSU-F-007591_lg.jpg,5243447:5069141568:0,CC0-1.0,"San Francisco State University, Harry D. Thiers Herbarium (SFSU-)",1992-10-11,2026-05-10T03:49:27Z,2000x3000,e788f102e7532b47b70fd098e45ecec9,France | processed:683x1024
gbif_5243447_5069145277_0,data/processed/sano/gbif_5243447_5069145277_0.jpg,sano,gbif,https://biocoll.inhs.illinois.edu/media/idigbio/sfsu/mycology/SFSU-F-007/SFSU-F-007626_lg.jpg,5243447:5069145277:0,CC0-1.0,"San Francisco State University, Harry D. Thiers Herbarium (SFSU-)",1992-10-03,2026-05-10T03:49:31Z,2000x3000,d8737b73f1fb7c8ab5d5769dbb1114c6,Denmark | processed:683x1024
gbif_5243447_5069149976_0,data/processed/sano/gbif_5243447_5069149976_0.jpg,sano,gbif,https://biocoll.inhs.illinois.edu/media/idigbio/sfsu/mycology/SFSU-F-007/SFSU-F-007762_lg.jpg,5243447:5069149976:0,CC0-1.0,"San Francisco State University, Harry D. Thiers Herbarium (SFSU-)",1992-10-10,2026-05-10T03:49:40Z,2000x3000,db7f5444c4d17a42300b325e12da4a66,France | processed:683x1024
gbif_5243447_5069150256_0,data/processed/sano/gbif_5243447_5069150256_0.jpg,sano,gbif,https://biocoll.inhs.illinois.edu/media/idigbio/sfsu/mycology/SFSU-F-007/SFSU-F-007782_lg.jpg,5243447:5069150256:0,CC0-1.0,"San Francisco State University, Harry D. Thiers Herbarium (SFSU-)",1992-10-11,2026-05-10T03:49:43Z,2000x3000,ca5c154c3a09107cc11a9f74ef0abaf8,France | processed:683x1024
gbif_5243447_5069150269_0,data/processed/sano/gbif_5243447_5069150269_0.jpg,sano,gbif,https://biocoll.inhs.illinois.edu/media/idigbio/sfsu/mycology/SFSU-F-007/SFSU-F-007787_lg.jpg,5243447:5069150269:0,CC0-1.0,"San Francisco State University, Harry D. Thiers Herbarium (SFSU-)",1992-10-10,2026-05-10T03:49:49Z,2000x3000,dc7b6b7a22920abc3da772f24b697dd5,France | processed:683x1024
gbif_5243447_5069150277_0,data/processed/sano/gbif_5243447_5069150277_0.jpg,sano,gbif,https://biocoll.inhs.illinois.edu/media/idigbio/sfsu/mycology/SFSU-F-007/SFSU-F-007789_lg.jpg,5243447:5069150277:0,CC0-1.0,"San Francisco State University, Harry D. Thiers Herbarium (SFSU-)",1992-10-10,2026-05-10T03:49:51Z,2000x3000,dc0cb25b09cf1efa97922acd64a9dfee,France | processed:683x1024
gbif_5243447_5069145356_0,data/processed/sano/gbif_5243447_5069145356_0.jpg,sano,gbif,https://biocoll.inhs.illinois.edu/media/idigbio/sfsu/mycology/SFSU-F-007/SFSU-F-007634_lg.jpg,5243447:5069145356:0,CC0-1.0,"San Francisco State University, Harry D. Thiers Herbarium (SFSU-)",1992-11-22,2026-05-10T03:49:52Z,2000x3000,4079751077845900dd83ba1e6794be79,United Kingdom of Great Britain and Northern Ireland | processed:683x1024
gbif_5243447_5069135002_0,data/processed/sano/gbif_5243447_5069135002_0.jpg,sano,gbif,https://biocoll.inhs.illinois.edu/media/idigbio/sfsu/mycology/SFSU-F-007/SFSU-F-007547_lg.jpg,5243447:5069135002:0,CC0-1.0,"San Francisco State University, Harry D. Thiers Herbarium (SFSU-)",1992,2026-05-10T03:49:54Z,2000x3000,2efc456ff82fa35ca7b11b656496e57e,United States of America | processed:683x1024
gbif_5243447_5069144118_0,data/processed/sano/gbif_5243447_5069144118_0.jpg,sano,gbif,https://biocoll.inhs.illinois.edu/media/idigbio/sfsu/mycology/SFSU-F-007/SFSU-F-007722_lg.jpg,5243447:5069144118:0,CC0-1.0,"San Francisco State University, Harry D. Thiers Herbarium (SFSU-)",1992,2026-05-10T03:49:57Z,2000x3000,47dfccdd356d0fe0e35d672db9cdc9b4,United States of America | processed:683x1024
gbif_5243447_5069134981_0,data/processed/sano/gbif_5243447_5069134981_0.jpg,sano,gbif,https://biocoll.inhs.illinois.edu/media/idigbio/sfsu/mycology/SFSU-F-007/SFSU-F-007535_lg.jpg,5243447:5069134981:0,CC0-1.0,"San Francisco State University, Harry D. Thiers Herbarium (SFSU-)",1991-01-30,2026-05-10T03:49:58Z,2000x3000,230176ed0bc8f2a40ea4f20b1b7d3cea,United States of America | processed:683x1024
gbif_5243447_5069134983_0,data/processed/sano/gbif_5243447_5069134983_0.jpg,sano,gbif,https://biocoll.inhs.illinois.edu/media/idigbio/sfsu/mycology/SFSU-F-007/SFSU-F-007537_lg.jpg,5243447:5069134983:0,CC0-1.0,"San Francisco State University, Harry D. Thiers Herbarium (SFSU-)",1991-02-22,2026-05-10T03:49:59Z,2000x3000,85a9533614243e2d57a040cbebb64c60,United States of America | processed:683x1024
gbif_5243447_5069134985_0,data/processed/sano/gbif_5243447_5069134985_0.jpg,sano,gbif,https://biocoll.inhs.illinois.edu/media/idigbio/sfsu/mycology/SFSU-F-007/SFSU-F-007539_lg.jpg,5243447:5069134985:0,CC0-1.0,"San Francisco State University, Harry D. Thiers Herbarium (SFSU-)",1991-02-23,2026-05-10T03:50:01Z,2000x3000,9eea1c61381f77df8e5174caee8db520,United States of America | processed:683x1024
gbif_5243447_5069134996_0,data/processed/sano/gbif_5243447_5069134996_0.jpg,sano,gbif,https://biocoll.inhs.illinois.edu/media/idigbio/sfsu/mycology/SFSU-F-007/SFSU-F-007542_lg.jpg,5243447:5069134996:0,CC0-1.0,"San Francisco State University, Harry D. Thiers Herbarium (SFSU-)",1991-02-23,2026-05-10T03:50:02Z,2000x3000,aadce39c12d126fa2b383b76552fa9ad,United States of America | processed:683x1024
gbif_5243447_5069135021_0,data/processed/sano/gbif_5243447_5069135021_0.jpg,sano,gbif,https://biocoll.inhs.illinois.edu/media/idigbio/sfsu/mycology/SFSU-F-007/SFSU-F-007559_lg.jpg,5243447:5069135021:0,CC0-1.0,"San Francisco State University, Harry D. Thiers Herbarium (SFSU-)",1991-02-22,2026-05-10T03:50:05Z,2000x3000,cb19c791994f31c0f712fda36ec1c55d,United States of America | processed:683x1024
gbif_5243447_5069135036_0,data/processed/sano/gbif_5243447_5069135036_0.jpg,sano,gbif,https://biocoll.inhs.illinois.edu/media/idigbio/sfsu/mycology/SFSU-F-007/SFSU-F-007568_lg.jpg,5243447:5069135036:0,CC0-1.0,"San Francisco State University, Harry D. Thiers Herbarium (SFSU-)",1991-02-16,2026-05-10T03:50:06Z,2000x3000,63cd7f9d95033f7d065855de6fe144ed,United States of America | processed:683x1024
gbif_5243447_5069135049_0,data/processed/sano/gbif_5243447_5069135049_0.jpg,sano,gbif,https://biocoll.inhs.illinois.edu/media/idigbio/sfsu/mycology/SFSU-F-007/SFSU-F-007576_lg.jpg,5243447:5069135049:0,CC0-1.0,"San Francisco State University, Harry D. Thiers Herbarium (SFSU-)",1991-02-17,2026-05-10T03:50:07Z,2000x3000,966f4e3e2cc79ec8f87cef6a22f27fef,United States of America | processed:683x1024
gbif_5243447_5069145365_0,data/processed/sano/gbif_5243447_5069145365_0.jpg,sano,gbif,https://biocoll.inhs.illinois.edu/media/idigbio/sfsu/mycology/SFSU-F-007/SFSU-F-007635_lg.jpg,5243447:5069145365:0,CC0-1.0,"San Francisco State University, Harry D. Thiers Herbarium (SFSU-)",1991-02-03,2026-05-10T03:50:08Z,2000x3000,9e48bfe288535102aea34ecb03979b08,United States of America | processed:683x1024
gbif_5243447_5069134988_0,data/processed/sano/gbif_5243447_5069134988_0.jpg,sano,gbif,https://biocoll.inhs.illinois.edu/media/idigbio/sfsu/mycology/SFSU-F-007/SFSU-F-007540_lg.jpg,5243447:5069134988:0,CC0-1.0,"San Francisco State University, Harry D. Thiers Herbarium (SFSU-)",1991-03-18,2026-05-10T03:50:10Z,2000x3000,4356276d790dd2ff583d1d6ed0b74485,United States of America | processed:683x1024
gbif_5243447_5069134998_0,data/processed/sano/gbif_5243447_5069134998_0.jpg,sano,gbif,https://biocoll.inhs.illinois.edu/media/idigbio/sfsu/mycology/SFSU-F-007/SFSU-F-007543_lg.jpg,5243447:5069134998:0,CC0-1.0,"San Francisco State University, Harry D. Thiers Herbarium (SFSU-)",1991-03-22,2026-05-10T03:50:12Z,2000x3000,f900bb2200d43be4ecea116d8a690ecd,United States of America | processed:683x1024
gbif_5243447_5069135000_0,data/processed/sano/gbif_5243447_5069135000_0.jpg,sano,gbif,https://biocoll.inhs.illinois.edu/media/idigbio/sfsu/mycology/SFSU-F-007/SFSU-F-007545_lg.jpg,5243447:5069135000:0,CC0-1.0,"San Francisco State University, Harry D. Thiers Herbarium (SFSU-)",1991-03-15,2026-05-10T03:50:14Z,2000x3000,022922bac651f60fda36be1809d038a9,United States of America | processed:683x1024
gbif_5243447_5069135003_0,data/processed/sano/gbif_5243447_5069135003_0.jpg,sano,gbif,https://biocoll.inhs.illinois.edu/media/idigbio/sfsu/mycology/SFSU-F-007/SFSU-F-007550_lg.jpg,5243447:5069135003:0,CC0-1.0,"San Francisco State University, Harry D. Thiers Herbarium (SFSU-)",1991-03-10,2026-05-10T03:50:15Z,2000x3000,c1519d6b7ea8519d87f0bdfe8187164c,United States of America | processed:683x1024
gbif_5243447_5069135004_0,data/processed/sano/gbif_5243447_5069135004_0.jpg,sano,gbif,https://biocoll.inhs.illinois.edu/media/idigbio/sfsu/mycology/SFSU-F-007/SFSU-F-007549_lg.jpg,5243447:5069135004:0,CC0-1.0,"San Francisco State University, Harry D. Thiers Herbarium (SFSU-)",1991-03-24,2026-05-10T03:50:16Z,2000x3000,04298391292d3758b96d2cfafdce4904,United States of America | processed:683x1024
gbif_5243447_5069135013_0,data/processed/sano/gbif_5243447_5069135013_0.jpg,sano,gbif,https://biocoll.inhs.illinois.edu/media/idigbio/sfsu/mycology/SFSU-F-007/SFSU-F-007553_lg.jpg,5243447:5069135013:0,CC0-1.0,"San Francisco State University, Harry D. Thiers Herbarium (SFSU-)",1991-03-18,2026-05-10T03:50:17Z,2000x3000,aa9c49f340dbf5edfd916bc91e3e5ed2,United States of America | processed:683x1024
gbif_5243447_5069135020_0,data/processed/sano/gbif_5243447_5069135020_0.jpg,sano,gbif,https://biocoll.inhs.illinois.edu/media/idigbio/sfsu/mycology/SFSU-F-007/SFSU-F-007556_lg.jpg,5243447:5069135020:0,CC0-1.0,"San Francisco State University, Harry D. Thiers Herbarium (SFSU-)",1991-03-22,2026-05-10T03:50:18Z,2000x3000,22446a19a3bc76e7571161113e2bd7a7,United States of America | processed:683x1024
gbif_5243447_5069135024_0,data/processed/sano/gbif_5243447_5069135024_0.jpg,sano,gbif,https://biocoll.inhs.illinois.edu/media/idigbio/sfsu/mycology/SFSU-F-007/SFSU-F-007560_lg.jpg,5243447:5069135024:0,CC0-1.0,"San Francisco State University, Harry D. Thiers Herbarium (SFSU-)",1991-03-11,2026-05-10T03:50:20Z,2000x3000,bdb782a9d267e252039dfa4554ff3004,United States of America | processed:683x1024
gbif_5243447_5069135034_0,data/processed/sano/gbif_5243447_5069135034_0.jpg,sano,gbif,https://biocoll.inhs.illinois.edu/media/idigbio/sfsu/mycology/SFSU-F-007/SFSU-F-007566_lg.jpg,5243447:5069135034:0,CC0-1.0,"San Francisco State University, Harry D. Thiers Herbarium (SFSU-)",1991-03-21,2026-05-10T03:50:23Z,2000x3000,01840f9c03213596cbea0bba9bf7ab7b,United States of America | processed:683x1024
gbif_5243447_5069135035_0,data/processed/sano/gbif_5243447_5069135035_0.jpg,sano,gbif,https://biocoll.inhs.illinois.edu/media/idigbio/sfsu/mycology/SFSU-F-007/SFSU-F-007565_lg.jpg,5243447:5069135035:0,CC0-1.0,"San Francisco State University, Harry D. Thiers Herbarium (SFSU-)",1991-03-18,2026-05-10T03:50:24Z,2000x3000,01ba5b354b28e875263301aa60a672ee,United States of America | processed:683x1024
gbif_5243447_5069135038_0,data/processed/sano/gbif_5243447_5069135038_0.jpg,sano,gbif,https://biocoll.inhs.illinois.edu/media/idigbio/sfsu/mycology/SFSU-F-007/SFSU-F-007570_lg.jpg,5243447:5069135038:0,CC0-1.0,"San Francisco State University, Harry D. Thiers Herbarium (SFSU-)",1991-03-28,2026-05-10T03:50:26Z,2000x3000,56dccca6ae38b412954f625b9563607d,United States of America | processed:683x1024
gbif_5243447_5069135039_0,data/processed/sano/gbif_5243447_5069135039_0.jpg,sano,gbif,https://biocoll.inhs.illinois.edu/media/idigbio/sfsu/mycology/SFSU-F-007/SFSU-F-007569_lg.jpg,5243447:5069135039:0,CC0-1.0,"San Francisco State University, Harry D. Thiers Herbarium (SFSU-)",1991-03-11,2026-05-10T03:50:27Z,2000x3000,d85fc8f8958421c7c3c36838b3730330,United States of America | processed:683x1024
gbif_5243447_5069135040_0,data/processed/sano/gbif_5243447_5069135040_0.jpg,sano,gbif,https://biocoll.inhs.illinois.edu/media/idigbio/sfsu/mycology/SFSU-F-007/SFSU-F-007571_lg.jpg,5243447:5069135040:0,CC0-1.0,"San Francisco State University, Harry D. Thiers Herbarium (SFSU-)",1991-03-28,2026-05-10T03:50:28Z,2000x3000,c8ada00858207242fce45bae89acb8af,United States of America | processed:683x1024
gbif_5243447_5069135047_0,data/processed/sano/gbif_5243447_5069135047_0.jpg,sano,gbif,https://biocoll.inhs.illinois.edu/media/idigbio/sfsu/mycology/SFSU-F-007/SFSU-F-007574_lg.jpg,5243447:5069135047:0,CC0-1.0,"San Francisco State University, Harry D. Thiers Herbarium (SFSU-)",1991-03-16,2026-05-10T03:50:33Z,2000x3000,aabf8ea07191cefccf250d70885be17f,United States of America | processed:683x1024
gbif_5243447_5069135048_0,data/processed/sano/gbif_5243447_5069135048_0.jpg,sano,gbif,https://biocoll.inhs.illinois.edu/media/idigbio/sfsu/mycology/SFSU-F-007/SFSU-F-007577_lg.jpg,5243447:5069135048:0,CC0-1.0,"San Francisco State University, Harry D. Thiers Herbarium (SFSU-)",1991-03-11,2026-05-10T03:50:34Z,2000x3000,2eb2c50a92548edb1b350665db111a3b,United States of America | processed:683x1024
gbif_5243447_5069135903_0,data/processed/sano/gbif_5243447_5069135903_0.jpg,sano,gbif,https://biocoll.inhs.illinois.edu/media/idigbio/sfsu/mycology/SFSU-F-007/SFSU-F-007585_lg.jpg,5243447:5069135903:0,CC0-1.0,"San Francisco State University, Harry D. Thiers Herbarium (SFSU-)",1991-03-26,2026-05-10T03:50:36Z,2000x3000,0c8db954dbabae9415fab32c53d4ccc8,United States of America | processed:683x1024
gbif_5243447_5069142178_0,data/processed/sano/gbif_5243447_5069142178_0.jpg,sano,gbif,https://biocoll.inhs.illinois.edu/media/idigbio/sfsu/mycology/SFSU-F-007/SFSU-F-007802_lg.jpg,5243447:5069142178:0,CC0-1.0,"San Francisco State University, Harry D. Thiers Herbarium (SFSU-)",1991-03-28,2026-05-10T03:50:37Z,2000x3000,154a0f690345947779fd7045a49df882,United States of America | processed:683x1024
gbif_5243447_5069142228_0,data/processed/sano/gbif_5243447_5069142228_0.jpg,sano,gbif,https://biocoll.inhs.illinois.edu/media/idigbio/sfsu/mycology/SFSU-F-007/SFSU-F-007805_lg.jpg,5243447:5069142228:0,CC0-1.0,"San Francisco State University, Harry D. Thiers Herbarium (SFSU-)",1991-03-28,2026-05-10T03:50:40Z,2000x3000,10bfedaa705491cf0985eb42bdb72bf1,United States of America | processed:683x1024
gbif_5243447_5069146224_0,data/processed/sano/gbif_5243447_5069146224_0.jpg,sano,gbif,https://biocoll.inhs.illinois.edu/media/idigbio/sfsu/mycology/SFSU-F-007/SFSU-F-007663_lg.jpg,5243447:5069146224:0,CC0-1.0,"San Francisco State University, Harry D. Thiers Herbarium (SFSU-)",1991-03-28,2026-05-10T03:50:44Z,2000x3000,dc076e4e6fadbc48dc3f951d2ae7fcfd,United States of America | processed:683x1024
gbif_5243447_5069133910_0,data/processed/sano/gbif_5243447_5069133910_0.jpg,sano,gbif,https://biocoll.inhs.illinois.edu/media/idigbio/sfsu/mycology/SFSU-F-007/SFSU-F-007953_lg.jpg,5243447:5069133910:0,CC0-1.0,"San Francisco State University, Harry D. Thiers Herbarium (SFSU-)",1991-04-03,2026-05-10T03:50:49Z,2000x3000,d0fa156756feaaae1d47688b4835cc2f,United States of America | processed:683x1024
gbif_5243447_5069135037_0,data/processed/sano/gbif_5243447_5069135037_0.jpg,sano,gbif,https://biocoll.inhs.illinois.edu/media/idigbio/sfsu/mycology/SFSU-F-007/SFSU-F-007567_lg.jpg,5243447:5069135037:0,CC0-1.0,"San Francisco State University, Harry D. Thiers Herbarium (SFSU-)",1991-04-02,2026-05-10T03:50:55Z,2000x3000,45890cefd3c03da53a096f251724be02,United States of America | processed:683x1024
gbif_5243447_5069135051_0,data/processed/sano/gbif_5243447_5069135051_0.jpg,sano,gbif,https://biocoll.inhs.illinois.edu/media/idigbio/sfsu/mycology/SFSU-F-007/SFSU-F-007578_lg.jpg,5243447:5069135051:0,CC0-1.0,"San Francisco State University, Harry D. Thiers Herbarium (SFSU-)",1991-04-03,2026-05-10T03:50:57Z,2000x3000,0a43615bb06856239c4604952542c490,United States of America | processed:683x1024
gbif_5243447_5069135053_0,data/processed/sano/gbif_5243447_5069135053_0.jpg,sano,gbif,https://biocoll.inhs.illinois.edu/media/idigbio/sfsu/mycology/SFSU-F-007/SFSU-F-007580_lg.jpg,5243447:5069135053:0,CC0-1.0,"San Francisco State University, Harry D. Thiers Herbarium (SFSU-)",1991-04-06,2026-05-10T03:50:59Z,2000x3000,13628ef3e11b03631645768b18393639,United States of America | processed:683x1024
gbif_5243447_5069135904_0,data/processed/sano/gbif_5243447_5069135904_0.jpg,sano,gbif,https://biocoll.inhs.illinois.edu/media/idigbio/sfsu/mycology/SFSU-F-007/SFSU-F-007584_lg.jpg,5243447:5069135904:0,CC0-1.0,"San Francisco State University, Harry D. Thiers Herbarium (SFSU-)",1991-04-03,2026-05-10T03:51:00Z,2000x3000,8d7b92582ab54da297531515feeeebf3,United States of America | processed:683x1024
gbif_5243447_5069144070_0,data/processed/sano/gbif_5243447_5069144070_0.jpg,sano,gbif,https://biocoll.inhs.illinois.edu/media/idigbio/sfsu/mycology/SFSU-F-007/SFSU-F-007706_lg.jpg,5243447:5069144070:0,CC0-1.0,"San Francisco State University, Harry D. Thiers Herbarium (SFSU-)",1991-04-06,2026-05-10T03:51:03Z,2000x3000,78966966b0e7e1da61f08334478d2a5c,United States of America | processed:683x1024
gbif_5243447_5069144110_0,data/processed/sano/gbif_5243447_5069144110_0.jpg,sano,gbif,https://biocoll.inhs.illinois.edu/media/idigbio/sfsu/mycology/SFSU-F-007/SFSU-F-007717_lg.jpg,5243447:5069144110:0,CC0-1.0,"San Francisco State University, Harry D. Thiers Herbarium (SFSU-)",1991-04-01,2026-05-10T03:51:07Z,2000x3000,b0a93f04ba0880423760c6d66e2b3add,United States of America | processed:683x1024
gbif_5243447_5069144113_0,data/processed/sano/gbif_5243447_5069144113_0.jpg,sano,gbif,https://biocoll.inhs.illinois.edu/media/idigbio/sfsu/mycology/SFSU-F-007/SFSU-F-007718_lg.jpg,5243447:5069144113:0,CC0-1.0,"San Francisco State University, Harry D. Thiers Herbarium (SFSU-)",1991-04-06,2026-05-10T03:51:09Z,2000x3000,7c839a83e1292d692e826c9a4cc4e9a8,United States of America | processed:683x1024
gbif_5243447_5069144119_0,data/processed/sano/gbif_5243447_5069144119_0.jpg,sano,gbif,https://biocoll.inhs.illinois.edu/media/idigbio/sfsu/mycology/SFSU-F-007/SFSU-F-007725_lg.jpg,5243447:5069144119:0,CC0-1.0,"San Francisco State University, Harry D. Thiers Herbarium (SFSU-)",1991-04-06,2026-05-10T03:51:13Z,2000x3000,68866823768317171b1caa72635a75ab,United States of America | processed:683x1024
gbif_5243447_5069144151_0,data/processed/sano/gbif_5243447_5069144151_0.jpg,sano,gbif,https://biocoll.inhs.illinois.edu/media/idigbio/sfsu/mycology/SFSU-F-007/SFSU-F-007729_lg.jpg,5243447:5069144151:0,CC0-1.0,"San Francisco State University, Harry D. Thiers Herbarium (SFSU-)",1991-04-01,2026-05-10T03:51:17Z,2000x3000,da94c607dd26818fe7f07605d11c65fe,United States of America | processed:683x1024
gbif_5243447_5069145312_0,data/processed/sano/gbif_5243447_5069145312_0.jpg,sano,gbif,https://biocoll.inhs.illinois.edu/media/idigbio/sfsu/mycology/SFSU-F-007/SFSU-F-007629_lg.jpg,5243447:5069145312:0,CC0-1.0,"San Francisco State University, Harry D. Thiers Herbarium (SFSU-)",1991-04-01,2026-05-10T03:51:19Z,2000x3000,b70b63c31d11cff019974270f2f57700,United States of America | processed:683x1024
gbif_5243447_5069145316_0,data/processed/sano/gbif_5243447_5069145316_0.jpg,sano,gbif,https://biocoll.inhs.illinois.edu/media/idigbio/sfsu/mycology/SFSU-F-007/SFSU-F-007630_lg.jpg,5243447:5069145316:0,CC0-1.0,"San Francisco State University, Harry D. Thiers Herbarium (SFSU-)",1991-04-03,2026-05-10T03:51:20Z,2000x3000,24daa1d67ba15eb37e5a8e9c9246e724,United States of America | processed:683x1024
gbif_5243447_5069146302_0,data/processed/sano/gbif_5243447_5069146302_0.jpg,sano,gbif,https://biocoll.inhs.illinois.edu/media/idigbio/sfsu/mycology/SFSU-F-007/SFSU-F-007642_lg.jpg,5243447:5069146302:0,CC0-1.0,"San Francisco State University, Harry D. Thiers Herbarium (SFSU-)",1991-04-01,2026-05-10T03:51:25Z,2000x3000,1ce22ed7be8af00e821509875942677f,United States of America | processed:683x1024
gbif_5243447_5069149991_0,data/processed/sano/gbif_5243447_5069149991_0.jpg,sano,gbif,https://biocoll.inhs.illinois.edu/media/idigbio/sfsu/mycology/SFSU-F-007/SFSU-F-007763_lg.jpg,5243447:5069149991:0,CC0-1.0,"San Francisco State University, Harry D. Thiers Herbarium (SFSU-)",1991-04-02,2026-05-10T03:51:26Z,2000x3000,09960b40acf9f1d2107e8944d681ab20,United States of America | processed:683x1024
gbif_5243447_2516716565_0,data/processed/sano/gbif_5243447_2516716565_0.jpg,sano,gbif,https://medialib.naturalis.nl/file/id/L.3973049/format/large,5243447:2516716565:0,CC0-1.0,Naturalis Biodiversity Center,1991-11-27,2026-05-10T03:51:31Z,1920x1353,7e47af19bf016c372c6a1156bd62f446,Netherlands | processed:1024x722
gbif_5243447_5069150237_0,data/processed/sano/gbif_5243447_5069150237_0.jpg,sano,gbif,https://biocoll.inhs.illinois.edu/media/idigbio/sfsu/mycology/SFSU-F-007/SFSU-F-007769_lg.jpg,5243447:5069150237:0,CC0-1.0,"San Francisco State University, Harry D. Thiers Herbarium (SFSU-)",1990-03-20,2026-05-10T03:51:37Z,2000x3000,d273eb8ac344af7a8bfef5ff6f243bce,United States of America | processed:683x1024
gbif_5243447_5069149948_0,data/processed/sano/gbif_5243447_5069149948_0.jpg,sano,gbif,https://biocoll.inhs.illinois.edu/media/idigbio/sfsu/mycology/SFSU-F-007/SFSU-F-007755_lg.jpg,5243447:5069149948:0,CC0-1.0,"San Francisco State University, Harry D. Thiers Herbarium (SFSU-)",1990-06-05,2026-05-10T03:51:40Z,2000x3000,ac716768253c852c305f79272ada585b,United States of America | processed:683x1024
gbif_5243447_5069150303_0,data/processed/sano/gbif_5243447_5069150303_0.jpg,sano,gbif,https://biocoll.inhs.illinois.edu/media/idigbio/sfsu/mycology/SFSU-F-007/SFSU-F-007794_lg.jpg,5243447:5069150303:0,CC0-1.0,"San Francisco State University, Harry D. Thiers Herbarium (SFSU-)",1990-06-03,2026-05-10T03:51:40Z,2000x3000,33e6445f7f572edf9453a2a51907b372,Canada | processed:683x1024
gbif_5243447_5069141584_0,data/processed/sano/gbif_5243447_5069141584_0.jpg,sano,gbif,https://biocoll.inhs.illinois.edu/media/idigbio/sfsu/mycology/SFSU-F-007/SFSU-F-007596_lg.jpg,5243447:5069141584:0,CC0-1.0,"San Francisco State University, Harry D. Thiers Herbarium (SFSU-)",1990-08-07,2026-05-10T03:51:45Z,2000x3000,32bc208bfe4cd9b41b95b5539a150ad7,Canada | processed:683x1024
gbif_5243447_5069144213_0,data/processed/sano/gbif_5243447_5069144213_0.jpg,sano,gbif,https://biocoll.inhs.illinois.edu/media/idigbio/sfsu/mycology/SFSU-F-007/SFSU-F-007686_lg.jpg,5243447:5069144213:0,CC0-1.0,"San Francisco State University, Harry D. Thiers Herbarium (SFSU-)",1990-08-02,2026-05-10T03:51:47Z,2000x3000,b46e1d33b2eca75aa351aa4c891dd1e8,Canada | processed:683x1024
gbif_5243447_5069146167_0,data/processed/sano/gbif_5243447_5069146167_0.jpg,sano,gbif,https://biocoll.inhs.illinois.edu/media/idigbio/sfsu/mycology/SFSU-F-007/SFSU-F-007657_lg.jpg,5243447:5069146167:0,CC0-1.0,"San Francisco State University, Harry D. Thiers Herbarium (SFSU-)",1990-08-07,2026-05-10T03:51:49Z,2000x3000,a9daa54207d5b593f3dbb5762a792c73,Canada | processed:683x1024
gbif_5243447_5069146255_0,data/processed/sano/gbif_5243447_5069146255_0.jpg,sano,gbif,https://biocoll.inhs.illinois.edu/media/idigbio/sfsu/mycology/SFSU-F-007/SFSU-F-007672_lg.jpg,5243447:5069146255:0,CC0-1.0,"San Francisco State University, Harry D. Thiers Herbarium (SFSU-)",1990-08-05,2026-05-10T03:51:56Z,2000x3000,03a598c368c3e21de0b950c26cd3d1b5,Canada | processed:683x1024
gbif_5243447_5069146283_0,data/processed/sano/gbif_5243447_5069146283_0.jpg,sano,gbif,https://biocoll.inhs.illinois.edu/media/idigbio/sfsu/mycology/SFSU-F-007/SFSU-F-007683_lg.jpg,5243447:5069146283:0,CC0-1.0,"San Francisco State University, Harry D. Thiers Herbarium (SFSU-)",1990-08-06,2026-05-10T03:52:03Z,2000x3000,08a97b208907d895ab35bf6735eca4ad,Canada | processed:683x1024
gbif_5243447_5069142226_0,data/processed/sano/gbif_5243447_5069142226_0.jpg,sano,gbif,https://biocoll.inhs.illinois.edu/media/idigbio/sfsu/mycology/SFSU-F-007/SFSU-F-007804_lg.jpg,5243447:5069142226:0,CC0-1.0,"San Francisco State University, Harry D. Thiers Herbarium (SFSU-)",1990-10-26,2026-05-10T03:52:06Z,2000x3000,526d6bd7f7cc86ddb0932d6a52e1d3c4,Canada | processed:683x1024
gbif_5243447_5069144186_0,data/processed/sano/gbif_5243447_5069144186_0.jpg,sano,gbif,https://biocoll.inhs.illinois.edu/media/idigbio/sfsu/mycology/SFSU-F-007/SFSU-F-007739_lg.jpg,5243447:5069144186:0,CC0-1.0,"San Francisco State University, Harry D. Thiers Herbarium (SFSU-)",1990-10-25,2026-05-10T03:52:07Z,2000x3000,8bd6e63fdc1cea1a7be080e4c16dc836,Canada | processed:683x1024
gbif_5243447_5069144604_0,data/processed/sano/gbif_5243447_5069144604_0.jpg,sano,gbif,https://biocoll.inhs.illinois.edu/media/idigbio/sfsu/mycology/SFSU-F-007/SFSU-F-007749_lg.jpg,5243447:5069144604:0,CC0-1.0,"San Francisco State University, Harry D. Thiers Herbarium (SFSU-)",1990-10-26,2026-05-10T03:52:08Z,2000x3000,85dbc2276bb8ffc4d1d342a7617e7870,Canada | processed:683x1024
gbif_5243447_5069144607_0,data/processed/sano/gbif_5243447_5069144607_0.jpg,sano,gbif,https://biocoll.inhs.illinois.edu/media/idigbio/sfsu/mycology/SFSU-F-007/SFSU-F-007751_lg.jpg,5243447:5069144607:0,CC0-1.0,"San Francisco State University, Harry D. Thiers Herbarium (SFSU-)",1990-10-26,2026-05-10T03:52:09Z,2000x3000,0187ca61e7b58af2fab427bafad39413,Canada | processed:683x1024
gbif_5243447_2515164935_0,data/processed/sano/gbif_5243447_2515164935_0.jpg,sano,gbif,https://medialib.naturalis.nl/file/id/L.3973020/format/large,5243447:2515164935:0,CC0-1.0,Naturalis Biodiversity Center,1990-11-16,2026-05-10T03:53:39Z,1920x1356,8d0aae168f4fa681d3f9d25726fa518f,Netherlands | processed:1024x723
gbif_5243447_2251013388_0,data/processed/sano/gbif_5243447_2251013388_0.jpg,sano,gbif,http://www.boldsystems.org/pics/NOBAS/300576_1+1512499184.jpg,5243447:2251013388:0,CC-BY-NC-SA-4.0,,1989-04-04,2026-05-10T03:53:42Z,640x959,84582eee30f025f3544266b721eff426,Norway | processed:640x959
gbif_5243447_2251013388_1,data/processed/sano/gbif_5243447_2251013388_1.jpg,sano,gbif,http://www.boldsystems.org/pics/NOBAS/300576_2+1512499214.jpg,5243447:2251013388:1,CC-BY-NC-SA-4.0,,1989-04-04,2026-05-10T03:53:42Z,640x959,23b6981bc970b669aecdec0f2705c977,Norway | processed:640x959
gbif_5243447_5069144189_0,data/processed/sano/gbif_5243447_5069144189_0.jpg,sano,gbif,https://biocoll.inhs.illinois.edu/media/idigbio/sfsu/mycology/SFSU-F-007/SFSU-F-007738_lg.jpg,5243447:5069144189:0,CC0-1.0,"San Francisco State University, Harry D. Thiers Herbarium (SFSU-)",1989-05,2026-05-10T03:53:47Z,2000x3000,4e5b3248853497f943f5309091bb6582,United States of America | processed:683x1024
gbif_5243447_5069135901_0,data/processed/sano/gbif_5243447_5069135901_0.jpg,sano,gbif,https://biocoll.inhs.illinois.edu/media/idigbio/sfsu/mycology/SFSU-F-007/SFSU-F-007582_lg.jpg,5243447:5069135901:0,CC0-1.0,"San Francisco State University, Harry D. Thiers Herbarium (SFSU-)",1989-07-22,2026-05-10T03:53:48Z,2000x3000,c4d0036775b6d55c10d77cb45146589c,Canada | processed:683x1024
gbif_5243447_5069141347_0,data/processed/sano/gbif_5243447_5069141347_0.jpg,sano,gbif,https://biocoll.inhs.illinois.edu/media/idigbio/sfsu/mycology/SFSU-F-007/SFSU-F-007609_lg.jpg,5243447:5069141347:0,CC0-1.0,"San Francisco State University, Harry D. Thiers Herbarium (SFSU-)",1989-07-21,2026-05-10T03:53:49Z,2000x3000,fb4d4b47ea8747181cca970d74a255e5,Canada | processed:683x1024
gbif_5243447_5069141588_0,data/processed/sano/gbif_5243447_5069141588_0.jpg,sano,gbif,https://biocoll.inhs.illinois.edu/media/idigbio/sfsu/mycology/SFSU-F-007/SFSU-F-007595_lg.jpg,5243447:5069141588:0,CC0-1.0,"San Francisco State University, Harry D. Thiers Herbarium (SFSU-)",1989-07-22,2026-05-10T03:53:50Z,2000x3000,d3df45baee841e537db4012724fd993e,Canada | processed:683x1024
gbif_5243447_5069144183_0,data/processed/sano/gbif_5243447_5069144183_0.jpg,sano,gbif,https://biocoll.inhs.illinois.edu/media/idigbio/sfsu/mycology/SFSU-F-007/SFSU-F-007736_lg.jpg,5243447:5069144183:0,CC0-1.0,"San Francisco State University, Harry D. Thiers Herbarium (SFSU-)",1989-07-22,2026-05-10T03:53:51Z,2000x3000,6b80a88f71157597a5a8088728bb74d6,Canada | processed:683x1024
gbif_5243447_5069144215_0,data/processed/sano/gbif_5243447_5069144215_0.jpg,sano,gbif,https://biocoll.inhs.illinois.edu/media/idigbio/sfsu/mycology/SFSU-F-007/SFSU-F-007687_lg.jpg,5243447:5069144215:0,CC0-1.0,"San Francisco State University, Harry D. Thiers Herbarium (SFSU-)",1989-07-22,2026-05-10T03:53:52Z,2000x3000,d119c7238f801aa3fc41b25e07d0a27e,Canada | processed:683x1024
mushroom_observer_766870,data/processed/sano/mushroom_observer_766870.jpg,sano,mushroom_observer,https://mushroomobserver.org/images/orig/766870.jpg,766870,CC-BY-SA-4.0,Jacob Kalichman,2017-07-08,2026-05-10T03:53:13Z,1280x778,1df8a447c3a59db884b4bddae7179312,Agaricus bisporus | processed:1024x622
mushroom_observer_940038,data/processed/sano/mushroom_observer_940038.jpg,sano,mushroom_observer,https://mushroomobserver.org/images/orig/940038.jpg,940038,CC-BY-SA-4.0,Tomasz Sobczak,2018-10-05,2026-05-10T03:53:30Z,959x1280,c6dd555fc2f092b76f3b0d4f1f24c120,Agaricus bisporus | processed:767x1024
mushroom_observer_1129916,data/processed/sano/mushroom_observer_1129916.jpg,sano,mushroom_observer,https://mushroomobserver.org/images/orig/1129916.jpg,1129916,CC-BY-SA-4.0,Jsun Lau,2015-04-10,2026-05-10T03:54:56Z,1280x720,36d7f46aa72b45e0a8827edf41ddcecc,Agaricus bisporus | processed:1024x576
mushroom_observer_1129917,data/processed/sano/mushroom_observer_1129917.jpg,sano,mushroom_observer,https://mushroomobserver.org/images/orig/1129917.jpg,1129917,CC-BY-SA-4.0,Jsun Lau,2015-04-10,2026-05-10T03:55:04Z,1280x720,613ed2f1cb96cca9733e33898592f3e9,Agaricus bisporus | processed:1024x576
mushroom_observer_1182513,data/processed/sano/mushroom_observer_1182513.jpg,sano,mushroom_observer,https://mushroomobserver.org/images/orig/1182513.jpg,1182513,CC-BY-SA-4.0,Toadisattva,2020-05-24,2026-05-10T03:55:22Z,720x1280,318dbea4f032b8f9da7dba17993e88cf,Agaricus bisporus | processed:576x1024
mushroom_observer_1182514,data/processed/sano/mushroom_observer_1182514.jpg,sano,mushroom_observer,https://mushroomobserver.org/images/orig/1182514.jpg,1182514,CC-BY-SA-4.0,Toadisattva,2020-05-24,2026-05-10T03:55:31Z,720x1280,3a6c516ea5b291574e4609316b96dc13,Agaricus bisporus | processed:576x1024
mushroom_observer_1301487,data/processed/sano/mushroom_observer_1301487.jpg,sano,mushroom_observer,https://mushroomobserver.org/images/orig/1301487.jpg,1301487,CC-BY-SA-4.0,Dušan,2020-11-26,2026-05-10T03:57:05Z,895x1280,af5bdb02caf917f75d90490a56711622,Agaricus bisporus | processed:716x1024
mushroom_observer_1465040,data/processed/sano/mushroom_observer_1465040.jpg,sano,mushroom_observer,https://mushroomobserver.org/images/orig/1465040.jpg,1465040,CC-BY-SA-4.0,David Yoo,2022-06-03,2026-05-10T03:57:10Z,3024x4032,8987d32892b500dab617ee69d16337d1,Agaricus bisporus | processed:768x1024
mushroom_observer_1465042,data/processed/sano/mushroom_observer_1465042.jpg,sano,mushroom_observer,https://mushroomobserver.org/images/orig/1465042.jpg,1465042,CC-BY-SA-4.0,David Yoo,2022-06-03,2026-05-10T03:57:11Z,4032x3024,8ad303d80f5e6e3bace5c5709e103876,Agaricus bisporus | processed:1024x768
mushroom_observer_1467860,data/processed/sano/mushroom_observer_1467860.jpg,sano,mushroom_observer,https://mushroomobserver.org/images/orig/1467860.jpg,1467860,CC-BY-SA-4.0,David Yoo,2022-06-12,2026-05-10T03:57:12Z,4032x3024,b6e0985f050c2e028c7b10af21c2b2b4,Agaricus bisporus | processed:1024x768
mushroom_observer_1467862,data/processed/sano/mushroom_observer_1467862.jpg,sano,mushroom_observer,https://mushroomobserver.org/images/orig/1467862.jpg,1467862,CC-BY-SA-4.0,David Yoo,2022-06-12,2026-05-10T03:57:14Z,4032x3024,c74887aaa7e34a812228451d7c831e85,Agaricus bisporus | processed:1024x768
mushroom_observer_1467864,data/processed/sano/mushroom_observer_1467864.jpg,sano,mushroom_observer,https://mushroomobserver.org/images/orig/1467864.jpg,1467864,CC-BY-SA-4.0,David Yoo,2022-06-12,2026-05-10T03:57:16Z,4032x3024,433a105775194f5842333d638a276f22,Agaricus bisporus | processed:1024x768
mushroom_observer_1467865,data/processed/sano/mushroom_observer_1467865.jpg,sano,mushroom_observer,https://mushroomobserver.org/images/orig/1467865.jpg,1467865,CC-BY-SA-4.0,David Yoo,2022-06-12,2026-05-10T03:57:17Z,4032x3024,f1803eb8e4adc76ba5175b27e1f5dc33,Agaricus bisporus | processed:1024x768
mushroom_observer_1522910,data/processed/sano/mushroom_observer_1522910.jpg,sano,mushroom_observer,https://mushroomobserver.org/images/orig/1522910.jpg,1522910,CC-BY-SA-4.0,jre,2022-11-11,2026-05-10T03:57:21Z,4032x3024,f6672eb03cb53d6ffdb8ec12a84b979f,Agaricus bisporus | processed:1024x768
mushroom_observer_1522912,data/processed/sano/mushroom_observer_1522912.jpg,sano,mushroom_observer,https://mushroomobserver.org/images/orig/1522912.jpg,1522912,CC-BY-SA-4.0,jre,2022-11-11,2026-05-10T03:57:23Z,2469x1955,e16117cc1c19aa33ddea6b08945657b0,Agaricus bisporus | processed:1024x811
mushroom_observer_1522913,data/processed/sano/mushroom_observer_1522913.jpg,sano,mushroom_observer,https://mushroomobserver.org/images/orig/1522913.jpg,1522913,CC-BY-SA-4.0,jre,2022-11-11,2026-05-10T03:57:24Z,2581x2162,472194983e686fcedbc5f8a990110eb0,Agaricus bisporus | processed:1024x858
gbif_5243447_5069152467_0,data/processed/sano/gbif_5243447_5069152467_0.jpg,sano,gbif,https://biocoll.inhs.illinois.edu/media/idigbio/sfsu/mycology/SFSU-F-021/SFSU-F-021073_lg.jpg,5243447:5069152467:0,CC0-1.0,"San Francisco State University, Harry D. Thiers Herbarium (SFSU-)",1989-07-22,2026-05-10T03:54:00Z,2000x3000,ff5f1087f3295ab9f5bcb955885acffa,Canada | processed:683x1024
gbif_5243447_2517108197_0,data/processed/sano/gbif_5243447_2517108197_0.jpg,sano,gbif,https://medialib.naturalis.nl/file/id/L.3973012/format/large,5243447:2517108197:0,CC0-1.0,Naturalis Biodiversity Center,1987-11-12,2026-05-10T03:56:20Z,1920x1148,655dfd158b021b166d7a9086de4a741b,Netherlands | processed:1024x612
gbif_5243447_2517142192_0,data/processed/sano/gbif_5243447_2517142192_0.jpg,sano,gbif,https://medialib.naturalis.nl/file/id/L.3973011/format/large,5243447:2517142192:0,CC0-1.0,Naturalis Biodiversity Center,1986-05-23,2026-05-10T03:56:22Z,1920x1148,40f5dd32ef1cf473eef0bf1d71ccbdd2,Netherlands | processed:1024x612
gbif_5243447_2515047801_0,data/processed/sano/gbif_5243447_2515047801_0.jpg,sano,gbif,https://medialib.naturalis.nl/file/id/L.3972958/format/large,5243447:2515047801:0,CC0-1.0,Naturalis Biodiversity Center,1985-06-01,2026-05-10T03:56:22Z,1920x1261,80832951e3fbe3130b30b5a5394121a6,Netherlands | processed:1024x673
gbif_5243447_2516853203_0,data/processed/sano/gbif_5243447_2516853203_0.jpg,sano,gbif,https://medialib.naturalis.nl/file/id/L.3973006/format/large,5243447:2516853203:0,CC0-1.0,Naturalis Biodiversity Center,1983-04-14,2026-05-10T03:56:23Z,1920x1148,43a768dd2e815b5cfda636f6d0e7d733,Netherlands | processed:1024x612
gbif_5243447_1144859376_0,data/processed/sano/gbif_5243447_1144859376_0.jpg,sano,gbif,http://fm-digital-assets.fieldmuseum.org/1964/507/C0208412F_2717.jpg,5243447:1144859376:0,CC-BY-NC-4.0,Field Museum of Natural History - Botany Department,1983-06-07,2026-05-10T03:56:25Z,2304x1536,fcedc60d7e269820f79aae1388e19107,United States of America | processed:1024x683
gbif_5243447_2515141748_0,data/processed/sano/gbif_5243447_2515141748_0.jpg,sano,gbif,https://medialib.naturalis.nl/file/id/L.3973060/format/large,5243447:2515141748:0,CC0-1.0,Naturalis Biodiversity Center,1983-01-01/1983-12-31,2026-05-10T03:56:27Z,1920x1164,1d1ed864189c45000d6409fbe0d18c63,Netherlands | processed:1024x621
gbif_5243447_2515180686_0,data/processed/sano/gbif_5243447_2515180686_0.jpg,sano,gbif,https://medialib.naturalis.nl/file/id/L.3973059/format/large,5243447:2515180686:0,CC0-1.0,Naturalis Biodiversity Center,1983-01-01/1983-12-31,2026-05-10T03:56:27Z,1920x1164,9aea5ff754b0876d958667c56cea20f5,Netherlands | processed:1024x621
gbif_5243447_2517101236_0,data/processed/sano/gbif_5243447_2517101236_0.jpg,sano,gbif,https://medialib.naturalis.nl/file/id/L.3973058/format/large,5243447:2517101236:0,CC0-1.0,Naturalis Biodiversity Center,1983-01-01/1983-12-31,2026-05-10T03:56:28Z,1920x1358,7aee5b1d554938197f650a7f39fc50ea,Netherlands | processed:1024x724
gbif_5243447_2251012804_0,data/processed/sano/gbif_5243447_2251012804_0.jpg,sano,gbif,http://www.boldsystems.org/pics/NOBAS/300212_1+1493300642.jpg,5243447:2251012804:0,CC-BY-NC-SA-4.0,,1982-06-13,2026-05-10T03:56:30Z,640x427,8d55e9101507fbde02b2d2af6cf079da,Norway | processed:640x427
gbif_5243447_2515139334_0,data/processed/sano/gbif_5243447_2515139334_0.jpg,sano,gbif,https://medialib.naturalis.nl/file/id/L.3973013/format/large,5243447:2515139334:0,CC0-1.0,Naturalis Biodiversity Center,1982-12-03,2026-05-10T03:56:34Z,1920x1386,f1007aa5f337001ffbbfd4c1bd0ee90d,Netherlands | processed:1024x739
gbif_5243447_2516856237_0,data/processed/sano/gbif_5243447_2516856237_0.jpg,sano,gbif,https://medialib.naturalis.nl/file/id/L.3973023/format/large,5243447:2516856237:0,CC0-1.0,Naturalis Biodiversity Center,1982-12-03,2026-05-10T03:56:35Z,1920x1356,0ff46981938180afd0198c643e2fccaf,Netherlands | processed:1024x723
gbif_5243447_2517101235_0,data/processed/sano/gbif_5243447_2517101235_0.jpg,sano,gbif,https://medialib.naturalis.nl/file/id/L.3973021/format/large,5243447:2517101235:0,CC0-1.0,Naturalis Biodiversity Center,1982-12-03,2026-05-10T03:56:37Z,1920x1356,07123874a7f199c26e1514e124c90541,Netherlands | processed:1024x723
gbif_5243447_2515180684_0,data/processed/sano/gbif_5243447_2515180684_0.jpg,sano,gbif,https://medialib.naturalis.nl/file/id/L.3972957/format/large,5243447:2515180684:0,CC0-1.0,Naturalis Biodiversity Center,1981-09-04,2026-05-10T03:58:04Z,1920x1536,d3f7cb58d182b253ccfc27205e79abbe,Netherlands | processed:1024x819
gbif_5243447_2515091521_0,data/processed/sano/gbif_5243447_2515091521_0.jpg,sano,gbif,https://medialib.naturalis.nl/file/id/L.3972979/format/large,5243447:2515091521:0,CC0-1.0,Naturalis Biodiversity Center,1981-10-07,2026-05-10T03:58:05Z,1920x1622,714ab0538f92d03c440b3da3ddc8e4bb,Netherlands | processed:1024x865
gbif_5243447_2516732515_0,data/processed/sano/gbif_5243447_2516732515_0.jpg,sano,gbif,https://medialib.naturalis.nl/file/id/L.3972982/format/large,5243447:2516732515:0,CC0-1.0,Naturalis Biodiversity Center,1981-10-06,2026-05-10T03:58:06Z,1920x1703,110415389e2b3e456da911d47582b1a9,Netherlands | processed:1024x908
gbif_5243447_2517113166_0,data/processed/sano/gbif_5243447_2517113166_0.jpg,sano,gbif,https://medialib.naturalis.nl/file/id/L.3972997/format/large,5243447:2517113166:0,CC0-1.0,Naturalis Biodiversity Center,1981-10-12,2026-05-10T03:58:07Z,1920x1710,4235fa849c42d139ccc8a43c16acdb6f,Netherlands | processed:1024x912
gbif_5243447_5069143985_0,data/processed/sano/gbif_5243447_5069143985_0.jpg,sano,gbif,https://biocoll.inhs.illinois.edu/media/idigbio/sfsu/mycology/SFSU-F-007/SFSU-F-007699_lg.jpg,5243447:5069143985:0,CC0-1.0,"San Francisco State University, Harry D. Thiers Herbarium (SFSU-)",1981-11-25,2026-05-10T03:58:08Z,2000x3000,ae85ed69f18cef97af6e434f91c49340,United States of America | processed:683x1024
gbif_5243447_5069145334_0,data/processed/sano/gbif_5243447_5069145334_0.jpg,sano,gbif,https://biocoll.inhs.illinois.edu/media/idigbio/sfsu/mycology/SFSU-F-007/SFSU-F-007632_lg.jpg,5243447:5069145334:0,CC0-1.0,"San Francisco State University, Harry D. Thiers Herbarium (SFSU-)",1981-11-04,2026-05-10T03:58:10Z,2000x3000,f88a0640ac9bb0a04cbd765be4f087b0,United States of America | processed:683x1024
gbif_5243447_2516862246_0,data/processed/sano/gbif_5243447_2516862246_0.jpg,sano,gbif,https://medialib.naturalis.nl/file/id/L.3972972/format/large,5243447:2516862246:0,CC0-1.0,Naturalis Biodiversity Center,1980-06-01/1980-06-30,2026-05-10T03:58:12Z,1920x1326,ce4037f3e6033899bb821f530c7ecd45,Netherlands | processed:1024x707
gbif_5243447_2515067601_0,data/processed/sano/gbif_5243447_2515067601_0.jpg,sano,gbif,https://medialib.naturalis.nl/file/id/L.3972963/format/large,5243447:2515067601:0,CC0-1.0,Naturalis Biodiversity Center,1980-09-01,2026-05-10T03:58:13Z,1920x1162,79898d83af95f01cf25454eefd89ee53,Netherlands | processed:1024x620
gbif_5243447_2516886278_0,data/processed/sano/gbif_5243447_2516886278_0.jpg,sano,gbif,https://medialib.naturalis.nl/file/id/L.3972962/format/large,5243447:2516886278:0,CC0-1.0,Naturalis Biodiversity Center,1980-09-16,2026-05-10T03:58:14Z,1920x1162,b45187d0139b36de7bbc450e547645b8,Netherlands | processed:1024x620
gbif_5243447_2514988696_0,data/processed/sano/gbif_5243447_2514988696_0.jpg,sano,gbif,https://medialib.naturalis.nl/file/id/L.3972985/format/large,5243447:2514988696:0,CC0-1.0,Naturalis Biodiversity Center,1980-10-07,2026-05-10T03:58:16Z,1920x1699,682ad0dfe7825f4bd2430332ecedbc7f,Netherlands | processed:1024x906
gbif_5243447_2517118166_0,data/processed/sano/gbif_5243447_2517118166_0.jpg,sano,gbif,https://medialib.naturalis.nl/file/id/L.3972981/format/large,5243447:2517118166:0,CC0-1.0,Naturalis Biodiversity Center,1980-10-28,2026-05-10T03:58:17Z,1920x1622,6f55940319a1ce738f78d4fda09a8d1c,Netherlands | processed:1024x865
mushroom_observer_1652118,data/processed/sano/mushroom_observer_1652118.jpg,sano,mushroom_observer,https://mushroomobserver.org/images/orig/1652118.jpg,1652118,CC-BY-NC-4.0,Mike Potts,2021-12-31,2026-05-10T03:57:38Z,2048x1536,196779259697db7ac81064c28a1d728b,Agaricus bisporus | processed:1024x768
mushroom_observer_1749285,data/processed/sano/mushroom_observer_1749285.jpg,sano,mushroom_observer,https://mushroomobserver.org/images/orig/1749285.jpg,1749285,CC-BY-4.0,Marcus Andrews,2024-12-18,2026-05-10T03:58:05Z,4032x3024,f99acb05558a83fd1d63f8038719e7eb,Agaricus bisporus | processed:1024x768
mushroom_observer_1749286,data/processed/sano/mushroom_observer_1749286.jpg,sano,mushroom_observer,https://mushroomobserver.org/images/orig/1749286.jpg,1749286,CC-BY-4.0,Marcus Andrews,2024-12-18,2026-05-10T03:58:06Z,4032x3024,beaf8f4ec2485c0cabab3f6b90c52b9d,Agaricus bisporus | processed:1024x768
mushroom_observer_1749288,data/processed/sano/mushroom_observer_1749288.jpg,sano,mushroom_observer,https://mushroomobserver.org/images/orig/1749288.jpg,1749288,CC-BY-4.0,Marcus Andrews,2024-12-18,2026-05-10T03:58:08Z,4032x3024,efbbba54f5185c6cc89573c38692560d,Agaricus bisporus | processed:1024x768
mushroom_observer_1751642,data/processed/sano/mushroom_observer_1751642.jpg,sano,mushroom_observer,https://mushroomobserver.org/images/orig/1751642.jpg,1751642,CC-BY-4.0,Marcus Andrews,2024-12-20,2026-05-10T03:58:10Z,4032x3024,7eb276e799aa2a0dc4db7292f422bddc,Agaricus bisporus | processed:1024x768
mushroom_observer_1751643,data/processed/sano/mushroom_observer_1751643.jpg,sano,mushroom_observer,https://mushroomobserver.org/images/orig/1751643.jpg,1751643,CC-BY-4.0,Marcus Andrews,2024-12-20,2026-05-10T03:58:11Z,4032x3024,1be09ba763ebc3f50b56b251ccf83e75,Agaricus bisporus | processed:1024x768
mushroom_observer_1751644,data/processed/sano/mushroom_observer_1751644.jpg,sano,mushroom_observer,https://mushroomobserver.org/images/orig/1751644.jpg,1751644,CC-BY-4.0,Marcus Andrews,2024-12-20,2026-05-10T03:58:12Z,4032x3024,02cebe4747e17de4a73bfda16f96f8ea,Agaricus bisporus | processed:1024x768
gbif_5243447_5069145380_0,data/processed/sano/gbif_5243447_5069145380_0.jpg,sano,gbif,https://biocoll.inhs.illinois.edu/media/idigbio/sfsu/mycology/SFSU-F-007/SFSU-F-007639_lg.jpg,5243447:5069145380:0,CC0-1.0,"San Francisco State University, Harry D. Thiers Herbarium (SFSU-)",1980-11,2026-05-10T03:58:18Z,2000x3000,696ec1ef45e13991eebb2e89e65423e9,United States of America | processed:683x1024
gbif_5243447_2515158225_0,data/processed/sano/gbif_5243447_2515158225_0.jpg,sano,gbif,https://medialib.naturalis.nl/file/id/L.3973055/format/large,5243447:2515158225:0,CC0-1.0,Naturalis Biodiversity Center,1979-11-11,2026-05-10T03:58:23Z,1920x1206,691a8070840a12e5c71944f2a341d7db,Netherlands | processed:1024x643
gbif_5243447_2515165959_0,data/processed/sano/gbif_5243447_2515165959_0.jpg,sano,gbif,https://medialib.naturalis.nl/file/id/L.3972984/format/large,5243447:2515165959:0,CC0-1.0,Naturalis Biodiversity Center,1979-11-03,2026-05-10T03:58:24Z,1920x1399,176917d97319d6109e405950af731481,Netherlands | processed:1024x746
gbif_5243447_5069144020_0,data/processed/sano/gbif_5243447_5069144020_0.jpg,sano,gbif,https://biocoll.inhs.illinois.edu/media/idigbio/sfsu/mycology/SFSU-F-007/SFSU-F-007703_lg.jpg,5243447:5069144020:0,CC0-1.0,"San Francisco State University, Harry D. Thiers Herbarium (SFSU-)",1978-01-27,2026-05-10T03:58:27Z,2000x3000,13d306cb378cb9a1ab774d4750dab45e,United States of America | processed:683x1024
gbif_5243447_5069144193_0,data/processed/sano/gbif_5243447_5069144193_0.jpg,sano,gbif,https://biocoll.inhs.illinois.edu/media/idigbio/sfsu/mycology/SFSU-F-007/SFSU-F-007741_lg.jpg,5243447:5069144193:0,CC0-1.0,"San Francisco State University, Harry D. Thiers Herbarium (SFSU-)",1978-01-13,2026-05-10T03:58:28Z,2000x3000,dbb63f6360717c41fbc611e216d3ab5f,United States of America | processed:683x1024
gbif_5243447_2515091520_0,data/processed/sano/gbif_5243447_2515091520_0.jpg,sano,gbif,https://medialib.naturalis.nl/file/id/L.3972964/format/large,5243447:2515091520:0,CC0-1.0,Naturalis Biodiversity Center,1978-07-17,2026-05-10T03:58:33Z,1920x1268,0df70b82498394c124b91c4d5ff60a43,Netherlands | processed:1024x676
gbif_5243447_2516710555_0,data/processed/sano/gbif_5243447_2516710555_0.jpg,sano,gbif,https://medialib.naturalis.nl/file/id/L.3972988/format/large,5243447:2516710555:0,CC0-1.0,Naturalis Biodiversity Center,1978-10-16,2026-05-10T03:58:34Z,1920x1633,a3672050344937f87c02faa30396d310,Netherlands | processed:1024x871
gbif_5243447_5069144048_0,data/processed/sano/gbif_5243447_5069144048_0.jpg,sano,gbif,https://biocoll.inhs.illinois.edu/media/idigbio/sfsu/mycology/SFSU-F-007/SFSU-F-007705_lg.jpg,5243447:5069144048:0,CC0-1.0,"San Francisco State University, Harry D. Thiers Herbarium (SFSU-)",1977-02-23,2026-05-10T03:58:35Z,2000x3000,cbf1a0f24587a6c99fc9f27740a4b75b,United States of America | processed:683x1024
gbif_5243447_5069145350_0,data/processed/sano/gbif_5243447_5069145350_0.jpg,sano,gbif,https://biocoll.inhs.illinois.edu/media/idigbio/sfsu/mycology/SFSU-F-007/SFSU-F-007633_lg.jpg,5243447:5069145350:0,CC0-1.0,"San Francisco State University, Harry D. Thiers Herbarium (SFSU-)",1977-02-10,2026-05-10T03:58:36Z,2000x3000,201ac3845bb820e201ef0f052c265f2b,United States of America | processed:683x1024
gbif_5243447_5069143983_0,data/processed/sano/gbif_5243447_5069143983_0.jpg,sano,gbif,https://biocoll.inhs.illinois.edu/media/idigbio/sfsu/mycology/SFSU-F-007/SFSU-F-007698_lg.jpg,5243447:5069143983:0,CC0-1.0,"San Francisco State University, Harry D. Thiers Herbarium (SFSU-)",1977-04-26,2026-05-10T03:58:38Z,2000x3000,967c24bff18ee96b2d2b653499ffdfe0,United States of America | processed:683x1024
gbif_5243447_2515088064_0,data/processed/sano/gbif_5243447_2515088064_0.jpg,sano,gbif,https://medialib.naturalis.nl/file/id/L.3973015/format/large,5243447:2515088064:0,CC0-1.0,Naturalis Biodiversity Center,1977-05-14,2026-05-10T03:58:40Z,1920x1199,9ca94a53b5a6ecee1873b70cab4b8043,Netherlands | processed:1024x639
gbif_5243447_5069134979_0,data/processed/sano/gbif_5243447_5069134979_0.jpg,sano,gbif,https://biocoll.inhs.illinois.edu/media/idigbio/sfsu/mycology/SFSU-F-007/SFSU-F-007533_lg.jpg,5243447:5069134979:0,CC0-1.0,"San Francisco State University, Harry D. Thiers Herbarium (SFSU-)",1977-09-24,2026-05-10T03:58:40Z,2000x3000,a927c5d8b76f449d6ebfe21dada335f7,United States of America | processed:683x1024
gbif_5243447_5069143952_0,data/processed/sano/gbif_5243447_5069143952_0.jpg,sano,gbif,https://biocoll.inhs.illinois.edu/media/idigbio/sfsu/mycology/SFSU-F-007/SFSU-F-007696_lg.jpg,5243447:5069143952:0,CC0-1.0,"San Francisco State University, Harry D. Thiers Herbarium (SFSU-)",1977-09-24,2026-05-10T03:58:41Z,2000x3000,221138164176fe72b32fea38eac06422,United States of America | processed:683x1024
gbif_5243447_5069143952_1,data/processed/sano/gbif_5243447_5069143952_1.jpg,sano,gbif,https://biocoll.inhs.illinois.edu/media/idigbio/sfsu/mycology/SFSU-F-007/SFSU-F-007696_N1_lg.jpg,5243447:5069143952:1,CC0-1.0,"San Francisco State University, Harry D. Thiers Herbarium (SFSU-)",1977-09-24,2026-05-10T03:58:42Z,2000x3000,017b4960dbb27b04fd58ba366c943a67,United States of America | processed:683x1024
gbif_5243447_5069144197_0,data/processed/sano/gbif_5243447_5069144197_0.jpg,sano,gbif,https://biocoll.inhs.illinois.edu/media/idigbio/sfsu/mycology/SFSU-F-007/SFSU-F-007743_lg.jpg,5243447:5069144197:0,CC0-1.0,"San Francisco State University, Harry D. Thiers Herbarium (SFSU-)",1977-09-24,2026-05-10T03:58:43Z,2000x3000,3132bfcdf4c69c85b6ef1cbf068afd1e,United States of America | processed:683x1024
gbif_5243447_5069143950_0,data/processed/sano/gbif_5243447_5069143950_0.jpg,sano,gbif,https://biocoll.inhs.illinois.edu/media/idigbio/sfsu/mycology/SFSU-F-007/SFSU-F-007695_lg.jpg,5243447:5069143950:0,CC0-1.0,"San Francisco State University, Harry D. Thiers Herbarium (SFSU-)",1977-10-11,2026-05-10T03:58:45Z,2000x3000,3dba5cbef572a0d8c8aaaf59605aa590,United States of America | processed:683x1024
gbif_5243447_5069144011_0,data/processed/sano/gbif_5243447_5069144011_0.jpg,sano,gbif,https://biocoll.inhs.illinois.edu/media/idigbio/sfsu/mycology/SFSU-F-007/SFSU-F-007700_lg.jpg,5243447:5069144011:0,CC0-1.0,"San Francisco State University, Harry D. Thiers Herbarium (SFSU-)",1977-10-28,2026-05-10T03:58:46Z,2000x3000,20bd8778f720e9d520b94188296cb579,United States of America | processed:683x1024
gbif_5243447_5069146117_0,data/processed/sano/gbif_5243447_5069146117_0.jpg,sano,gbif,https://biocoll.inhs.illinois.edu/media/idigbio/sfsu/mycology/SFSU-F-007/SFSU-F-007652_lg.jpg,5243447:5069146117:0,CC0-1.0,"San Francisco State University, Harry D. Thiers Herbarium (SFSU-)",1977-10-24,2026-05-10T03:58:49Z,2000x3000,11705787afb83a5c9f98e672b2d41f09,United States of America | processed:683x1024
gbif_5243447_5069146226_0,data/processed/sano/gbif_5243447_5069146226_0.jpg,sano,gbif,https://biocoll.inhs.illinois.edu/media/idigbio/sfsu/mycology/SFSU-F-007/SFSU-F-007665_lg.jpg,5243447:5069146226:0,CC0-1.0,"San Francisco State University, Harry D. Thiers Herbarium (SFSU-)",1977-10-03,2026-05-10T03:58:50Z,2000x3000,cc657fd2774d7ab61f7a4235c34a179e,United States of America | processed:683x1024
gbif_5243447_5069146340_0,data/processed/sano/gbif_5243447_5069146340_0.jpg,sano,gbif,https://biocoll.inhs.illinois.edu/media/idigbio/sfsu/mycology/SFSU-F-007/SFSU-F-007648_N1_lg.jpg,5243447:5069146340:0,CC0-1.0,"San Francisco State University, Harry D. Thiers Herbarium (SFSU-)",1977-10-11,2026-05-10T03:58:51Z,2000x3000,c40649e429833b8b9a5912f07a13e763,United States of America | processed:683x1024
gbif_5243447_5069146340_1,data/processed/sano/gbif_5243447_5069146340_1.jpg,sano,gbif,https://biocoll.inhs.illinois.edu/media/idigbio/sfsu/mycology/SFSU-F-007/SFSU-F-007648_Sp1_lg.jpg,5243447:5069146340:1,CC0-1.0,"San Francisco State University, Harry D. Thiers Herbarium (SFSU-)",1977-10-11,2026-05-10T03:58:52Z,2000x3000,bb474b19f48192ee84f9cc195c0981e8,United States of America | processed:683x1024
gbif_5243447_5069146340_2,data/processed/sano/gbif_5243447_5069146340_2.jpg,sano,gbif,https://biocoll.inhs.illinois.edu/media/idigbio/sfsu/mycology/SFSU-F-007/SFSU-F-007648_lg.jpg,5243447:5069146340:2,CC0-1.0,"San Francisco State University, Harry D. Thiers Herbarium (SFSU-)",1977-10-11,2026-05-10T03:58:53Z,2000x3000,43aab1104d15554696a4502246e0aa8f,United States of America | processed:683x1024
gbif_5243447_5069146341_0,data/processed/sano/gbif_5243447_5069146341_0.jpg,sano,gbif,https://biocoll.inhs.illinois.edu/media/idigbio/sfsu/mycology/SFSU-F-007/SFSU-F-007649_lg.jpg,5243447:5069146341:0,CC0-1.0,"San Francisco State University, Harry D. Thiers Herbarium (SFSU-)",1977-10-17,2026-05-10T03:58:54Z,2000x3000,2dd8729d068407898e69a256255541a2,United States of America | processed:683x1024
gbif_5243447_5069146341_1,data/processed/sano/gbif_5243447_5069146341_1.jpg,sano,gbif,https://biocoll.inhs.illinois.edu/media/idigbio/sfsu/mycology/SFSU-F-007/SFSU-F-007649__N1_lg.jpg,5243447:5069146341:1,CC0-1.0,"San Francisco State University, Harry D. Thiers Herbarium (SFSU-)",1977-10-17,2026-05-10T03:58:55Z,2000x3000,a2285c5cbeeae1bb398845885c8fc0b2,United States of America | processed:683x1024
gbif_5243447_5069150234_0,data/processed/sano/gbif_5243447_5069150234_0.jpg,sano,gbif,https://biocoll.inhs.illinois.edu/media/idigbio/sfsu/mycology/SFSU-F-007/SFSU-F-007768_lg.jpg,5243447:5069150234:0,CC0-1.0,"San Francisco State University, Harry D. Thiers Herbarium (SFSU-)",1977-10-21,2026-05-10T03:58:56Z,2000x3000,3777f62e9f3e25be4039ccc085311912,United States of America | processed:683x1024
gbif_5243447_5069150236_0,data/processed/sano/gbif_5243447_5069150236_0.jpg,sano,gbif,https://biocoll.inhs.illinois.edu/media/idigbio/sfsu/mycology/SFSU-F-007/SFSU-F-007767_lg.jpg,5243447:5069150236:0,CC0-1.0,"San Francisco State University, Harry D. Thiers Herbarium (SFSU-)",1977-10-28,2026-05-10T03:58:57Z,2000x3000,3f94df266d4cd55dd93a0d3d8ab452f6,United States of America | processed:683x1024
gbif_5243447_2517121213_0,data/processed/sano/gbif_5243447_2517121213_0.jpg,sano,gbif,https://medialib.naturalis.nl/file/id/L.3973057/format/large,5243447:2517121213:0,CC0-1.0,Naturalis Biodiversity Center,1977-11-01,2026-05-10T03:58:59Z,1920x1131,a9ac7b330caf24fdde7e18915b22f7e5,Netherlands | processed:1024x603
gbif_5243447_5069143914_0,data/processed/sano/gbif_5243447_5069143914_0.jpg,sano,gbif,https://biocoll.inhs.illinois.edu/media/idigbio/sfsu/mycology/SFSU-F-007/SFSU-F-007693_lg.jpg,5243447:5069143914:0,CC0-1.0,"San Francisco State University, Harry D. Thiers Herbarium (SFSU-)",1977-12-04,2026-05-10T03:59:01Z,2000x3000,919f3a5158005768f180fcd0f9686f8f,United States of America | processed:683x1024
gbif_5243447_5069143914_1,data/processed/sano/gbif_5243447_5069143914_1.jpg,sano,gbif,https://biocoll.inhs.illinois.edu/media/idigbio/sfsu/mycology/SFSU-F-007/SFSU-F-007693_N1_lg.jpg,5243447:5069143914:1,CC0-1.0,"San Francisco State University, Harry D. Thiers Herbarium (SFSU-)",1977-12-04,2026-05-10T03:59:02Z,2000x3000,4e4873dd3bc686b51e7caa7ef8860a18,United States of America | processed:683x1024
gbif_5243447_5069143914_2,data/processed/sano/gbif_5243447_5069143914_2.jpg,sano,gbif,https://biocoll.inhs.illinois.edu/media/idigbio/sfsu/mycology/SFSU-F-007/SFSU-F-007693_Sp1_lg.jpg,5243447:5069143914:2,CC0-1.0,"San Francisco State University, Harry D. Thiers Herbarium (SFSU-)",1977-12-04,2026-05-10T03:59:03Z,2000x3000,8e4da62f32837072d6392653b17baa93,United States of America | processed:683x1024
gbif_5243447_5069144010_1,data/processed/sano/gbif_5243447_5069144010_1.jpg,sano,gbif,https://biocoll.inhs.illinois.edu/media/idigbio/sfsu/mycology/SFSU-F-007/SFSU-F-007701_Sp1_lg.jpg,5243447:5069144010:1,CC0-1.0,"San Francisco State University, Harry D. Thiers Herbarium (SFSU-)",1977-12-04,2026-05-10T03:59:07Z,2000x3000,4035c73d55abb4e09f024baef4307efe,United States of America | processed:683x1024
gbif_5243447_5069144217_0,data/processed/sano/gbif_5243447_5069144217_0.jpg,sano,gbif,https://biocoll.inhs.illinois.edu/media/idigbio/sfsu/mycology/SFSU-F-007/SFSU-F-007689_lg.jpg,5243447:5069144217:0,CC0-1.0,"San Francisco State University, Harry D. Thiers Herbarium (SFSU-)",1977-12-11,2026-05-10T03:59:09Z,2000x3000,1bf47bd4f80d1a589e2ed86b7cbc8d43,United States of America | processed:683x1024
gbif_5243447_5069144223_0,data/processed/sano/gbif_5243447_5069144223_0.jpg,sano,gbif,https://biocoll.inhs.illinois.edu/media/idigbio/sfsu/mycology/SFSU-F-007/SFSU-F-007690_lg.jpg,5243447:5069144223:0,CC0-1.0,"San Francisco State University, Harry D. Thiers Herbarium (SFSU-)",1977-12-07,2026-05-10T03:59:10Z,2000x3000,ca2f8ff7078c4fd5ca0bb8dbd13cb46c,United States of America | processed:683x1024
gbif_5243447_5069144223_2,data/processed/sano/gbif_5243447_5069144223_2.jpg,sano,gbif,https://biocoll.inhs.illinois.edu/media/idigbio/sfsu/mycology/SFSU-F-007/SFSU-F-007690_Sp1_lg.jpg,5243447:5069144223:2,CC0-1.0,"San Francisco State University, Harry D. Thiers Herbarium (SFSU-)",1977-12-07,2026-05-10T03:59:12Z,2000x3000,5775eb45c11b75308c6bce9fcf10e84b,United States of America | processed:683x1024
gbif_5243447_5069145309_0,data/processed/sano/gbif_5243447_5069145309_0.jpg,sano,gbif,https://biocoll.inhs.illinois.edu/media/idigbio/sfsu/mycology/SFSU-F-007/SFSU-F-007628_lg.jpg,5243447:5069145309:0,CC0-1.0,"San Francisco State University, Harry D. Thiers Herbarium (SFSU-)",1977-12-01,2026-05-10T03:59:18Z,2000x3000,21956d0de47bc604634ed3c416565c90,United States of America | processed:683x1024
gbif_5243447_5069146156_0,data/processed/sano/gbif_5243447_5069146156_0.jpg,sano,gbif,https://biocoll.inhs.illinois.edu/media/idigbio/sfsu/mycology/SFSU-F-007/SFSU-F-007656_Sp1_lg.jpg,5243447:5069146156:0,CC0-1.0,"San Francisco State University, Harry D. Thiers Herbarium (SFSU-)",1977-12-04,2026-05-10T03:59:22Z,2000x3000,bd96dacb9fe2ecb81b27a6af040d0b0a,United States of America | processed:683x1024
gbif_5243447_5069146156_1,data/processed/sano/gbif_5243447_5069146156_1.jpg,sano,gbif,https://biocoll.inhs.illinois.edu/media/idigbio/sfsu/mycology/SFSU-F-007/SFSU-F-007656_lg.jpg,5243447:5069146156:1,CC0-1.0,"San Francisco State University, Harry D. Thiers Herbarium (SFSU-)",1977-12-04,2026-05-10T03:59:23Z,2000x3000,917180b33ee61bd5b2022afbe34f9e8e,United States of America | processed:683x1024
gbif_5243447_5069146315_0,data/processed/sano/gbif_5243447_5069146315_0.jpg,sano,gbif,https://biocoll.inhs.illinois.edu/media/idigbio/sfsu/mycology/SFSU-F-007/SFSU-F-007644_N1_lg.jpg,5243447:5069146315:0,CC0-1.0,"San Francisco State University, Harry D. Thiers Herbarium (SFSU-)",1977-12-04,2026-05-10T03:59:24Z,2000x3000,f6ad7be141a03063c852de7daa6572f6,United States of America | processed:683x1024
gbif_5243447_5069150240_0,data/processed/sano/gbif_5243447_5069150240_0.jpg,sano,gbif,https://biocoll.inhs.illinois.edu/media/idigbio/sfsu/mycology/SFSU-F-007/SFSU-F-007773_lg.jpg,5243447:5069150240:0,CC0-1.0,"San Francisco State University, Harry D. Thiers Herbarium (SFSU-)",1977-12-04,2026-05-10T03:59:30Z,2000x3000,6c3b07e2d515738c03d436b64f101865,United States of America | processed:683x1024
gbif_5243447_5069150247_0,data/processed/sano/gbif_5243447_5069150247_0.jpg,sano,gbif,https://biocoll.inhs.illinois.edu/media/idigbio/sfsu/mycology/SFSU-F-007/SFSU-F-007772_lg.jpg,5243447:5069150247:0,CC0-1.0,"San Francisco State University, Harry D. Thiers Herbarium (SFSU-)",1977-12-04,2026-05-10T03:59:32Z,2000x3000,a068cd75427f78e7381f66438cbe1c81,United States of America | processed:683x1024
gbif_5243447_5937467258_0,data/processed/sano/gbif_5243447_5937467258_0.jpg,sano,gbif,https://nahima.ethz.ch/api/v1/eas/download/976872/84af7060c58429b2cb3f077b4f99bd00bf31cff9c9d9cd8dbad1437df02436fe/original.jpg,5243447:5937467258:0,CC-BY-4.0,,1976-07,2026-05-10T03:59:37Z,3799x2678,ba21cfe0e7434186d06162042ebc2dd5, | processed:1024x722
gbif_5243447_2517070220_0,data/processed/sano/gbif_5243447_2517070220_0.jpg,sano,gbif,https://medialib.naturalis.nl/file/id/L.3973053/format/large,5243447:2517070220:0,CC0-1.0,Naturalis Biodiversity Center,1976-09-17,2026-05-10T03:59:38Z,1920x1353,900484cc9889984f623711b9e04c20d6,Netherlands | processed:1024x722
gbif_5243447_2515196743_0,data/processed/sano/gbif_5243447_2515196743_0.jpg,sano,gbif,https://medialib.naturalis.nl/file/id/L.3972969/format/large,5243447:2515196743:0,CC0-1.0,Naturalis Biodiversity Center,1976-10-29,2026-05-10T04:00:22Z,1920x1177,317da21fcdf0eaec7f0c78f0c2533ae6,Netherlands | processed:1024x628
gbif_5243447_2515204156_0,data/processed/sano/gbif_5243447_2515204156_0.jpg,sano,gbif,https://medialib.naturalis.nl/file/id/L.3972983/format/large,5243447:2515204156:0,CC0-1.0,Naturalis Biodiversity Center,1976-10-30,2026-05-10T04:00:22Z,1920x1399,56061b43e9dd0275b33482e00e4acc00,Netherlands | processed:1024x746
gbif_5243447_2515206135_0,data/processed/sano/gbif_5243447_2515206135_0.jpg,sano,gbif,https://medialib.naturalis.nl/file/id/L.3972974/format/large,5243447:2515206135:0,CC0-1.0,Naturalis Biodiversity Center,1976-10-30,2026-05-10T04:00:23Z,1920x1326,5b7b1c8e9192a6f4e514a520e04dd10b,Netherlands | processed:1024x707
gbif_5243447_2516732516_0,data/processed/sano/gbif_5243447_2516732516_0.jpg,sano,gbif,https://medialib.naturalis.nl/file/id/L.3973008/format/large,5243447:2516732516:0,CC0-1.0,Naturalis Biodiversity Center,1976-10-09,2026-05-10T04:00:24Z,1920x1148,b3fafed66f367274b809ae44778a6e39,Netherlands | processed:1024x612
gbif_5243447_2515139335_0,data/processed/sano/gbif_5243447_2515139335_0.jpg,sano,gbif,https://medialib.naturalis.nl/file/id/L.3973028/format/large,5243447:2515139335:0,CC0-1.0,Naturalis Biodiversity Center,1976-11-06,2026-05-10T04:00:27Z,1920x1513,89748fd924c22c4b4a3e875fd1134df8,Netherlands | processed:1024x807
gbif_5243447_2516866224_0,data/processed/sano/gbif_5243447_2516866224_0.jpg,sano,gbif,https://medialib.naturalis.nl/file/id/L.3972961/format/large,5243447:2516866224:0,CC0-1.0,Naturalis Biodiversity Center,1975-11-02,2026-05-10T04:00:27Z,1920x1204,4b292b3f92f69713fd37c6d65a8d0226,Netherlands | processed:1024x642
gbif_5243447_2517118167_0,data/processed/sano/gbif_5243447_2517118167_0.jpg,sano,gbif,https://medialib.naturalis.nl/file/id/L.3972996/format/large,5243447:2517118167:0,CC0-1.0,Naturalis Biodiversity Center,1974-02-10,2026-05-10T04:00:29Z,1920x1710,107ad2461e8bf89602102008408fcb0a,Netherlands | processed:1024x912
gbif_5243447_2517121211_0,data/processed/sano/gbif_5243447_2517121211_0.jpg,sano,gbif,https://medialib.naturalis.nl/file/id/L.3972955/format/large,5243447:2517121211:0,CC0-1.0,Naturalis Biodiversity Center,1974-03-04,2026-05-10T04:00:30Z,1920x1529,934a060f41ab93b88bd9118754b81714,Netherlands | processed:1024x815
gbif_5243447_2517150240_0,data/processed/sano/gbif_5243447_2517150240_0.jpg,sano,gbif,https://medialib.naturalis.nl/file/id/L.3972986/format/large,5243447:2517150240:0,CC0-1.0,Naturalis Biodiversity Center,1973-06-13,2026-05-10T04:00:32Z,1920x1788,ccae8020f16d7adb8f7f3d4eaa17c758,Netherlands | processed:1024x954
gbif_5243447_2515158223_0,data/processed/sano/gbif_5243447_2515158223_0.jpg,sano,gbif,https://medialib.naturalis.nl/file/id/L.3972968/format/large,5243447:2515158223:0,CC0-1.0,Naturalis Biodiversity Center,1973-09-30,2026-05-10T04:00:33Z,1920x1141,22254ba66259ce5ad5f071e2f1a627c8,Netherlands | processed:1024x609
gbif_5243447_2515097281_0,data/processed/sano/gbif_5243447_2515097281_0.jpg,sano,gbif,https://medialib.naturalis.nl/file/id/L.3972993/format/large,5243447:2515097281:0,CC0-1.0,Naturalis Biodiversity Center,1972-04-25,2026-05-10T04:00:35Z,1920x1468,9cdac95560b9d16ab334438bddacfe0f,Netherlands | processed:1024x783
gbif_5243447_2517108198_0,data/processed/sano/gbif_5243447_2517108198_0.jpg,sano,gbif,https://medialib.naturalis.nl/file/id/L.3973027/format/large,5243447:2517108198:0,CC0-1.0,Naturalis Biodiversity Center,1972-04-25,2026-05-10T04:00:36Z,1920x1513,d96149fbf66e69314270e42299835280,Netherlands | processed:1024x807
gbif_5243447_2515067602_0,data/processed/sano/gbif_5243447_2515067602_0.jpg,sano,gbif,https://medialib.naturalis.nl/file/id/L.3973050/format/large,5243447:2515067602:0,CC0-1.0,Naturalis Biodiversity Center,1972-05-14,2026-05-10T04:00:37Z,1920x1353,c379c18357dce93ad7dc7c39b371d4ae,Netherlands | processed:1024x722
gbif_5243447_2514977962_0,data/processed/sano/gbif_5243447_2514977962_0.jpg,sano,gbif,https://medialib.naturalis.nl/file/id/L.3972994/format/large,5243447:2514977962:0,CC0-1.0,Naturalis Biodiversity Center,1972-10-21,2026-05-10T04:00:40Z,1920x1772,1260e141bb66dd9c6aeb44ba3c8ce4c6,Netherlands | processed:1024x945
gbif_5243447_2515088063_0,data/processed/sano/gbif_5243447_2515088063_0.jpg,sano,gbif,https://medialib.naturalis.nl/file/id/L.3973000/format/large,5243447:2515088063:0,CC0-1.0,Naturalis Biodiversity Center,1971-10-25,2026-05-10T04:00:43Z,1920x1813,a5dd9a014bbd220054532b35892ba1f1,Netherlands | processed:1024x967
gbif_5243447_2515197777_0,data/processed/sano/gbif_5243447_2515197777_0.jpg,sano,gbif,https://medialib.naturalis.nl/file/id/L.3973005/format/large,5243447:2515197777:0,CC0-1.0,Naturalis Biodiversity Center,1970-10-18,2026-05-10T04:00:44Z,1920x1546,2ba55508472a5c9a00bb97a74effd9a5,Netherlands | processed:1024x825
gbif_5243447_2516856236_0,data/processed/sano/gbif_5243447_2516856236_0.jpg,sano,gbif,https://medialib.naturalis.nl/file/id/L.3973001/format/large,5243447:2516856236:0,CC0-1.0,Naturalis Biodiversity Center,1970-10-20,2026-05-10T04:00:45Z,1920x1696,c98ae7024bf81cfa30bacb70cd35b827,Netherlands | processed:1024x905
gbif_5243447_2517142193_0,data/processed/sano/gbif_5243447_2517142193_0.jpg,sano,gbif,https://medialib.naturalis.nl/file/id/L.3973026/format/large,5243447:2517142193:0,CC0-1.0,Naturalis Biodiversity Center,1970-10-22,2026-05-10T04:00:46Z,1920x1356,e92c5905e9cf1588545b194773d9e229,Netherlands | processed:1024x723
gbif_5243447_2515204157_0,data/processed/sano/gbif_5243447_2515204157_0.jpg,sano,gbif,https://medialib.naturalis.nl/file/id/L.3972998/format/large,5243447:2515204157:0,CC0-1.0,Naturalis Biodiversity Center,1970-11-05,2026-05-10T04:00:47Z,1920x1602,39a1b3b2cbf6960c81d75b45fd80fc4b,Netherlands | processed:1024x854
gbif_5243447_2514988695_0,data/processed/sano/gbif_5243447_2514988695_0.jpg,sano,gbif,https://medialib.naturalis.nl/file/id/L.3972970/format/large,5243447:2514988695:0,CC0-1.0,Naturalis Biodiversity Center,1968-08-24,2026-05-10T04:00:48Z,1920x1177,567e42914e1a8e25e2137ba1682c088e,Netherlands | processed:1024x628
gbif_5243447_2243339221_0,data/processed/sano/gbif_5243447_2243339221_0.jpg,sano,gbif,https://biocoll.inhs.illinois.edu/media/idigbio/dbg/mycology/00001/1073_C1_lg.jpg,5243447:2243339221:0,CC0-1.0,"Denver Botanic Gardens, Sam Mitchel Herbarium of Fungi (DBG-DBG)",1967-02-17,2026-05-10T04:00:49Z,2000x1223,1fa97694229755b6ae5585db01b2e43d,United States of America | processed:1024x626
gbif_5243447_2243339221_1,data/processed/sano/gbif_5243447_2243339221_1.jpg,sano,gbif,https://biocoll.inhs.illinois.edu/media/idigbio/dbg/mycology/00001/1073_C2_lg.jpg,5243447:2243339221:1,CC0-1.0,"Denver Botanic Gardens, Sam Mitchel Herbarium of Fungi (DBG-DBG)",1967-02-17,2026-05-10T04:00:50Z,2000x1254,d2bf8f8f7ad235318cad5c5713288a21,United States of America | processed:1024x642
gbif_5243447_2243339221_2,data/processed/sano/gbif_5243447_2243339221_2.jpg,sano,gbif,https://biocoll.inhs.illinois.edu/media/idigbio/dbg/mycology/DBG-F-001/DBG-F-001073_S00_lg.jpg,5243447:2243339221:2,CC0-1.0,"Denver Botanic Gardens, Sam Mitchel Herbarium of Fungi (DBG-DBG)",1967-02-17,2026-05-10T04:00:51Z,2000x3000,66a9e63785f8f327cba437df598be28f,United States of America | processed:683x1024
gbif_5243447_2243339664_0,data/processed/sano/gbif_5243447_2243339664_0.jpg,sano,gbif,https://biocoll.inhs.illinois.edu/media/idigbio/dbg/mycology/00001/1071_C1_lg.jpg,5243447:2243339664:0,CC0-1.0,"Denver Botanic Gardens, Sam Mitchel Herbarium of Fungi (DBG-DBG)",1967-04-11,2026-05-10T04:01:01Z,2000x1235,3ecd8785c1521b76cbf4d3bd401b8b76,United States of America | processed:1024x632
gbif_5243447_2243339664_1,data/processed/sano/gbif_5243447_2243339664_1.jpg,sano,gbif,https://biocoll.inhs.illinois.edu/media/idigbio/dbg/mycology/00001/1071_C2_lg.jpg,5243447:2243339664:1,CC0-1.0,"Denver Botanic Gardens, Sam Mitchel Herbarium of Fungi (DBG-DBG)",1967-04-11,2026-05-10T04:01:02Z,2000x1235,de6c5f880f4ea1dfab8b87e9e74c33eb,United States of America | processed:1024x632
gbif_5243447_2243339664_2,data/processed/sano/gbif_5243447_2243339664_2.jpg,sano,gbif,https://biocoll.inhs.illinois.edu/media/idigbio/dbg/mycology/00001/1071_C3_lg.jpg,5243447:2243339664:2,CC0-1.0,"Denver Botanic Gardens, Sam Mitchel Herbarium of Fungi (DBG-DBG)",1967-04-11,2026-05-10T04:01:03Z,2000x1229,a2ad6b2974dec648adb015586a6396da,United States of America | processed:1024x629
gbif_5243447_2243339664_3,data/processed/sano/gbif_5243447_2243339664_3.jpg,sano,gbif,https://biocoll.inhs.illinois.edu/media/idigbio/dbg/mycology/00001/1071_C4_lg.jpg,5243447:2243339664:3,CC0-1.0,"Denver Botanic Gardens, Sam Mitchel Herbarium of Fungi (DBG-DBG)",1967-04-11,2026-05-10T04:01:04Z,2000x1239,9a40a3ec194abe3c259539708b23be2a,United States of America | processed:1024x634
gbif_5243447_2243339664_4,data/processed/sano/gbif_5243447_2243339664_4.jpg,sano,gbif,https://biocoll.inhs.illinois.edu/media/idigbio/dbg/mycology/DBG-F-001/DBG-F-001071_S00_lg.jpg,5243447:2243339664:4,CC0-1.0,"Denver Botanic Gardens, Sam Mitchel Herbarium of Fungi (DBG-DBG)",1967-04-11,2026-05-10T04:01:05Z,2000x3000,1334c57ab49053e9bce3df5632bcaee9,United States of America | processed:683x1024
gbif_5243447_2516886279_0,data/processed/sano/gbif_5243447_2516886279_0.jpg,sano,gbif,https://medialib.naturalis.nl/file/id/L.3972977/format/large,5243447:2516886279:0,CC0-1.0,Naturalis Biodiversity Center,1966-06-01/1966-06-30,2026-05-10T04:01:10Z,1920x1541,4f31c7ebf9245ded269b4fb8d5c6a587,Netherlands | processed:1024x822
gbif_5243447_5236190512_0,data/processed/sano/gbif_5243447_5236190512_0.jpg,sano,gbif,https://d2jcv3kl45hlgi.cloudfront.net/4bfab4d7ed592e2690df73e636c12a6f.jpg,5243447:5236190512:0,CC-BY-4.0,"Royal Botanic Gardens, Kew",1966-10-28T00:00,2026-05-10T04:01:11Z,8736x11648,5c78c11fd825187e76a51130b0a1f32c,Hungary | processed:768x1024
gbif_5243447_2243353313_0,data/processed/sano/gbif_5243447_2243353313_0.jpg,sano,gbif,https://biocoll.inhs.illinois.edu/media/idigbio/dbg/mycology/00001/420_C1_lg.jpg,5243447:2243353313:0,CC0-1.0,"Denver Botanic Gardens, Sam Mitchel Herbarium of Fungi (DBG-DBG)",1965-06-05,2026-05-10T04:01:23Z,2000x1197,ab386204187d7b0379551771266b92da,United States of America | processed:1024x613
gbif_5243447_2243353313_1,data/processed/sano/gbif_5243447_2243353313_1.jpg,sano,gbif,https://biocoll.inhs.illinois.edu/media/idigbio/dbg/mycology/00001/420_C2_lg.jpg,5243447:2243353313:1,CC0-1.0,"Denver Botanic Gardens, Sam Mitchel Herbarium of Fungi (DBG-DBG)",1965-06-05,2026-05-10T04:01:23Z,2000x1240,af5edc8c18ca407e03ca663a5a739a0b,United States of America | processed:1024x635
gbif_5243447_2243353313_2,data/processed/sano/gbif_5243447_2243353313_2.jpg,sano,gbif,https://biocoll.inhs.illinois.edu/media/idigbio/dbg/mycology/00001/420_F1_lg.jpg,5243447:2243353313:2,CC0-1.0,"Denver Botanic Gardens, Sam Mitchel Herbarium of Fungi (DBG-DBG)",1965-06-05,2026-05-10T04:01:24Z,2000x1343,2c993da37cfb5408045936e620fa5234,United States of America | processed:1024x688
gbif_5243447_2243353313_3,data/processed/sano/gbif_5243447_2243353313_3.jpg,sano,gbif,https://biocoll.inhs.illinois.edu/media/idigbio/dbg/mycology/DBG-F-000/DBG-F-000420_S00_lg.jpg,5243447:2243353313:3,CC0-1.0,"Denver Botanic Gardens, Sam Mitchel Herbarium of Fungi (DBG-DBG)",1965-06-05,2026-05-10T04:01:26Z,2000x3000,a3f0aa72944bde651b354619ff5f23de,United States of America | processed:683x1024
gbif_5243447_2515097282_0,data/processed/sano/gbif_5243447_2515097282_0.jpg,sano,gbif,https://medialib.naturalis.nl/file/id/L.3973019/format/large,5243447:2515097282:0,CC0-1.0,Naturalis Biodiversity Center,1965-06-06,2026-05-10T04:01:30Z,1920x1356,1187638dd7390007f898e6229211b8db,Netherlands | processed:1024x723
gbif_5243447_5069145322_0,data/processed/sano/gbif_5243447_5069145322_0.jpg,sano,gbif,https://biocoll.inhs.illinois.edu/media/idigbio/sfsu/mycology/SFSU-F-007/SFSU-F-007631_lg.jpg,5243447:5069145322:0,CC0-1.0,"San Francisco State University, Harry D. Thiers Herbarium (SFSU-)",1965-12-27,2026-05-10T04:01:31Z,2000x3000,7c726a4bb437d54fa27d7338c1bceea2,United States of America | processed:683x1024
gbif_5243447_2515058747_0,data/processed/sano/gbif_5243447_2515058747_0.jpg,sano,gbif,https://medialib.naturalis.nl/file/id/L.3973018/format/large,5243447:2515058747:0,CC0-1.0,Naturalis Biodiversity Center,1964-09-29,2026-05-10T04:01:42Z,1920x1356,f92611e8e75ce2c8e50dcc04c2d2e8f9,Netherlands | processed:1024x723
gbif_5243447_1098948721_0,data/processed/sano/gbif_5243447_1098948721_0.jpg,sano,gbif,http://pictures.snsb.info/BSMschiefcoll/web/M-0037/M-0037709_20020121_153124.jpg,5243447:1098948721:0,CC-BY-SA-4.0,,1956-06-24,2026-05-10T04:02:31Z,901x616,37471f5de2002f387d9b37adb0fc4a77,Germany | processed:901x616
gbif_5243447_1098948721_1,data/processed/sano/gbif_5243447_1098948721_1.jpg,sano,gbif,http://pictures.snsb.info/BSMschiefcoll/web/M-0037/M-0037709_20140623_112836.jpg,5243447:1098948721:1,CC-BY-SA-4.0,,1956-06-24,2026-05-10T04:02:32Z,800x1061,798528cbb38142f59ad97b4abfaeb2b8,Germany | processed:772x1024
gbif_5243447_1098948721_2,data/processed/sano/gbif_5243447_1098948721_2.jpg,sano,gbif,http://pictures.snsb.info/BSMschiefcoll/web/M-0037/M-0037709_20140623_112947.jpg,5243447:1098948721:2,CC-BY-SA-4.0,,1956-06-24,2026-05-10T04:02:33Z,800x1065,04cfe7581a7d735ab33c7e0de9bf953b,Germany | processed:769x1024
gbif_5243447_2516862247_0,data/processed/sano/gbif_5243447_2516862247_0.jpg,sano,gbif,https://medialib.naturalis.nl/file/id/L.3972987/format/large,5243447:2516862247:0,CC0-1.0,Naturalis Biodiversity Center,1955-06-23,2026-05-10T04:02:34Z,1920x1405,d5f8d39d1241c9c40a4ba3f1249c5c44,Netherlands | processed:1024x749
gbif_5243447_2517119282_0,data/processed/sano/gbif_5243447_2517119282_0.jpg,sano,gbif,https://medialib.naturalis.nl/file/id/L.3973010/format/large,5243447:2517119282:0,CC0-1.0,Naturalis Biodiversity Center,1950-05-20,2026-05-10T04:02:37Z,1920x1148,524bd3b4da6718db12cdfc6ebcb5b621,Netherlands | processed:1024x612
gbif_5243447_1840587135_1,data/processed/sano/gbif_5243447_1840587135_1.jpg,sano,gbif,https://oxalis.br.fgov.be/images/BR5/020/018/073/310/BR5020018073310.jpg,5243447:1840587135:1,CC-BY-4.0,Meise Botanic Garden,1948-01,2026-05-10T04:02:41Z,6418x9545,363f8a5b9fb8cbebbb345dd4e5778f49,"Congo, Democratic Republic of the | processed:689x1024"
gbif_5243447_2515196744_0,data/processed/sano/gbif_5243447_2515196744_0.jpg,sano,gbif,https://medialib.naturalis.nl/file/id/L.3973056/format/large,5243447:2515196744:0,CC0-1.0,Naturalis Biodiversity Center,1944-04-30,2026-05-10T04:02:43Z,1876x1920,039657be53e3681c80b6ed775dda46f5,Netherlands | processed:1001x1024
gbif_5243447_4104523651_0,data/processed/sano/gbif_5243447_4104523651_0.jpg,sano,gbif,https://biocoll.inhs.illinois.edu/media/idigbio/cup/mycology/CUP-S-4/CUP-S-4155_lg.jpg,5243447:4104523651:0,CC0-1.0,Cornell University Plant Pathology Herbarium (CUP-),1934-03-13,2026-05-10T04:02:44Z,2000x1333,0e13d4b84d726ecc47cb87a323ceb1b2,United States of America | processed:1024x682
gbif_5243447_4104463624_0,data/processed/sano/gbif_5243447_4104463624_0.jpg,sano,gbif,https://biocoll.inhs.illinois.edu/media/idigbio/cup/mycology/CUP-S-4/CUP-S-4154_lg.jpg,5243447:4104463624:0,CC0-1.0,Cornell University Plant Pathology Herbarium (CUP-),1931-04-27,2026-05-10T04:02:45Z,2000x1333,d06d7f7e6e628e9565da7f2b78863039,United States of America | processed:1024x682
gbif_5243447_4104558628_0,data/processed/sano/gbif_5243447_4104558628_0.jpg,sano,gbif,https://biocoll.inhs.illinois.edu/media/idigbio/cup/mycology/CUP-S-4/CUP-S-4152_lg.jpg,5243447:4104558628:0,CC0-1.0,Cornell University Plant Pathology Herbarium (CUP-),1925-03-05,2026-05-10T04:02:46Z,2000x1333,a19b554ec9d2d059e4134cb6e5027f7a,United States of America | processed:1024x682
gbif_5243447_4104421582_0,data/processed/sano/gbif_5243447_4104421582_0.jpg,sano,gbif,https://biocoll.inhs.illinois.edu/media/idigbio/cup/mycology/CUP-S-4/CUP-S-4150_lg.jpg,5243447:4104421582:0,CC0-1.0,Cornell University Plant Pathology Herbarium (CUP-),1924-02-26,2026-05-10T04:02:47Z,2000x1333,c8b633105247a5f377d6158f1d5b9746,United States of America | processed:1024x682
gbif_5243447_4104426665_0,data/processed/sano/gbif_5243447_4104426665_0.jpg,sano,gbif,https://biocoll.inhs.illinois.edu/media/idigbio/cup/mycology/CUP-S-4/CUP-S-4149_lg.jpg,5243447:4104426665:0,CC0-1.0,Cornell University Plant Pathology Herbarium (CUP-),1924-02-26,2026-05-10T04:02:48Z,2000x1333,2e7bfa82972e575ff2dfa5ccb27d5a15,United States of America | processed:1024x682
gbif_5243447_4104512664_0,data/processed/sano/gbif_5243447_4104512664_0.jpg,sano,gbif,https://biocoll.inhs.illinois.edu/media/idigbio/cup/mycology/CUP-S-4/CUP-S-4153_lg.jpg,5243447:4104512664:0,CC0-1.0,Cornell University Plant Pathology Herbarium (CUP-),1924-03-08,2026-05-10T04:02:50Z,2000x1333,6a4e48e705fbd5a828ba222295ec17bc,United States of America | processed:1024x682
gbif_5243447_2514971873_0,data/processed/sano/gbif_5243447_2514971873_0.jpg,sano,gbif,https://medialib.naturalis.nl/file/id/L.3973067/format/large,5243447:2514971873:0,CC0-1.0,Naturalis Biodiversity Center,,2026-05-10T04:02:53Z,1920x1420,a84f955b904e67700b1cde510f3a3df2,Netherlands | processed:1024x757
gbif_5243447_2515173414_0,data/processed/sano/gbif_5243447_2515173414_0.jpg,sano,gbif,https://medialib.naturalis.nl/file/id/L.3972975/format/large,5243447:2515173414:0,CC0-1.0,Naturalis Biodiversity Center,,2026-05-10T04:02:56Z,1920x1326,de0d04c6cc7bf70a2b36a7099644e956,Netherlands | processed:1024x707
gbif_5243447_2515206136_0,data/processed/sano/gbif_5243447_2515206136_0.jpg,sano,gbif,https://medialib.naturalis.nl/file/id/L.3973061/format/large,5243447:2515206136:0,CC0-1.0,Naturalis Biodiversity Center,,2026-05-10T04:02:58Z,1920x1778,ebeddb285e1625ccbf5e4a7fcf7a1652,Netherlands | processed:1024x948
gbif_5243447_2516886280_0,data/processed/sano/gbif_5243447_2516886280_0.jpg,sano,gbif,https://medialib.naturalis.nl/file/id/L.3973064/format/large,5243447:2516886280:0,CC0-1.0,Naturalis Biodiversity Center,,2026-05-10T04:03:00Z,1920x1778,a1e12759a8c45f7d1e640e49435ae098,Netherlands | processed:1024x948
gbif_5243447_3414039941_0,data/processed/sano/gbif_5243447_3414039941_0.jpg,sano,gbif,https://biocoll.inhs.illinois.edu/media/myco/NYS/orig/NYS-M-03/NYSM0000001289_01.jpg,5243447:3414039941:0,CC0-1.0,New York State Museum,,2026-05-10T04:03:05Z,2240x3304,10b263291bfa8bdbdaaef3403e6e74ee,United States of America | processed:694x1024
gbif_5243447_3414039941_1,data/processed/sano/gbif_5243447_3414039941_1.jpg,sano,gbif,https://biocoll.inhs.illinois.edu/media/myco/NYS/orig/NYS-M-03/NYSM0000001289_02.jpg,5243447:3414039941:1,CC0-1.0,New York State Museum,,2026-05-10T04:03:06Z,3310x2828,32770c632fe1fd5f2f3bf47bfc9d308a,United States of America | processed:1024x875
gbif_5243447_3414039947_1,data/processed/sano/gbif_5243447_3414039947_1.jpg,sano,gbif,https://biocoll.inhs.illinois.edu/media/myco/NYS/orig/NYS-M-03/NYSM0000001286_02.jpg,5243447:3414039947:1,CC0-1.0,New York State Museum,,2026-05-10T04:03:10Z,1284x1524,9eecfd7e2c78839f964c9bea292558ba,United States of America | processed:863x1024
gbif_5243447_3414039962_0,data/processed/sano/gbif_5243447_3414039962_0.jpg,sano,gbif,https://biocoll.inhs.illinois.edu/media/myco/NYS/orig/NYS-M-03/NYSM0000001284_01.jpg,5243447:3414039962:0,CC0-1.0,New York State Museum,,2026-05-10T04:03:12Z,2536x2576,5a8dcbd0cf328ef8898013563992114b,United States of America | processed:1008x1024
gbif_5243447_5069143982_0,data/processed/sano/gbif_5243447_5069143982_0.jpg,sano,gbif,https://biocoll.inhs.illinois.edu/media/idigbio/sfsu/mycology/SFSU-F-007/SFSU-F-007697_lg.jpg,5243447:5069143982:0,CC0-1.0,"San Francisco State University, Harry D. Thiers Herbarium (SFSU-)",,2026-05-10T04:03:13Z,2000x3000,0ef55d8ceda879749944998ce3ce5171,United States of America | processed:683x1024
gbif_5243447_5069143982_1,data/processed/sano/gbif_5243447_5069143982_1.jpg,sano,gbif,https://biocoll.inhs.illinois.edu/media/idigbio/sfsu/mycology/SFSU-F-007/SFSU-F-007697_N1_lg.jpg,5243447:5069143982:1,CC0-1.0,"San Francisco State University, Harry D. Thiers Herbarium (SFSU-)",,2026-05-10T04:03:14Z,2000x3000,3a8244f335543a6c3e1613eaf7a0b6ae,United States of America | processed:683x1024
gbif_5243447_5069146312_0,data/processed/sano/gbif_5243447_5069146312_0.jpg,sano,gbif,https://biocoll.inhs.illinois.edu/media/idigbio/sfsu/mycology/SFSU-F-007/SFSU-F-007643_lg.jpg,5243447:5069146312:0,CC0-1.0,"San Francisco State University, Harry D. Thiers Herbarium (SFSU-)",,2026-05-10T04:03:15Z,2000x3000,23556041b9f66d19c7276013ebe0ed03,United States of America | processed:683x1024
gbif_5243447_5069150245_0,data/processed/sano/gbif_5243447_5069150245_0.jpg,sano,gbif,https://biocoll.inhs.illinois.edu/media/idigbio/sfsu/mycology/SFSU-F-007/SFSU-F-007771_lg.jpg,5243447:5069150245:0,CC0-1.0,"San Francisco State University, Harry D. Thiers Herbarium (SFSU-)",,2026-05-10T04:03:16Z,2000x3000,463f50fdfc02279cb16f1ba2238be41f,United States of America | processed:683x1024
gbif_5243447_5235906252_0,data/processed/sano/gbif_5243447_5235906252_0.jpg,sano,gbif,https://image.laji.fi/MM.176515/FBCC1005.JPG,5243447:5235906252:0,CC-BY-SA-4.0,,,2026-05-10T04:03:19Z,800x600,f3706ec16e7ca5529232fba1c416438f, | processed:800x600
gbif_5243447_5235906822_0,data/processed/sano/gbif_5243447_5235906822_0.jpg,sano,gbif,https://image.laji.fi/MM.175609/FBCC0396.JPG,5243447:5235906822:0,CC-BY-SA-4.0,,,2026-05-10T04:03:20Z,800x600,dbbbf415751e6d4a5bb0b048b232a018, | processed:800x600
inaturalist_352596_195493751_343938420,data/processed/moho_verde/inaturalist_352596_195493751_343938420.jpg,moho_verde,inaturalist,https://inaturalist-open-data.s3.amazonaws.com/photos/343938420/original.jpg,352596:195493751:343938420,CC0-1.0,no rights reserved,2024-01-01,2026-05-10T03:26:05Z,1640x2048,cfcf53267fd6a1f5563e424dfbe31e0d, | processed:820x1024
inaturalist_352596_195493751_344340067,data/processed/moho_verde/inaturalist_352596_195493751_344340067.jpg,moho_verde,inaturalist,https://inaturalist-open-data.s3.amazonaws.com/photos/344340067/original.jpg,352596:195493751:344340067,CC0-1.0,no rights reserved,2024-01-01,2026-05-10T03:26:06Z,2048x1474,c66fa43b5f1b9372d911448fdb3b9a6e, | processed:1024x737
inaturalist_352744_356751123_650611262,data/processed/moho_verde/inaturalist_352744_356751123_650611262.jpg,moho_verde,inaturalist,https://inaturalist-open-data.s3.amazonaws.com/photos/650611262/original.jpg,352744:356751123:650611262,CC-BY-NC-4.0,"(c) Kathleen Dobson, some rights reserved (CC BY-NC)",2026-04-28,2026-05-10T03:32:20Z,1536x2048,7b176025d623fbcb38ab2693105c650a, | processed:768x1024
inaturalist_352744_356751123_650611280,data/processed/moho_verde/inaturalist_352744_356751123_650611280.jpg,moho_verde,inaturalist,https://inaturalist-open-data.s3.amazonaws.com/photos/650611280/original.jpg,352744:356751123:650611280,CC-BY-NC-4.0,"(c) Kathleen Dobson, some rights reserved (CC BY-NC)",2026-04-28,2026-05-10T03:32:21Z,1536x2048,b274b1ed33cc4512b2952db9831e7211, | processed:768x1024
inaturalist_352744_355717177_648699758,data/processed/moho_verde/inaturalist_352744_355717177_648699758.jpg,moho_verde,inaturalist,https://inaturalist-open-data.s3.amazonaws.com/photos/648699758/original.jpg,352744:355717177:648699758,CC-BY-NC-4.0,"(c) alexis1756, some rights reserved (CC BY-NC)",2026-04-27,2026-05-10T03:32:22Z,1192x2048,a370828aba6e4d92acc051ca747a2fed, | processed:596x1024
inaturalist_352744_354770064_647144297,data/processed/moho_verde/inaturalist_352744_354770064_647144297.jpg,moho_verde,inaturalist,https://inaturalist-open-data.s3.amazonaws.com/photos/647144297/original.jpg,352744:354770064:647144297,CC-BY-NC-4.0,"(c) paul_dennehy, some rights reserved (CC BY-NC)",2026-04-26,2026-05-10T03:32:23Z,1536x2048,1f2f64480e979bb0c431bc22dc4c5431, | processed:768x1024
inaturalist_352744_354770064_647144409,data/processed/moho_verde/inaturalist_352744_354770064_647144409.jpg,moho_verde,inaturalist,https://inaturalist-open-data.s3.amazonaws.com/photos/647144409/original.jpg,352744:354770064:647144409,CC-BY-NC-4.0,"(c) paul_dennehy, some rights reserved (CC BY-NC)",2026-04-26,2026-05-10T03:32:24Z,1536x2048,f415f3a6497b336072159c7de48982dd, | processed:768x1024
inaturalist_352744_354770064_647144523,data/processed/moho_verde/inaturalist_352744_354770064_647144523.jpg,moho_verde,inaturalist,https://inaturalist-open-data.s3.amazonaws.com/photos/647144523/original.jpg,352744:354770064:647144523,CC-BY-NC-4.0,"(c) paul_dennehy, some rights reserved (CC BY-NC)",2026-04-26,2026-05-10T03:32:25Z,1536x2048,08a236ebbfef7e2c0542f332af162cc6, | processed:768x1024
inaturalist_352744_354770064_647144636,data/processed/moho_verde/inaturalist_352744_354770064_647144636.jpg,moho_verde,inaturalist,https://inaturalist-open-data.s3.amazonaws.com/photos/647144636/original.jpg,352744:354770064:647144636,CC-BY-NC-4.0,"(c) paul_dennehy, some rights reserved (CC BY-NC)",2026-04-26,2026-05-10T03:32:26Z,1536x2048,72aaf7d7f5c7367aaf26de412bcc458a, | processed:768x1024
inaturalist_352744_354770064_647144733,data/processed/moho_verde/inaturalist_352744_354770064_647144733.jpg,moho_verde,inaturalist,https://inaturalist-open-data.s3.amazonaws.com/photos/647144733/original.jpg,352744:354770064:647144733,CC-BY-NC-4.0,"(c) paul_dennehy, some rights reserved (CC BY-NC)",2026-04-26,2026-05-10T03:32:27Z,1536x2048,b2a955d9ad23f43105512beb714fd83d, | processed:768x1024
inaturalist_352744_354770064_647144842,data/processed/moho_verde/inaturalist_352744_354770064_647144842.jpg,moho_verde,inaturalist,https://inaturalist-open-data.s3.amazonaws.com/photos/647144842/original.jpg,352744:354770064:647144842,CC-BY-NC-4.0,"(c) paul_dennehy, some rights reserved (CC BY-NC)",2026-04-26,2026-05-10T03:32:28Z,1536x2048,6fe2e4c28a5ea10e521aec857580b439, | processed:768x1024
inaturalist_352744_354770064_647144976,data/processed/moho_verde/inaturalist_352744_354770064_647144976.jpg,moho_verde,inaturalist,https://inaturalist-open-data.s3.amazonaws.com/photos/647144976/original.jpg,352744:354770064:647144976,CC-BY-NC-4.0,"(c) paul_dennehy, some rights reserved (CC BY-NC)",2026-04-26,2026-05-10T03:32:29Z,1536x2048,0b9a4aab5597c5fd5c1a5d0aaf0de19e, | processed:768x1024
inaturalist_352744_354493655_646603131,data/processed/moho_verde/inaturalist_352744_354493655_646603131.jpg,moho_verde,inaturalist,https://inaturalist-open-data.s3.amazonaws.com/photos/646603131/original.jpg,352744:354493655:646603131,CC-BY-NC-4.0,"(c) mr_hoot, some rights reserved (CC BY-NC)",2026-04-22,2026-05-10T03:32:30Z,2048x1365,5a20fe63663294d5c5be58d566b7afea, | processed:1024x682
inaturalist_352744_354493655_646603251,data/processed/moho_verde/inaturalist_352744_354493655_646603251.jpg,moho_verde,inaturalist,https://inaturalist-open-data.s3.amazonaws.com/photos/646603251/original.jpg,352744:354493655:646603251,CC-BY-NC-4.0,"(c) mr_hoot, some rights reserved (CC BY-NC)",2026-04-22,2026-05-10T03:32:31Z,2048x1365,7530da01f83f0994c08a4f571d7b6114, | processed:1024x682
inaturalist_352744_354493655_646603316,data/processed/moho_verde/inaturalist_352744_354493655_646603316.jpg,moho_verde,inaturalist,https://inaturalist-open-data.s3.amazonaws.com/photos/646603316/original.jpg,352744:354493655:646603316,CC-BY-NC-4.0,"(c) mr_hoot, some rights reserved (CC BY-NC)",2026-04-22,2026-05-10T03:32:32Z,2048x1365,faaca24b4c530ed91298d954c9959080, | processed:1024x682
inaturalist_352744_354215169_646222284,data/processed/moho_verde/inaturalist_352744_354215169_646222284.jpg,moho_verde,inaturalist,https://inaturalist-open-data.s3.amazonaws.com/photos/646222284/original.jpg,352744:354215169:646222284,CC-BY-NC-4.0,"(c) Andy Donegan, some rights reserved (CC BY-NC)",2026-04-25,2026-05-10T03:32:33Z,1152x2048,394a4355e242f0af3053764aa44d2cab, | processed:576x1024
inaturalist_352744_354215169_646222339,data/processed/moho_verde/inaturalist_352744_354215169_646222339.jpg,moho_verde,inaturalist,https://inaturalist-open-data.s3.amazonaws.com/photos/646222339/original.jpg,352744:354215169:646222339,CC-BY-NC-4.0,"(c) Andy Donegan, some rights reserved (CC BY-NC)",2026-04-25,2026-05-10T03:32:34Z,2048x1152,024692b5238e08b9d7e8bc7c3ada3cb8, | processed:1024x576
inaturalist_352744_353931427_645559522,data/processed/moho_verde/inaturalist_352744_353931427_645559522.jpg,moho_verde,inaturalist,https://inaturalist-open-data.s3.amazonaws.com/photos/645559522/original.jpg,352744:353931427:645559522,CC-BY-NC-4.0,"(c) Fyodor Churochkin, some rights reserved (CC BY-NC)",2026-04-25,2026-05-10T03:32:36Z,2048x1536,d9863c871bbd473c7129408b8c81f616, | processed:1024x768
inaturalist_352744_353832614_645536142,data/processed/moho_verde/inaturalist_352744_353832614_645536142.jpg,moho_verde,inaturalist,https://inaturalist-open-data.s3.amazonaws.com/photos/645536142/original.jpg,352744:353832614:645536142,CC-BY-NC-4.0,"(c) alexparry, some rights reserved (CC BY-NC)",2026-04-25,2026-05-10T03:32:37Z,2048x2048,0947b9b5e217bce7aa75d5a7145519f1, | processed:1024x1024
inaturalist_352744_353706177_645322722,data/processed/moho_verde/inaturalist_352744_353706177_645322722.jpg,moho_verde,inaturalist,https://inaturalist-open-data.s3.amazonaws.com/photos/645322722/original.jpg,352744:353706177:645322722,CC-BY-NC-4.0,"(c) Arseniy T, some rights reserved (CC BY-NC)",2026-04-25,2026-05-10T03:32:38Z,2048x1365,2d5c0b4b97ee3c07119d2cced4c892bd, | processed:1024x682
inaturalist_352744_353706177_645323382,data/processed/moho_verde/inaturalist_352744_353706177_645323382.jpg,moho_verde,inaturalist,https://inaturalist-open-data.s3.amazonaws.com/photos/645323382/original.jpg,352744:353706177:645323382,CC-BY-NC-4.0,"(c) Arseniy T, some rights reserved (CC BY-NC)",2026-04-25,2026-05-10T03:32:39Z,2048x1365,760b65aa8613ce5114a636a378c71f75, | processed:1024x682
inaturalist_352744_348646252_635887534,data/processed/moho_verde/inaturalist_352744_348646252_635887534.jpg,moho_verde,inaturalist,https://inaturalist-open-data.s3.amazonaws.com/photos/635887534/original.jpg,352744:348646252:635887534,CC-BY-NC-4.0,"(c) abigelbeyene, some rights reserved (CC BY-NC)",2026-04-09,2026-05-10T03:32:43Z,1152x2048,d75652a42552e8aac2dbc60dbd31eaf2, | processed:576x1024
inaturalist_352744_348334115_635266032,data/processed/moho_verde/inaturalist_352744_348334115_635266032.jpg,moho_verde,inaturalist,https://inaturalist-open-data.s3.amazonaws.com/photos/635266032/original.jpg,352744:348334115:635266032,CC-BY-NC-4.0,"(c) Elora, some rights reserved (CC BY-NC)",2026-04-08,2026-05-10T03:32:44Z,1536x2048,9758250a75801250ddc6ad099babec4d, | processed:768x1024
inaturalist_352744_346996909_632596717,data/processed/moho_verde/inaturalist_352744_346996909_632596717.jpg,moho_verde,inaturalist,https://inaturalist-open-data.s3.amazonaws.com/photos/632596717/original.jpg,352744:346996909:632596717,CC-BY-4.0,"(c) Alex Press, some rights reserved (CC BY)",2026-04-03,2026-05-10T03:32:45Z,2048x1536,1af52d8ffc3c66041558860dd0de61f2, | processed:1024x768
inaturalist_352744_346996909_632596733,data/processed/moho_verde/inaturalist_352744_346996909_632596733.jpg,moho_verde,inaturalist,https://inaturalist-open-data.s3.amazonaws.com/photos/632596733/original.jpg,352744:346996909:632596733,CC-BY-4.0,"(c) Alex Press, some rights reserved (CC BY)",2026-04-03,2026-05-10T03:32:46Z,2048x1536,3ea4643fcdd6c87125322e0117a0f0a9, | processed:1024x768
inaturalist_352744_346996909_632596742,data/processed/moho_verde/inaturalist_352744_346996909_632596742.jpg,moho_verde,inaturalist,https://inaturalist-open-data.s3.amazonaws.com/photos/632596742/original.jpg,352744:346996909:632596742,CC-BY-4.0,"(c) Alex Press, some rights reserved (CC BY)",2026-04-03,2026-05-10T03:32:47Z,2048x1536,89d7b5366c7d905c1cf5a9436943bb19, | processed:1024x768
inaturalist_352744_346895670_632407528,data/processed/moho_verde/inaturalist_352744_346895670_632407528.jpg,moho_verde,inaturalist,https://inaturalist-open-data.s3.amazonaws.com/photos/632407528/original.jpg,352744:346895670:632407528,CC-BY-NC-4.0,"(c) Sara, some rights reserved (CC BY-NC)",2025-05-24,2026-05-10T03:32:48Z,1536x2048,a78c636222e10ef2b8b931e1c4b73785, | processed:768x1024
inaturalist_352744_346895670_632407548,data/processed/moho_verde/inaturalist_352744_346895670_632407548.jpg,moho_verde,inaturalist,https://inaturalist-open-data.s3.amazonaws.com/photos/632407548/original.jpg,352744:346895670:632407548,CC-BY-NC-4.0,"(c) Sara, some rights reserved (CC BY-NC)",2025-05-24,2026-05-10T03:32:49Z,1536x2048,0cfd301bf4c83b98a00188ef3ff5e409, | processed:768x1024
inaturalist_352744_346895670_632407542,data/processed/moho_verde/inaturalist_352744_346895670_632407542.jpg,moho_verde,inaturalist,https://inaturalist-open-data.s3.amazonaws.com/photos/632407542/original.jpg,352744:346895670:632407542,CC-BY-NC-4.0,"(c) Sara, some rights reserved (CC BY-NC)",2025-05-24,2026-05-10T03:32:50Z,1536x2048,7525e091df396b07033af793dc808a96, | processed:768x1024
inaturalist_352744_346895670_632407537,data/processed/moho_verde/inaturalist_352744_346895670_632407537.jpg,moho_verde,inaturalist,https://inaturalist-open-data.s3.amazonaws.com/photos/632407537/original.jpg,352744:346895670:632407537,CC-BY-NC-4.0,"(c) Sara, some rights reserved (CC BY-NC)",2025-05-24,2026-05-10T03:32:51Z,1536x2048,13da3f125e73b2fac621c10018819909, | processed:768x1024
inaturalist_352744_346895670_632407554,data/processed/moho_verde/inaturalist_352744_346895670_632407554.jpg,moho_verde,inaturalist,https://inaturalist-open-data.s3.amazonaws.com/photos/632407554/original.jpg,352744:346895670:632407554,CC-BY-NC-4.0,"(c) Sara, some rights reserved (CC BY-NC)",2025-05-24,2026-05-10T03:32:52Z,1536x2048,a6e2baf153014ce81d8c8e2a2977348c, | processed:768x1024
inaturalist_352744_346895670_632407520,data/processed/moho_verde/inaturalist_352744_346895670_632407520.jpg,moho_verde,inaturalist,https://inaturalist-open-data.s3.amazonaws.com/photos/632407520/original.jpg,352744:346895670:632407520,CC-BY-NC-4.0,"(c) Sara, some rights reserved (CC BY-NC)",2025-05-24,2026-05-10T03:32:53Z,1536x2048,100e75090837a686c41fb8f8d1a4c987, | processed:768x1024
inaturalist_352744_345154248_628969389,data/processed/moho_verde/inaturalist_352744_345154248_628969389.jpg,moho_verde,inaturalist,https://inaturalist-open-data.s3.amazonaws.com/photos/628969389/original.jpg,352744:345154248:628969389,CC-BY-NC-4.0,"(c) Ginger McKey, some rights reserved (CC BY-NC)",2025-12-08,2026-05-10T03:32:56Z,1536x2048,96b7d8ee3df2795e59fb42ab58c97fa3, | processed:768x1024
inaturalist_352744_345154248_628969422,data/processed/moho_verde/inaturalist_352744_345154248_628969422.jpg,moho_verde,inaturalist,https://inaturalist-open-data.s3.amazonaws.com/photos/628969422/original.jpg,352744:345154248:628969422,CC-BY-NC-4.0,"(c) Ginger McKey, some rights reserved (CC BY-NC)",2025-12-08,2026-05-10T03:32:57Z,1536x2048,9543acacde4709f19bde43d33e2ee11b, | processed:768x1024
inaturalist_352744_345154248_628969462,data/processed/moho_verde/inaturalist_352744_345154248_628969462.jpg,moho_verde,inaturalist,https://inaturalist-open-data.s3.amazonaws.com/photos/628969462/original.jpg,352744:345154248:628969462,CC-BY-NC-4.0,"(c) Ginger McKey, some rights reserved (CC BY-NC)",2025-12-08,2026-05-10T03:32:58Z,1536x2048,313a59caa8e0ec37d9e3f67ebc738ea7, | processed:768x1024
inaturalist_352744_345154248_628969494,data/processed/moho_verde/inaturalist_352744_345154248_628969494.jpg,moho_verde,inaturalist,https://inaturalist-open-data.s3.amazonaws.com/photos/628969494/original.jpg,352744:345154248:628969494,CC-BY-NC-4.0,"(c) Ginger McKey, some rights reserved (CC BY-NC)",2025-12-08,2026-05-10T03:32:59Z,1536x2048,8d239a4113958ce263a6dd1111329f8a, | processed:768x1024
inaturalist_352744_345154248_628969528,data/processed/moho_verde/inaturalist_352744_345154248_628969528.jpg,moho_verde,inaturalist,https://inaturalist-open-data.s3.amazonaws.com/photos/628969528/original.jpg,352744:345154248:628969528,CC-BY-NC-4.0,"(c) Ginger McKey, some rights reserved (CC BY-NC)",2025-12-08,2026-05-10T03:33:00Z,1536x2048,769292fb06799bf01aecb6028cc333cc, | processed:768x1024
inaturalist_352744_345154248_628969562,data/processed/moho_verde/inaturalist_352744_345154248_628969562.jpg,moho_verde,inaturalist,https://inaturalist-open-data.s3.amazonaws.com/photos/628969562/original.jpg,352744:345154248:628969562,CC-BY-NC-4.0,"(c) Ginger McKey, some rights reserved (CC BY-NC)",2025-12-08,2026-05-10T03:33:01Z,1536x2048,9214c3091a2becf5a711cf9e0db616a2, | processed:768x1024
inaturalist_352744_345154248_628969596,data/processed/moho_verde/inaturalist_352744_345154248_628969596.jpg,moho_verde,inaturalist,https://inaturalist-open-data.s3.amazonaws.com/photos/628969596/original.jpg,352744:345154248:628969596,CC-BY-NC-4.0,"(c) Ginger McKey, some rights reserved (CC BY-NC)",2025-12-08,2026-05-10T03:33:02Z,1536x2048,ed277b931002573bc854d907edc15807, | processed:768x1024
inaturalist_352744_345154248_628969637,data/processed/moho_verde/inaturalist_352744_345154248_628969637.jpg,moho_verde,inaturalist,https://inaturalist-open-data.s3.amazonaws.com/photos/628969637/original.jpg,352744:345154248:628969637,CC-BY-NC-4.0,"(c) Ginger McKey, some rights reserved (CC BY-NC)",2025-12-08,2026-05-10T03:33:03Z,1536x2048,e7ae17afc2120b5e1d0a4cfe77c22204, | processed:768x1024
inaturalist_352744_343869375_626471524,data/processed/moho_verde/inaturalist_352744_343869375_626471524.jpg,moho_verde,inaturalist,https://inaturalist-open-data.s3.amazonaws.com/photos/626471524/original.jpg,352744:343869375:626471524,CC-BY-NC-4.0,"(c) dc, some rights reserved (CC BY-NC)",2026-03-19,2026-05-10T03:33:20Z,1200x1600,3f5c5c716b401cac2f2f383cd907fd68, | processed:768x1024
inaturalist_352744_343869375_626471550,data/processed/moho_verde/inaturalist_352744_343869375_626471550.jpg,moho_verde,inaturalist,https://inaturalist-open-data.s3.amazonaws.com/photos/626471550/original.jpg,352744:343869375:626471550,CC-BY-NC-4.0,"(c) dc, some rights reserved (CC BY-NC)",2026-03-19,2026-05-10T03:33:21Z,1200x1600,f1dd6e267c428bd3a5de0a5ef1ede332, | processed:768x1024
inaturalist_352744_343683446_626105100,data/processed/moho_verde/inaturalist_352744_343683446_626105100.jpg,moho_verde,inaturalist,https://inaturalist-open-data.s3.amazonaws.com/photos/626105100/original.jpg,352744:343683446:626105100,CC-BY-NC-4.0,"(c) Darvin DeShazer, some rights reserved (CC BY-NC)",2026-03-17,2026-05-10T03:33:22Z,1536x2048,eb943ee75a97b8709524ed97ffbef950, | processed:768x1024
inaturalist_352744_343683446_626105062,data/processed/moho_verde/inaturalist_352744_343683446_626105062.jpg,moho_verde,inaturalist,https://inaturalist-open-data.s3.amazonaws.com/photos/626105062/original.jpg,352744:343683446:626105062,CC-BY-NC-4.0,"(c) Darvin DeShazer, some rights reserved (CC BY-NC)",2026-03-17,2026-05-10T03:33:23Z,1536x2048,cea200980db2c1fba0707ddfc97f68e4, | processed:768x1024
inaturalist_352744_343583092_625903481,data/processed/moho_verde/inaturalist_352744_343583092_625903481.jpg,moho_verde,inaturalist,https://inaturalist-open-data.s3.amazonaws.com/photos/625903481/original.jpg,352744:343583092:625903481,CC-BY-NC-4.0,"(c) mark, some rights reserved (CC BY-NC)",2026-03-18,2026-05-10T03:33:24Z,1534x2048,b0923074abee7f8347f262bad1addebd, | processed:767x1024
inaturalist_352744_343583092_625903509,data/processed/moho_verde/inaturalist_352744_343583092_625903509.jpg,moho_verde,inaturalist,https://inaturalist-open-data.s3.amazonaws.com/photos/625903509/original.jpg,352744:343583092:625903509,CC-BY-NC-4.0,"(c) mark, some rights reserved (CC BY-NC)",2026-03-18,2026-05-10T03:33:25Z,1534x2048,ba36cc99e759a283b796cf33ab3e8bed, | processed:767x1024
inaturalist_352744_343583092_625903537,data/processed/moho_verde/inaturalist_352744_343583092_625903537.jpg,moho_verde,inaturalist,https://inaturalist-open-data.s3.amazonaws.com/photos/625903537/original.jpg,352744:343583092:625903537,CC-BY-NC-4.0,"(c) mark, some rights reserved (CC BY-NC)",2026-03-18,2026-05-10T03:33:26Z,1534x2048,5f797462ee90872ac3689e6412503cd1, | processed:767x1024
inaturalist_352744_343583092_625903559,data/processed/moho_verde/inaturalist_352744_343583092_625903559.jpg,moho_verde,inaturalist,https://inaturalist-open-data.s3.amazonaws.com/photos/625903559/original.jpg,352744:343583092:625903559,CC-BY-NC-4.0,"(c) mark, some rights reserved (CC BY-NC)",2026-03-18,2026-05-10T03:33:27Z,1534x2048,4b0f7ba006e313bfcb78b788f2b93c34, | processed:767x1024
inaturalist_352744_343583092_625903591,data/processed/moho_verde/inaturalist_352744_343583092_625903591.jpg,moho_verde,inaturalist,https://inaturalist-open-data.s3.amazonaws.com/photos/625903591/original.jpg,352744:343583092:625903591,CC-BY-NC-4.0,"(c) mark, some rights reserved (CC BY-NC)",2026-03-18,2026-05-10T03:33:28Z,1534x2048,585f800a0b71346994ac8fb80991933b, | processed:767x1024
inaturalist_352744_343583092_625903655,data/processed/moho_verde/inaturalist_352744_343583092_625903655.jpg,moho_verde,inaturalist,https://inaturalist-open-data.s3.amazonaws.com/photos/625903655/original.jpg,352744:343583092:625903655,CC-BY-NC-4.0,"(c) mark, some rights reserved (CC BY-NC)",2026-03-18,2026-05-10T03:33:29Z,1534x2048,a325de996ad0fbd62a4ed6a6b7126878, | processed:767x1024
inaturalist_352744_343013017_624739467,data/processed/moho_verde/inaturalist_352744_343013017_624739467.jpg,moho_verde,inaturalist,https://inaturalist-open-data.s3.amazonaws.com/photos/624739467/original.jpg,352744:343013017:624739467,CC-BY-NC-4.0,"(c) Debbie Dover, some rights reserved (CC BY-NC)",2026-03-13,2026-05-10T03:33:30Z,1536x2048,91f6684597ce3634e8e59d0d8d00df27, | processed:768x1024
inaturalist_352744_343013017_624739465,data/processed/moho_verde/inaturalist_352744_343013017_624739465.jpg,moho_verde,inaturalist,https://inaturalist-open-data.s3.amazonaws.com/photos/624739465/original.jpg,352744:343013017:624739465,CC-BY-NC-4.0,"(c) Debbie Dover, some rights reserved (CC BY-NC)",2026-03-13,2026-05-10T03:33:31Z,1536x2048,8388c4068084f600f8f2505dce1e2773, | processed:768x1024
inaturalist_352744_343013017_624739469,data/processed/moho_verde/inaturalist_352744_343013017_624739469.jpg,moho_verde,inaturalist,https://inaturalist-open-data.s3.amazonaws.com/photos/624739469/original.jpg,352744:343013017:624739469,CC-BY-NC-4.0,"(c) Debbie Dover, some rights reserved (CC BY-NC)",2026-03-13,2026-05-10T03:33:32Z,1536x2048,b474708c4908a7d372c182f18ab9c9cd, | processed:768x1024
inaturalist_352744_343013017_624739466,data/processed/moho_verde/inaturalist_352744_343013017_624739466.jpg,moho_verde,inaturalist,https://inaturalist-open-data.s3.amazonaws.com/photos/624739466/original.jpg,352744:343013017:624739466,CC-BY-NC-4.0,"(c) Debbie Dover, some rights reserved (CC BY-NC)",2026-03-13,2026-05-10T03:33:33Z,2048x1536,f4d0ea92f7b0358aaf006340d056f2a9, | processed:1024x768
inaturalist_352744_343013017_624739468,data/processed/moho_verde/inaturalist_352744_343013017_624739468.jpg,moho_verde,inaturalist,https://inaturalist-open-data.s3.amazonaws.com/photos/624739468/original.jpg,352744:343013017:624739468,CC-BY-NC-4.0,"(c) Debbie Dover, some rights reserved (CC BY-NC)",2026-03-13,2026-05-10T03:33:34Z,1536x2048,f3b496dc880ff3a87642906a79dba11a, | processed:768x1024
inaturalist_352744_342504306_623733114,data/processed/moho_verde/inaturalist_352744_342504306_623733114.jpg,moho_verde,inaturalist,https://inaturalist-open-data.s3.amazonaws.com/photos/623733114/original.jpg,352744:342504306:623733114,CC-BY-NC-4.0,"(c) Chantal Gauthier, some rights reserved (CC BY-NC)",2022-06-18,2026-05-10T03:33:41Z,694x790,162393d71eb872e353200600af6cd4be, | processed:694x790
inaturalist_352744_342504306_623734225,data/processed/moho_verde/inaturalist_352744_342504306_623734225.jpg,moho_verde,inaturalist,https://inaturalist-open-data.s3.amazonaws.com/photos/623734225/original.jpg,352744:342504306:623734225,CC-BY-NC-4.0,"(c) Chantal Gauthier, some rights reserved (CC BY-NC)",2022-06-18,2026-05-10T03:33:42Z,594x752,2bba714ea955b3037e690ce18f05d2ad, | processed:594x752
inaturalist_352744_342355248_623415159,data/processed/moho_verde/inaturalist_352744_342355248_623415159.jpg,moho_verde,inaturalist,https://inaturalist-open-data.s3.amazonaws.com/photos/623415159/original.jpg,352744:342355248:623415159,CC-BY-NC-4.0,"(c) R. Hoffman, some rights reserved (CC BY-NC)",2026-03-09,2026-05-10T03:33:43Z,2048x1536,8add8afdddc4aad7f106cdbc0359cad8, | processed:1024x768
inaturalist_352744_342304646_623310417,data/processed/moho_verde/inaturalist_352744_342304646_623310417.jpg,moho_verde,inaturalist,https://inaturalist-open-data.s3.amazonaws.com/photos/623310417/original.jpg,352744:342304646:623310417,CC-BY-NC-4.0,"(c) peter_csonka, some rights reserved (CC BY-NC)",2026-03-06,2026-05-10T03:33:44Z,1133x850,91b5f05e3173107e40a28a412fd0e111, | processed:1024x768
inaturalist_352744_342304646_623310507,data/processed/moho_verde/inaturalist_352744_342304646_623310507.jpg,moho_verde,inaturalist,https://inaturalist-open-data.s3.amazonaws.com/photos/623310507/original.jpg,352744:342304646:623310507,CC-BY-NC-4.0,"(c) peter_csonka, some rights reserved (CC BY-NC)",2026-03-06,2026-05-10T03:33:45Z,1133x850,13a6d102b91865f8f45e8ebdbd82e1d7, | processed:1024x768
inaturalist_352744_342304646_623310445,data/processed/moho_verde/inaturalist_352744_342304646_623310445.jpg,moho_verde,inaturalist,https://inaturalist-open-data.s3.amazonaws.com/photos/623310445/original.jpg,352744:342304646:623310445,CC-BY-NC-4.0,"(c) peter_csonka, some rights reserved (CC BY-NC)",2026-03-06,2026-05-10T03:33:46Z,1133x850,f32aa2d233ed2c6ad4a005db9f09e6a0, | processed:1024x768
inaturalist_352744_342304646_623310422,data/processed/moho_verde/inaturalist_352744_342304646_623310422.jpg,moho_verde,inaturalist,https://inaturalist-open-data.s3.amazonaws.com/photos/623310422/original.jpg,352744:342304646:623310422,CC-BY-NC-4.0,"(c) peter_csonka, some rights reserved (CC BY-NC)",2026-03-06,2026-05-10T03:33:47Z,1133x850,8962014c83f7ea1e13e9d420c314e74b, | processed:1024x768
inaturalist_352744_342304646_623310424,data/processed/moho_verde/inaturalist_352744_342304646_623310424.jpg,moho_verde,inaturalist,https://inaturalist-open-data.s3.amazonaws.com/photos/623310424/original.jpg,352744:342304646:623310424,CC-BY-NC-4.0,"(c) peter_csonka, some rights reserved (CC BY-NC)",2026-03-06,2026-05-10T03:33:48Z,1133x850,844a4524177cc2649426f09d18383e82, | processed:1024x768
inaturalist_352744_342304646_623325430,data/processed/moho_verde/inaturalist_352744_342304646_623325430.jpg,moho_verde,inaturalist,https://inaturalist-open-data.s3.amazonaws.com/photos/623325430/original.jpg,352744:342304646:623325430,CC-BY-NC-4.0,"(c) peter_csonka, some rights reserved (CC BY-NC)",2026-03-06,2026-05-10T03:33:49Z,1133x850,cab52046276b7181170ea847e9316aef, | processed:1024x768
inaturalist_352744_342304646_623325467,data/processed/moho_verde/inaturalist_352744_342304646_623325467.jpg,moho_verde,inaturalist,https://inaturalist-open-data.s3.amazonaws.com/photos/623325467/original.jpg,352744:342304646:623325467,CC-BY-NC-4.0,"(c) peter_csonka, some rights reserved (CC BY-NC)",2026-03-06,2026-05-10T03:33:50Z,1133x850,df7b8bf8f89165e9c32925564a925e88, | processed:1024x768
inaturalist_352744_342304646_623325473,data/processed/moho_verde/inaturalist_352744_342304646_623325473.jpg,moho_verde,inaturalist,https://inaturalist-open-data.s3.amazonaws.com/photos/623325473/original.jpg,352744:342304646:623325473,CC-BY-NC-4.0,"(c) peter_csonka, some rights reserved (CC BY-NC)",2026-03-06,2026-05-10T03:33:51Z,1133x850,c1d6c97ac98f8679963aa1f5a12e0083, | processed:1024x768
inaturalist_352744_342304646_623325474,data/processed/moho_verde/inaturalist_352744_342304646_623325474.jpg,moho_verde,inaturalist,https://inaturalist-open-data.s3.amazonaws.com/photos/623325474/original.jpg,352744:342304646:623325474,CC-BY-NC-4.0,"(c) peter_csonka, some rights reserved (CC BY-NC)",2026-03-06,2026-05-10T03:33:52Z,1133x850,da1a516986ecb1862b14cc24ef0c176e, | processed:1024x768
inaturalist_352744_342304646_623325481,data/processed/moho_verde/inaturalist_352744_342304646_623325481.jpg,moho_verde,inaturalist,https://inaturalist-open-data.s3.amazonaws.com/photos/623325481/original.jpg,352744:342304646:623325481,CC-BY-NC-4.0,"(c) peter_csonka, some rights reserved (CC BY-NC)",2026-03-06,2026-05-10T03:33:53Z,1133x850,6e8330a05dc75c08f96cff9d71eff55c, | processed:1024x768
inaturalist_352744_342079194_622871489,data/processed/moho_verde/inaturalist_352744_342079194_622871489.jpg,moho_verde,inaturalist,https://inaturalist-open-data.s3.amazonaws.com/photos/622871489/original.jpg,352744:342079194:622871489,CC-BY-NC-4.0,"(c) Charles Davis, some rights reserved (CC BY-NC)",2026-03-09,2026-05-10T03:33:54Z,1536x2048,b5f2dee47abb6ce131fe383e12334b2b, | processed:768x1024
inaturalist_352744_341997877_622743783,data/processed/moho_verde/inaturalist_352744_341997877_622743783.jpg,moho_verde,inaturalist,https://inaturalist-open-data.s3.amazonaws.com/photos/622743783/original.jpg,352744:341997877:622743783,CC-BY-NC-4.0,"(c) Meg Madden, some rights reserved (CC BY-NC)",2023-08-17,2026-05-10T03:33:56Z,2048x1536,10f70c3c86b762267988773d3b166e66, | processed:1024x768
inaturalist_352744_341946248_622601608,data/processed/moho_verde/inaturalist_352744_341946248_622601608.jpg,moho_verde,inaturalist,https://inaturalist-open-data.s3.amazonaws.com/photos/622601608/original.jpg,352744:341946248:622601608,CC-BY-NC-4.0,"(c) Cherie Cornmesser, some rights reserved (CC BY-NC)",2026-03-08,2026-05-10T03:33:58Z,2048x945,84e37f168d5fcdec8aab692ebe376408, | processed:1024x472
inaturalist_352744_341653648_622015750,data/processed/moho_verde/inaturalist_352744_341653648_622015750.jpg,moho_verde,inaturalist,https://inaturalist-open-data.s3.amazonaws.com/photos/622015750/original.jpg,352744:341653648:622015750,CC-BY-NC-4.0,"(c) Svetlana Nesterova, some rights reserved (CC BY-NC)",2024-10-14,2026-05-10T03:33:59Z,2048x1368,ab3758f891f8fdbf0c2f9a54a0a68e8c, | processed:1024x684
inaturalist_352744_341505369_621712045,data/processed/moho_verde/inaturalist_352744_341505369_621712045.jpg,moho_verde,inaturalist,https://inaturalist-open-data.s3.amazonaws.com/photos/621712045/original.jpg,352744:341505369:621712045,CC-BY-NC-4.0,"(c) Tannar Coolhaas, some rights reserved (CC BY-NC)",2026-03-03,2026-05-10T03:34:00Z,1365x2048,80788b66ca3c07f80b6649d0ef8eb350, | processed:682x1024
inaturalist_352744_341369993_621434565,data/processed/moho_verde/inaturalist_352744_341369993_621434565.jpg,moho_verde,inaturalist,https://inaturalist-open-data.s3.amazonaws.com/photos/621434565/original.jpg,352744:341369993:621434565,CC-BY-NC-4.0,"(c) Ulrich Loock, some rights reserved (CC BY-NC)",2026-03-04,2026-05-10T03:34:01Z,1322x2048,6b1d3a3d5dd0e37f066b663b18b02de4, | processed:661x1024
inaturalist_352744_341304974_621293602,data/processed/moho_verde/inaturalist_352744_341304974_621293602.jpg,moho_verde,inaturalist,https://inaturalist-open-data.s3.amazonaws.com/photos/621293602/original.jpg,352744:341304974:621293602,CC-BY-NC-4.0,"(c) Ryoko Fukuyama, some rights reserved (CC BY-NC)",2026-03-04,2026-05-10T03:34:02Z,1538x2048,8fc6e2d65168849329369acb9888163c, | processed:769x1024
inaturalist_352744_341304974_621293603,data/processed/moho_verde/inaturalist_352744_341304974_621293603.jpg,moho_verde,inaturalist,https://inaturalist-open-data.s3.amazonaws.com/photos/621293603/original.jpg,352744:341304974:621293603,CC-BY-NC-4.0,"(c) Ryoko Fukuyama, some rights reserved (CC BY-NC)",2026-03-04,2026-05-10T03:34:03Z,2048x1537,4a4d06563b687c1fa94d96945df40844, | processed:1024x768
inaturalist_352744_341304974_621293600,data/processed/moho_verde/inaturalist_352744_341304974_621293600.jpg,moho_verde,inaturalist,https://inaturalist-open-data.s3.amazonaws.com/photos/621293600/original.jpg,352744:341304974:621293600,CC-BY-NC-4.0,"(c) Ryoko Fukuyama, some rights reserved (CC BY-NC)",2026-03-04,2026-05-10T03:34:04Z,1245x1658,8133d96bb7ebe3400a2f41da6d333b45, | processed:769x1024
inaturalist_352744_341270355_621223203,data/processed/moho_verde/inaturalist_352744_341270355_621223203.jpg,moho_verde,inaturalist,https://inaturalist-open-data.s3.amazonaws.com/photos/621223203/original.jpg,352744:341270355:621223203,CC-BY-NC-4.0,"(c) annalam23, some rights reserved (CC BY-NC)",2026-03-03,2026-05-10T03:34:05Z,2048x1536,ce061b03fbf323c13f3b53e4940c5192, | processed:1024x768
inaturalist_352744_341079787_620833128,data/processed/moho_verde/inaturalist_352744_341079787_620833128.jpg,moho_verde,inaturalist,https://inaturalist-open-data.s3.amazonaws.com/photos/620833128/original.jpg,352744:341079787:620833128,CC-BY-NC-4.0,"(c) Melvin Xu, some rights reserved (CC BY-NC)",2026-03-03,2026-05-10T03:34:11Z,1536x2048,49ac0a0473a5672bcabcb61a722e4a17, | processed:768x1024
inaturalist_352744_341079787_620833133,data/processed/moho_verde/inaturalist_352744_341079787_620833133.jpg,moho_verde,inaturalist,https://inaturalist-open-data.s3.amazonaws.com/photos/620833133/original.jpg,352744:341079787:620833133,CC-BY-NC-4.0,"(c) Melvin Xu, some rights reserved (CC BY-NC)",2026-03-03,2026-05-10T03:34:12Z,1536x2048,f6bffca9c03f7284cb828211779494bb, | processed:768x1024
inaturalist_352744_340805248_620264970,data/processed/moho_verde/inaturalist_352744_340805248_620264970.jpg,moho_verde,inaturalist,https://inaturalist-open-data.s3.amazonaws.com/photos/620264970/original.jpg,352744:340805248:620264970,CC-BY-NC-4.0,"(c) Vladimir Bryukhov, some rights reserved (CC BY-NC)",2025-08-20,2026-05-10T03:34:13Z,2048x2048,88893e368760e616ff69c4a6168f8d0f, | processed:1024x1024
inaturalist_352744_340805248_620264948,data/processed/moho_verde/inaturalist_352744_340805248_620264948.jpg,moho_verde,inaturalist,https://inaturalist-open-data.s3.amazonaws.com/photos/620264948/original.jpg,352744:340805248:620264948,CC-BY-NC-4.0,"(c) Vladimir Bryukhov, some rights reserved (CC BY-NC)",2025-08-20,2026-05-10T03:34:14Z,2048x2048,21c6f0ad7d6231eb1343456720695cb8, | processed:1024x1024
inaturalist_352744_340805248_620264967,data/processed/moho_verde/inaturalist_352744_340805248_620264967.jpg,moho_verde,inaturalist,https://inaturalist-open-data.s3.amazonaws.com/photos/620264967/original.jpg,352744:340805248:620264967,CC-BY-NC-4.0,"(c) Vladimir Bryukhov, some rights reserved (CC BY-NC)",2025-08-20,2026-05-10T03:34:15Z,2048x2048,ad3c0c8e7cce65b368665bf91d41dacc, | processed:1024x1024
inaturalist_352744_340805248_620264992,data/processed/moho_verde/inaturalist_352744_340805248_620264992.jpg,moho_verde,inaturalist,https://inaturalist-open-data.s3.amazonaws.com/photos/620264992/original.jpg,352744:340805248:620264992,CC-BY-NC-4.0,"(c) Vladimir Bryukhov, some rights reserved (CC BY-NC)",2025-08-20,2026-05-10T03:34:16Z,2048x2048,529af32d1331a33a3c3c1476904dbc22, | processed:1024x1024
inaturalist_352744_340805248_620264979,data/processed/moho_verde/inaturalist_352744_340805248_620264979.jpg,moho_verde,inaturalist,https://inaturalist-open-data.s3.amazonaws.com/photos/620264979/original.jpg,352744:340805248:620264979,CC-BY-NC-4.0,"(c) Vladimir Bryukhov, some rights reserved (CC BY-NC)",2025-08-20,2026-05-10T03:34:17Z,2048x1363,a81f44f134dfc93adaa4297c5ce303e7, | processed:1024x682
inaturalist_352744_340805248_620264988,data/processed/moho_verde/inaturalist_352744_340805248_620264988.jpg,moho_verde,inaturalist,https://inaturalist-open-data.s3.amazonaws.com/photos/620264988/original.jpg,352744:340805248:620264988,CC-BY-NC-4.0,"(c) Vladimir Bryukhov, some rights reserved (CC BY-NC)",2025-08-20,2026-05-10T03:34:18Z,2048x1363,6604ff9d4e61c18b1c29fdbee9a1c11a, | processed:1024x682
inaturalist_352744_340805248_620264944,data/processed/moho_verde/inaturalist_352744_340805248_620264944.jpg,moho_verde,inaturalist,https://inaturalist-open-data.s3.amazonaws.com/photos/620264944/original.jpg,352744:340805248:620264944,CC-BY-NC-4.0,"(c) Vladimir Bryukhov, some rights reserved (CC BY-NC)",2025-08-20,2026-05-10T03:34:19Z,2048x1362,cc8482e258aab455c9776733b456fb68, | processed:1024x681
inaturalist_352744_340805248_620264896,data/processed/moho_verde/inaturalist_352744_340805248_620264896.jpg,moho_verde,inaturalist,https://inaturalist-open-data.s3.amazonaws.com/photos/620264896/original.jpg,352744:340805248:620264896,CC-BY-NC-4.0,"(c) Vladimir Bryukhov, some rights reserved (CC BY-NC)",2025-08-20,2026-05-10T03:34:20Z,2048x1362,1afef421231953b03bf0125789c3537e, | processed:1024x681
inaturalist_352744_340805248_620265004,data/processed/moho_verde/inaturalist_352744_340805248_620265004.jpg,moho_verde,inaturalist,https://inaturalist-open-data.s3.amazonaws.com/photos/620265004/original.jpg,352744:340805248:620265004,CC-BY-NC-4.0,"(c) Vladimir Bryukhov, some rights reserved (CC BY-NC)",2025-08-20,2026-05-10T03:34:21Z,2048x2048,b86edf9070d5ae330aeea47b1e4fc613, | processed:1024x1024
inaturalist_352744_340805248_620264912,data/processed/moho_verde/inaturalist_352744_340805248_620264912.jpg,moho_verde,inaturalist,https://inaturalist-open-data.s3.amazonaws.com/photos/620264912/original.jpg,352744:340805248:620264912,CC-BY-NC-4.0,"(c) Vladimir Bryukhov, some rights reserved (CC BY-NC)",2025-08-20,2026-05-10T03:34:22Z,2048x1363,73805c17774c284371dafb7a489dd766, | processed:1024x682
inaturalist_352744_340805248_620264951,data/processed/moho_verde/inaturalist_352744_340805248_620264951.jpg,moho_verde,inaturalist,https://inaturalist-open-data.s3.amazonaws.com/photos/620264951/original.jpg,352744:340805248:620264951,CC-BY-NC-4.0,"(c) Vladimir Bryukhov, some rights reserved (CC BY-NC)",2025-08-20,2026-05-10T03:34:23Z,2048x1363,2f8adcaf0e277521c0216eb727d8b0ac, | processed:1024x682
inaturalist_352744_340805248_620265000,data/processed/moho_verde/inaturalist_352744_340805248_620265000.jpg,moho_verde,inaturalist,https://inaturalist-open-data.s3.amazonaws.com/photos/620265000/original.jpg,352744:340805248:620265000,CC-BY-NC-4.0,"(c) Vladimir Bryukhov, some rights reserved (CC BY-NC)",2025-08-20,2026-05-10T03:34:24Z,2048x1363,e190b29e3c615d52a74eb6f931fad562, | processed:1024x682
inaturalist_352744_340805248_620264919,data/processed/moho_verde/inaturalist_352744_340805248_620264919.jpg,moho_verde,inaturalist,https://inaturalist-open-data.s3.amazonaws.com/photos/620264919/original.jpg,352744:340805248:620264919,CC-BY-NC-4.0,"(c) Vladimir Bryukhov, some rights reserved (CC BY-NC)",2025-08-20,2026-05-10T03:34:25Z,2048x1362,7def89eb7e28670633fe4b27743a7afe, | processed:1024x681
inaturalist_352744_340805248_620264897,data/processed/moho_verde/inaturalist_352744_340805248_620264897.jpg,moho_verde,inaturalist,https://inaturalist-open-data.s3.amazonaws.com/photos/620264897/original.jpg,352744:340805248:620264897,CC-BY-NC-4.0,"(c) Vladimir Bryukhov, some rights reserved (CC BY-NC)",2025-08-20,2026-05-10T03:34:26Z,2048x1363,05a6061c1b2b9cc072cda62f4bba4aed, | processed:1024x682
inaturalist_352744_340805248_620264917,data/processed/moho_verde/inaturalist_352744_340805248_620264917.jpg,moho_verde,inaturalist,https://inaturalist-open-data.s3.amazonaws.com/photos/620264917/original.jpg,352744:340805248:620264917,CC-BY-NC-4.0,"(c) Vladimir Bryukhov, some rights reserved (CC BY-NC)",2025-08-20,2026-05-10T03:34:27Z,2048x1362,90c92087d793ea42c2e2025b5819ad87, | processed:1024x681
inaturalist_352744_340801970_620450300,data/processed/moho_verde/inaturalist_352744_340801970_620450300.jpg,moho_verde,inaturalist,https://inaturalist-open-data.s3.amazonaws.com/photos/620450300/original.jpg,352744:340801970:620450300,CC-BY-NC-4.0,"(c) Sean Sims, some rights reserved (CC BY-NC)",2026-02-28,2026-05-10T03:34:28Z,1536x2048,a44e0ad20f3292f9fa68fbf3a30faea4, | processed:768x1024
inaturalist_352744_340801970_620450327,data/processed/moho_verde/inaturalist_352744_340801970_620450327.jpg,moho_verde,inaturalist,https://inaturalist-open-data.s3.amazonaws.com/photos/620450327/original.jpg,352744:340801970:620450327,CC-BY-NC-4.0,"(c) Sean Sims, some rights reserved (CC BY-NC)",2026-02-28,2026-05-10T03:34:29Z,1536x2048,f4ed19267bcecab839f9a6662b72af0c, | processed:768x1024
inaturalist_352744_340801970_620450354,data/processed/moho_verde/inaturalist_352744_340801970_620450354.jpg,moho_verde,inaturalist,https://inaturalist-open-data.s3.amazonaws.com/photos/620450354/original.jpg,352744:340801970:620450354,CC-BY-NC-4.0,"(c) Sean Sims, some rights reserved (CC BY-NC)",2026-02-28,2026-05-10T03:34:30Z,1536x2048,9c3b25abac2df583f1bbecafb3c3a449, | processed:768x1024
inaturalist_352744_340546675_619746649,data/processed/moho_verde/inaturalist_352744_340546675_619746649.jpg,moho_verde,inaturalist,https://inaturalist-open-data.s3.amazonaws.com/photos/619746649/original.jpg,352744:340546675:619746649,CC-BY-4.0,"(c) Tom and T Herman, some rights reserved (CC BY)",2026-02-27,2026-05-10T03:34:35Z,1282x2048,f1f6bcce6485fbb405ff32f0b8d4976a, | processed:641x1024
inaturalist_352744_340546675_619746710,data/processed/moho_verde/inaturalist_352744_340546675_619746710.jpg,moho_verde,inaturalist,https://inaturalist-open-data.s3.amazonaws.com/photos/619746710/original.jpg,352744:340546675:619746710,CC-BY-4.0,"(c) Tom and T Herman, some rights reserved (CC BY)",2026-02-27,2026-05-10T03:34:36Z,1542x2048,6f553528334e6d8d8868243ccbf9253e, | processed:771x1024
inaturalist_352744_340546675_619746730,data/processed/moho_verde/inaturalist_352744_340546675_619746730.jpg,moho_verde,inaturalist,https://inaturalist-open-data.s3.amazonaws.com/photos/619746730/original.jpg,352744:340546675:619746730,CC-BY-4.0,"(c) Tom and T Herman, some rights reserved (CC BY)",2026-02-27,2026-05-10T03:34:37Z,1542x2048,dea13e71920d3cbecc7ab2d99212a8bb, | processed:771x1024
inaturalist_352744_339852863_618330033,data/processed/moho_verde/inaturalist_352744_339852863_618330033.jpg,moho_verde,inaturalist,https://inaturalist-open-data.s3.amazonaws.com/photos/618330033/original.jpg,352744:339852863:618330033,CC-BY-NC-4.0,"(c) swampys, some rights reserved (CC BY-NC)",2026-02-23,2026-05-10T03:34:38Z,1536x2048,aaefac87f2e6c8a103df8efb1c093fa0, | processed:768x1024
inaturalist_352744_339852863_618330043,data/processed/moho_verde/inaturalist_352744_339852863_618330043.jpg,moho_verde,inaturalist,https://inaturalist-open-data.s3.amazonaws.com/photos/618330043/original.jpg,352744:339852863:618330043,CC-BY-NC-4.0,"(c) swampys, some rights reserved (CC BY-NC)",2026-02-23,2026-05-10T03:34:39Z,1536x2048,8fc648fc5b0f087487c264226c5427b3, | processed:768x1024
inaturalist_352744_339822917_618266802,data/processed/moho_verde/inaturalist_352744_339822917_618266802.jpg,moho_verde,inaturalist,https://inaturalist-open-data.s3.amazonaws.com/photos/618266802/original.jpg,352744:339822917:618266802,CC-BY-NC-4.0,"(c) Brennon, some rights reserved (CC BY-NC)",2026-02-16,2026-05-10T03:34:40Z,2048x1363,de1996e4caa3c49f12332761a0e1a7b8, | processed:1024x682
inaturalist_352744_339754971_618127027,data/processed/moho_verde/inaturalist_352744_339754971_618127027.jpg,moho_verde,inaturalist,https://inaturalist-open-data.s3.amazonaws.com/photos/618127027/original.jpg,352744:339754971:618127027,CC-BY-NC-4.0,"(c) Taye Bright, some rights reserved (CC BY-NC)",2026-02-21,2026-05-10T03:34:42Z,1536x2048,1ed7487cb7774fc31f9eccecb0f810c3, | processed:768x1024
inaturalist_352744_339754971_618126937,data/processed/moho_verde/inaturalist_352744_339754971_618126937.jpg,moho_verde,inaturalist,https://inaturalist-open-data.s3.amazonaws.com/photos/618126937/original.jpg,352744:339754971:618126937,CC-BY-NC-4.0,"(c) Taye Bright, some rights reserved (CC BY-NC)",2026-02-21,2026-05-10T03:34:43Z,1536x2048,70b1b9c15bd2b85e657af5e255fac57b, | processed:768x1024
inaturalist_352744_339754971_618126985,data/processed/moho_verde/inaturalist_352744_339754971_618126985.jpg,moho_verde,inaturalist,https://inaturalist-open-data.s3.amazonaws.com/photos/618126985/original.jpg,352744:339754971:618126985,CC-BY-NC-4.0,"(c) Taye Bright, some rights reserved (CC BY-NC)",2026-02-21,2026-05-10T03:34:44Z,1536x2048,045bf71080a1d250812805412147fbea, | processed:768x1024
inaturalist_352744_339635373_618117453,data/processed/moho_verde/inaturalist_352744_339635373_618117453.jpg,moho_verde,inaturalist,https://inaturalist-open-data.s3.amazonaws.com/photos/618117453/original.jpg,352744:339635373:618117453,CC0-1.0,no rights reserved,2026-02-21,2026-05-10T03:34:45Z,2048x1733,9f3f3d65c56762ad0c372e5c53c657e4, | processed:1024x866
inaturalist_352744_339635373_617884292,data/processed/moho_verde/inaturalist_352744_339635373_617884292.jpg,moho_verde,inaturalist,https://inaturalist-open-data.s3.amazonaws.com/photos/617884292/original.jpg,352744:339635373:617884292,CC0-1.0,no rights reserved,2026-02-21,2026-05-10T03:34:46Z,1536x2048,360df1e44c999f8618bc856d08cc16c1, | processed:768x1024
inaturalist_352744_339635373_617884178,data/processed/moho_verde/inaturalist_352744_339635373_617884178.jpg,moho_verde,inaturalist,https://inaturalist-open-data.s3.amazonaws.com/photos/617884178/original.jpg,352744:339635373:617884178,CC0-1.0,no rights reserved,2026-02-21,2026-05-10T03:34:47Z,1536x2048,baa6bc8612c925513cb136c2f33e1994, | processed:768x1024
inaturalist_352744_339635373_617884238,data/processed/moho_verde/inaturalist_352744_339635373_617884238.jpg,moho_verde,inaturalist,https://inaturalist-open-data.s3.amazonaws.com/photos/617884238/original.jpg,352744:339635373:617884238,CC0-1.0,no rights reserved,2026-02-21,2026-05-10T03:34:48Z,1536x2048,988ddf8ba4c90145dc02dfe4736a4db7, | processed:768x1024
inaturalist_352744_339635373_617884259,data/processed/moho_verde/inaturalist_352744_339635373_617884259.jpg,moho_verde,inaturalist,https://inaturalist-open-data.s3.amazonaws.com/photos/617884259/original.jpg,352744:339635373:617884259,CC0-1.0,no rights reserved,2026-02-21,2026-05-10T03:34:49Z,1536x2048,01db22bf90b180d3736e30977e03699c, | processed:768x1024
inaturalist_352744_339555360_617775873,data/processed/moho_verde/inaturalist_352744_339555360_617775873.jpg,moho_verde,inaturalist,https://inaturalist-open-data.s3.amazonaws.com/photos/617775873/original.jpg,352744:339555360:617775873,CC-BY-NC-4.0,"(c) Borja Rodríguez-de-Francisco, some rights reserved (CC BY-NC)",2026-02-20,2026-05-10T03:34:50Z,2048x1365,d5e9f75b5f3762dea617627b576ed1f1, | processed:1024x682
inaturalist_352744_339555360_618797345,data/processed/moho_verde/inaturalist_352744_339555360_618797345.jpg,moho_verde,inaturalist,https://inaturalist-open-data.s3.amazonaws.com/photos/618797345/original.jpg,352744:339555360:618797345,CC-BY-NC-4.0,"(c) Borja Rodríguez-de-Francisco, some rights reserved (CC BY-NC)",2026-02-20,2026-05-10T03:34:51Z,2048x1295,0140b41e2c92beae594143979ed5d06a, | processed:1024x648
inaturalist_352744_339555360_618797400,data/processed/moho_verde/inaturalist_352744_339555360_618797400.jpg,moho_verde,inaturalist,https://inaturalist-open-data.s3.amazonaws.com/photos/618797400/original.jpg,352744:339555360:618797400,CC-BY-NC-4.0,"(c) Borja Rodríguez-de-Francisco, some rights reserved (CC BY-NC)",2026-02-20,2026-05-10T03:34:52Z,1456x1456,a63307bbc679adef4de0ee19ad2e141e, | processed:1024x1024
inaturalist_352744_339555360_618797459,data/processed/moho_verde/inaturalist_352744_339555360_618797459.jpg,moho_verde,inaturalist,https://inaturalist-open-data.s3.amazonaws.com/photos/618797459/original.jpg,352744:339555360:618797459,CC-BY-NC-4.0,"(c) Borja Rodríguez-de-Francisco, some rights reserved (CC BY-NC)",2026-02-20,2026-05-10T03:34:53Z,1328x1327,1b0ebf31d69e02939fcbecfde42959fb, | processed:1024x1023
inaturalist_352744_339541201_617698521,data/processed/moho_verde/inaturalist_352744_339541201_617698521.jpg,moho_verde,inaturalist,https://inaturalist-open-data.s3.amazonaws.com/photos/617698521/original.jpg,352744:339541201:617698521,CC-BY-NC-4.0,"(c) jaap_engberts, some rights reserved (CC BY-NC)",2026-02-20,2026-05-10T03:34:54Z,1536x2048,bdf74137c1c6ff448f9ead334e586858, | processed:768x1024
inaturalist_352744_339308190_617224480,data/processed/moho_verde/inaturalist_352744_339308190_617224480.jpg,moho_verde,inaturalist,https://inaturalist-open-data.s3.amazonaws.com/photos/617224480/original.jpg,352744:339308190:617224480,CC-BY-NC-4.0,"(c) georgialea, some rights reserved (CC BY-NC)",2026-02-19,2026-05-10T03:34:55Z,1152x2048,c065fbd021f95254ddf49d84846cefa5, | processed:576x1024
inaturalist_352744_339295878_617200045,data/processed/moho_verde/inaturalist_352744_339295878_617200045.jpg,moho_verde,inaturalist,https://inaturalist-open-data.s3.amazonaws.com/photos/617200045/original.jpg,352744:339295878:617200045,CC-BY-4.0,"(c) Heather Alice-Grace Orchard, some rights reserved (CC BY)",2026-02-19,2026-05-10T03:34:56Z,1542x2048,405a67507e3e02e9304fe697f87866f5, | processed:771x1024
inaturalist_352744_339295878_617200072,data/processed/moho_verde/inaturalist_352744_339295878_617200072.jpg,moho_verde,inaturalist,https://inaturalist-open-data.s3.amazonaws.com/photos/617200072/original.jpg,352744:339295878:617200072,CC-BY-4.0,"(c) Heather Alice-Grace Orchard, some rights reserved (CC BY)",2026-02-19,2026-05-10T03:34:57Z,1542x2048,80db108698626817f1f6e99a65020b43, | processed:771x1024
inaturalist_352744_339295878_617200122,data/processed/moho_verde/inaturalist_352744_339295878_617200122.jpg,moho_verde,inaturalist,https://inaturalist-open-data.s3.amazonaws.com/photos/617200122/original.jpg,352744:339295878:617200122,CC-BY-4.0,"(c) Heather Alice-Grace Orchard, some rights reserved (CC BY)",2026-02-19,2026-05-10T03:34:58Z,1542x2048,24c121bd9ed606bbcfff1b9b98d630fb, | processed:771x1024
inaturalist_352744_339136403_616869441,data/processed/moho_verde/inaturalist_352744_339136403_616869441.jpg,moho_verde,inaturalist,https://inaturalist-open-data.s3.amazonaws.com/photos/616869441/original.jpg,352744:339136403:616869441,CC-BY-NC-4.0,"(c) nozaki_reiji, some rights reserved (CC BY-NC)",2020-10-26,2026-05-10T03:34:59Z,2048x1365,1510618b7781080c7ddf61462e23a267, | processed:1024x682
inaturalist_352744_339136403_616869642,data/processed/moho_verde/inaturalist_352744_339136403_616869642.jpg,moho_verde,inaturalist,https://inaturalist-open-data.s3.amazonaws.com/photos/616869642/original.jpg,352744:339136403:616869642,CC-BY-NC-4.0,"(c) nozaki_reiji, some rights reserved (CC BY-NC)",2020-10-26,2026-05-10T03:35:00Z,2048x1365,0b8552d4c2ebd1667184aedf0f5637f3, | processed:1024x682
inaturalist_352744_339047483_616684850,data/processed/moho_verde/inaturalist_352744_339047483_616684850.jpg,moho_verde,inaturalist,https://inaturalist-open-data.s3.amazonaws.com/photos/616684850/original.jpg,352744:339047483:616684850,CC-BY-4.0,"(c) yellowplant, some rights reserved (CC BY)",2026-02-17,2026-05-10T03:35:01Z,1152x2048,b81839aa9b9abb80c67ae5ae8c82bf88, | processed:576x1024
inaturalist_352744_339047483_616684866,data/processed/moho_verde/inaturalist_352744_339047483_616684866.jpg,moho_verde,inaturalist,https://inaturalist-open-data.s3.amazonaws.com/photos/616684866/original.jpg,352744:339047483:616684866,CC-BY-4.0,"(c) yellowplant, some rights reserved (CC BY)",2026-02-17,2026-05-10T03:35:02Z,1152x2048,c351383236669b8226db1bf10a284b41, | processed:576x1024
inaturalist_352744_339047483_616684894,data/processed/moho_verde/inaturalist_352744_339047483_616684894.jpg,moho_verde,inaturalist,https://inaturalist-open-data.s3.amazonaws.com/photos/616684894/original.jpg,352744:339047483:616684894,CC-BY-4.0,"(c) yellowplant, some rights reserved (CC BY)",2026-02-17,2026-05-10T03:35:03Z,1229x2048,ada2bdf0305a80f2eba7493d062c1392, | processed:614x1024
inaturalist_352744_339047483_616684916,data/processed/moho_verde/inaturalist_352744_339047483_616684916.jpg,moho_verde,inaturalist,https://inaturalist-open-data.s3.amazonaws.com/photos/616684916/original.jpg,352744:339047483:616684916,CC-BY-4.0,"(c) yellowplant, some rights reserved (CC BY)",2026-02-17,2026-05-10T03:35:04Z,1152x2048,0611ed5bd94439645024251bc997f060, | processed:576x1024
inaturalist_352744_338207902_614996605,data/processed/moho_verde/inaturalist_352744_338207902_614996605.jpg,moho_verde,inaturalist,https://inaturalist-open-data.s3.amazonaws.com/photos/614996605/original.jpg,352744:338207902:614996605,CC-BY-4.0,"(c) yellowplant, some rights reserved (CC BY)",2026-02-11,2026-05-10T03:35:09Z,1152x2048,e3081b3351481932ff863d73fa7136d4, | processed:576x1024
inaturalist_352744_338207902_614996627,data/processed/moho_verde/inaturalist_352744_338207902_614996627.jpg,moho_verde,inaturalist,https://inaturalist-open-data.s3.amazonaws.com/photos/614996627/original.jpg,352744:338207902:614996627,CC-BY-4.0,"(c) yellowplant, some rights reserved (CC BY)",2026-02-11,2026-05-10T03:35:10Z,2048x1152,5e88d7135801d5a78b45378f9d9ab927, | processed:1024x576
inaturalist_352744_338207902_614996644,data/processed/moho_verde/inaturalist_352744_338207902_614996644.jpg,moho_verde,inaturalist,https://inaturalist-open-data.s3.amazonaws.com/photos/614996644/original.jpg,352744:338207902:614996644,CC-BY-4.0,"(c) yellowplant, some rights reserved (CC BY)",2026-02-11,2026-05-10T03:35:11Z,844x1160,5d4436ccb265f4ae976612fd7826e926, | processed:745x1024
inaturalist_352744_337294788_613115817,data/processed/moho_verde/inaturalist_352744_337294788_613115817.jpg,moho_verde,inaturalist,https://inaturalist-open-data.s3.amazonaws.com/photos/613115817/original.jpg,352744:337294788:613115817,CC-BY-NC-4.0,"(c) freesiahsu, some rights reserved (CC BY-NC)",2024-08-25,2026-05-10T03:35:16Z,1536x2048,d68d7d6024c564da921b06ee818c9779, | processed:768x1024
inaturalist_352744_337294788_613115827,data/processed/moho_verde/inaturalist_352744_337294788_613115827.jpg,moho_verde,inaturalist,https://inaturalist-open-data.s3.amazonaws.com/photos/613115827/original.jpg,352744:337294788:613115827,CC-BY-NC-4.0,"(c) freesiahsu, some rights reserved (CC BY-NC)",2024-08-25,2026-05-10T03:35:17Z,1536x2048,788c45396b3e9a4ca3dd4c2a118808b3, | processed:768x1024
inaturalist_352744_337261529_613054900,data/processed/moho_verde/inaturalist_352744_337261529_613054900.jpg,moho_verde,inaturalist,https://inaturalist-open-data.s3.amazonaws.com/photos/613054900/original.jpg,352744:337261529:613054900,CC-BY-NC-4.0,"(c) Mirkka Noro, some rights reserved (CC BY-NC)",2025-11-15,2026-05-10T03:35:18Z,1136x2048,06af1a336cb8664a624e117c57181a24, | processed:568x1024
inaturalist_352744_337261529_613054926,data/processed/moho_verde/inaturalist_352744_337261529_613054926.jpg,moho_verde,inaturalist,https://inaturalist-open-data.s3.amazonaws.com/photos/613054926/original.jpg,352744:337261529:613054926,CC-BY-NC-4.0,"(c) Mirkka Noro, some rights reserved (CC BY-NC)",2025-11-15,2026-05-10T03:35:19Z,1692x2048,fa165519ce79184309a44ff7d0b75c6f, | processed:846x1024
inaturalist_352744_337261529_613054949,data/processed/moho_verde/inaturalist_352744_337261529_613054949.jpg,moho_verde,inaturalist,https://inaturalist-open-data.s3.amazonaws.com/photos/613054949/original.jpg,352744:337261529:613054949,CC-BY-NC-4.0,"(c) Mirkka Noro, some rights reserved (CC BY-NC)",2025-11-15,2026-05-10T03:35:20Z,923x2048,00dfc1ee677cf7a6daf040debc65a668, | processed:462x1024
inaturalist_352744_337261529_613054974,data/processed/moho_verde/inaturalist_352744_337261529_613054974.jpg,moho_verde,inaturalist,https://inaturalist-open-data.s3.amazonaws.com/photos/613054974/original.jpg,352744:337261529:613054974,CC-BY-NC-4.0,"(c) Mirkka Noro, some rights reserved (CC BY-NC)",2025-11-15,2026-05-10T03:35:21Z,1027x2048,7402e519a11adb20e470b3e3052d3e1c, | processed:514x1024
inaturalist_352744_337261529_613054991,data/processed/moho_verde/inaturalist_352744_337261529_613054991.jpg,moho_verde,inaturalist,https://inaturalist-open-data.s3.amazonaws.com/photos/613054991/original.jpg,352744:337261529:613054991,CC-BY-NC-4.0,"(c) Mirkka Noro, some rights reserved (CC BY-NC)",2025-11-15,2026-05-10T03:35:22Z,1032x2048,c01a2598c5c048b9cd5df1516c1ae6ce, | processed:516x1024
inaturalist_352744_336950581_612423095,data/processed/moho_verde/inaturalist_352744_336950581_612423095.jpg,moho_verde,inaturalist,https://inaturalist-open-data.s3.amazonaws.com/photos/612423095/original.jpg,352744:336950581:612423095,CC-BY-NC-4.0,"(c) Simon, some rights reserved (CC BY-NC)",2026-01-20,2026-05-10T03:35:23Z,1536x2048,f8af771174f8a8ba4e6a11224ebff5ec, | processed:768x1024
inaturalist_352744_336950581_612423111,data/processed/moho_verde/inaturalist_352744_336950581_612423111.jpg,moho_verde,inaturalist,https://inaturalist-open-data.s3.amazonaws.com/photos/612423111/original.jpg,352744:336950581:612423111,CC-BY-NC-4.0,"(c) Simon, some rights reserved (CC BY-NC)",2026-01-20,2026-05-10T03:35:24Z,2048x1536,c17a711850075095ed50e6b434efad2b, | processed:1024x768
inaturalist_352744_336950581_612423121,data/processed/moho_verde/inaturalist_352744_336950581_612423121.jpg,moho_verde,inaturalist,https://inaturalist-open-data.s3.amazonaws.com/photos/612423121/original.jpg,352744:336950581:612423121,CC-BY-NC-4.0,"(c) Simon, some rights reserved (CC BY-NC)",2026-01-20,2026-05-10T03:35:25Z,1536x2048,091638c3e29285d86d8495aa3822134d, | processed:768x1024
inaturalist_352744_336950581_612423129,data/processed/moho_verde/inaturalist_352744_336950581_612423129.jpg,moho_verde,inaturalist,https://inaturalist-open-data.s3.amazonaws.com/photos/612423129/original.jpg,352744:336950581:612423129,CC-BY-NC-4.0,"(c) Simon, some rights reserved (CC BY-NC)",2026-01-20,2026-05-10T03:35:26Z,1092x1456,f6fd771e9b905455aa2656ed232adb9a, | processed:768x1024
inaturalist_352744_336926704_612375166,data/processed/moho_verde/inaturalist_352744_336926704_612375166.jpg,moho_verde,inaturalist,https://inaturalist-open-data.s3.amazonaws.com/photos/612375166/original.jpg,352744:336926704:612375166,CC-BY-NC-4.0,"(c) Heidi, some rights reserved (CC BY-NC)",2025-06-22,2026-05-10T03:35:27Z,1024x768,c3a3812f109e8d86bc862b418bd1c39b, | processed:1024x768
inaturalist_352744_336926704_612375177,data/processed/moho_verde/inaturalist_352744_336926704_612375177.jpg,moho_verde,inaturalist,https://inaturalist-open-data.s3.amazonaws.com/photos/612375177/original.jpg,352744:336926704:612375177,CC-BY-NC-4.0,"(c) Heidi, some rights reserved (CC BY-NC)",2025-06-22,2026-05-10T03:35:28Z,1024x768,b052a5b26e6b26609523144b7b93040d, | processed:1024x768
inaturalist_352744_336893818_612299808,data/processed/moho_verde/inaturalist_352744_336893818_612299808.jpg,moho_verde,inaturalist,https://inaturalist-open-data.s3.amazonaws.com/photos/612299808/original.jpg,352744:336893818:612299808,CC0-1.0,no rights reserved,2026-01-31,2026-05-10T03:35:29Z,2048x1536,ca60f5d9fc17ade0b7f9342200c7beda, | processed:1024x768
inaturalist_352744_336893818_612299846,data/processed/moho_verde/inaturalist_352744_336893818_612299846.jpg,moho_verde,inaturalist,https://inaturalist-open-data.s3.amazonaws.com/photos/612299846/original.jpg,352744:336893818:612299846,CC0-1.0,no rights reserved,2026-01-31,2026-05-10T03:35:30Z,2048x1536,245ccb7f4ed150d08f575a32ccf5f24a, | processed:1024x768
inaturalist_352744_336893818_612299856,data/processed/moho_verde/inaturalist_352744_336893818_612299856.jpg,moho_verde,inaturalist,https://inaturalist-open-data.s3.amazonaws.com/photos/612299856/original.jpg,352744:336893818:612299856,CC0-1.0,no rights reserved,2026-01-31,2026-05-10T03:35:31Z,2048x1536,9fdcd1db20aabbb030d7c13c3cc0ca22, | processed:1024x768
inaturalist_352744_336893818_612299798,data/processed/moho_verde/inaturalist_352744_336893818_612299798.jpg,moho_verde,inaturalist,https://inaturalist-open-data.s3.amazonaws.com/photos/612299798/original.jpg,352744:336893818:612299798,CC0-1.0,no rights reserved,2026-01-31,2026-05-10T03:35:32Z,2048x1536,e780eadc09e9ce936ebba518293c12bb, | processed:1024x768
inaturalist_352744_336893818_612299792,data/processed/moho_verde/inaturalist_352744_336893818_612299792.jpg,moho_verde,inaturalist,https://inaturalist-open-data.s3.amazonaws.com/photos/612299792/original.jpg,352744:336893818:612299792,CC0-1.0,no rights reserved,2026-01-31,2026-05-10T03:35:33Z,1536x2048,3b4861d095d827c91ea7f2ea7703a9da, | processed:768x1024
inaturalist_352744_336525040_611552455,data/processed/moho_verde/inaturalist_352744_336525040_611552455.jpg,moho_verde,inaturalist,https://inaturalist-open-data.s3.amazonaws.com/photos/611552455/original.jpg,352744:336525040:611552455,CC-BY-NC-4.0,"(c) Silverado Jim, some rights reserved (CC BY-NC)",2026-01-28,2026-05-10T03:35:34Z,2048x1536,f3bcc38357b34401925efae524c38174, | processed:1024x768
inaturalist_352744_336525040_611552474,data/processed/moho_verde/inaturalist_352744_336525040_611552474.jpg,moho_verde,inaturalist,https://inaturalist-open-data.s3.amazonaws.com/photos/611552474/original.jpg,352744:336525040:611552474,CC-BY-NC-4.0,"(c) Silverado Jim, some rights reserved (CC BY-NC)",2026-01-28,2026-05-10T03:35:35Z,2048x1536,a3b0754a012ff1330c48444d6af223aa, | processed:1024x768
inaturalist_352744_336398440_611292578,data/processed/moho_verde/inaturalist_352744_336398440_611292578.jpg,moho_verde,inaturalist,https://inaturalist-open-data.s3.amazonaws.com/photos/611292578/original.jpg,352744:336398440:611292578,CC-BY-NC-4.0,"(c) Elora, some rights reserved (CC BY-NC)",2026-01-25,2026-05-10T03:35:37Z,2048x1536,97508458efb33752497ef317a3e44112, | processed:1024x768
inaturalist_352744_336398440_611292564,data/processed/moho_verde/inaturalist_352744_336398440_611292564.jpg,moho_verde,inaturalist,https://inaturalist-open-data.s3.amazonaws.com/photos/611292564/original.jpg,352744:336398440:611292564,CC-BY-NC-4.0,"(c) Elora, some rights reserved (CC BY-NC)",2026-01-25,2026-05-10T03:35:38Z,2048x1536,f8013b105db2fd7fa7902121cb1c3653, | processed:1024x768
inaturalist_352744_336398440_611292589,data/processed/moho_verde/inaturalist_352744_336398440_611292589.jpg,moho_verde,inaturalist,https://inaturalist-open-data.s3.amazonaws.com/photos/611292589/original.jpg,352744:336398440:611292589,CC-BY-NC-4.0,"(c) Elora, some rights reserved (CC BY-NC)",2026-01-25,2026-05-10T03:35:39Z,2048x1536,d7536e3abe9750dcb19469d97e21486f, | processed:1024x768
inaturalist_352744_336398440_611292592,data/processed/moho_verde/inaturalist_352744_336398440_611292592.jpg,moho_verde,inaturalist,https://inaturalist-open-data.s3.amazonaws.com/photos/611292592/original.jpg,352744:336398440:611292592,CC-BY-NC-4.0,"(c) Elora, some rights reserved (CC BY-NC)",2026-01-25,2026-05-10T03:35:40Z,2048x1536,f9903b531ac85074f23a3a8eb8cd1735, | processed:1024x768
inaturalist_352744_336264170_611026994,data/processed/moho_verde/inaturalist_352744_336264170_611026994.jpg,moho_verde,inaturalist,https://inaturalist-open-data.s3.amazonaws.com/photos/611026994/original.jpg,352744:336264170:611026994,CC-BY-4.0,"(c) joqatana, some rights reserved (CC BY)",2026-01-25,2026-05-10T03:35:41Z,1536x2048,6a4d386be7682a6fe52724738888e898, | processed:768x1024
inaturalist_352744_336264170_611027009,data/processed/moho_verde/inaturalist_352744_336264170_611027009.jpg,moho_verde,inaturalist,https://inaturalist-open-data.s3.amazonaws.com/photos/611027009/original.jpg,352744:336264170:611027009,CC-BY-4.0,"(c) joqatana, some rights reserved (CC BY)",2026-01-25,2026-05-10T03:35:42Z,1536x2048,0232e328f54b5740334661f3a43eafc9, | processed:768x1024
inaturalist_352744_336264170_611027024,data/processed/moho_verde/inaturalist_352744_336264170_611027024.jpg,moho_verde,inaturalist,https://inaturalist-open-data.s3.amazonaws.com/photos/611027024/original.jpg,352744:336264170:611027024,CC-BY-4.0,"(c) joqatana, some rights reserved (CC BY)",2026-01-25,2026-05-10T03:35:43Z,1536x2048,c44d8030a14fce7e9258a0a748a2de67, | processed:768x1024
inaturalist_352744_336264170_611027042,data/processed/moho_verde/inaturalist_352744_336264170_611027042.jpg,moho_verde,inaturalist,https://inaturalist-open-data.s3.amazonaws.com/photos/611027042/original.jpg,352744:336264170:611027042,CC-BY-4.0,"(c) joqatana, some rights reserved (CC BY)",2026-01-25,2026-05-10T03:35:44Z,1536x2048,60042435f7ef11d243ba2f4149397546, | processed:768x1024
inaturalist_352744_336264170_611027065,data/processed/moho_verde/inaturalist_352744_336264170_611027065.jpg,moho_verde,inaturalist,https://inaturalist-open-data.s3.amazonaws.com/photos/611027065/original.jpg,352744:336264170:611027065,CC-BY-4.0,"(c) joqatana, some rights reserved (CC BY)",2026-01-25,2026-05-10T03:35:45Z,1536x2048,f40bbd861d5da5460632fdb5bf298023, | processed:768x1024
inaturalist_352744_336116760_610733186,data/processed/moho_verde/inaturalist_352744_336116760_610733186.jpg,moho_verde,inaturalist,https://inaturalist-open-data.s3.amazonaws.com/photos/610733186/original.jpg,352744:336116760:610733186,CC-BY-NC-4.0,"(c) Jan Thornhill, some rights reserved (CC BY-NC)",2024-08-26,2026-05-10T03:35:57Z,2048x1536,ab3b77113fccf7f482ebb091819152c6, | processed:1024x768
inaturalist_352744_336116760_610733130,data/processed/moho_verde/inaturalist_352744_336116760_610733130.jpg,moho_verde,inaturalist,https://inaturalist-open-data.s3.amazonaws.com/photos/610733130/original.jpg,352744:336116760:610733130,CC-BY-NC-4.0,"(c) Jan Thornhill, some rights reserved (CC BY-NC)",2024-08-26,2026-05-10T03:35:58Z,2048x1536,59760f216f377fc6efcd327b06d00eb6, | processed:1024x768
inaturalist_352744_335949284_610401169,data/processed/moho_verde/inaturalist_352744_335949284_610401169.jpg,moho_verde,inaturalist,https://inaturalist-open-data.s3.amazonaws.com/photos/610401169/original.jpg,352744:335949284:610401169,CC-BY-NC-4.0,"(c) Ben Griffiths, some rights reserved (CC BY-NC)",2026-01-24,2026-05-10T03:35:59Z,720x1600,9822991989566d6c1df7f7ccb1a4ffc3, | processed:461x1024
inaturalist_352744_335949284_610401197,data/processed/moho_verde/inaturalist_352744_335949284_610401197.jpg,moho_verde,inaturalist,https://inaturalist-open-data.s3.amazonaws.com/photos/610401197/original.jpg,352744:335949284:610401197,CC-BY-NC-4.0,"(c) Ben Griffiths, some rights reserved (CC BY-NC)",2026-01-24,2026-05-10T03:36:00Z,921x2048,202ea9815d3d839f52d363d396618599, | processed:460x1024
inaturalist_352744_335949284_610401218,data/processed/moho_verde/inaturalist_352744_335949284_610401218.jpg,moho_verde,inaturalist,https://inaturalist-open-data.s3.amazonaws.com/photos/610401218/original.jpg,352744:335949284:610401218,CC-BY-NC-4.0,"(c) Ben Griffiths, some rights reserved (CC BY-NC)",2026-01-24,2026-05-10T03:36:01Z,921x2048,cce0aceb98ac425bf33dcd03646d8502, | processed:460x1024
inaturalist_352744_335949284_610401245,data/processed/moho_verde/inaturalist_352744_335949284_610401245.jpg,moho_verde,inaturalist,https://inaturalist-open-data.s3.amazonaws.com/photos/610401245/original.jpg,352744:335949284:610401245,CC-BY-NC-4.0,"(c) Ben Griffiths, some rights reserved (CC BY-NC)",2026-01-24,2026-05-10T03:36:02Z,921x2048,b744c9fd719a16876d38bf2a4478b0d6, | processed:460x1024
inaturalist_352744_335949284_610401262,data/processed/moho_verde/inaturalist_352744_335949284_610401262.jpg,moho_verde,inaturalist,https://inaturalist-open-data.s3.amazonaws.com/photos/610401262/original.jpg,352744:335949284:610401262,CC-BY-NC-4.0,"(c) Ben Griffiths, some rights reserved (CC BY-NC)",2026-01-24,2026-05-10T03:36:03Z,720x1600,b73e1062e87e57bf48a5164ca3fb35f8, | processed:461x1024
inaturalist_352744_335949284_610401273,data/processed/moho_verde/inaturalist_352744_335949284_610401273.jpg,moho_verde,inaturalist,https://inaturalist-open-data.s3.amazonaws.com/photos/610401273/original.jpg,352744:335949284:610401273,CC-BY-NC-4.0,"(c) Ben Griffiths, some rights reserved (CC BY-NC)",2026-01-24,2026-05-10T03:36:04Z,720x1600,869eb1de2a808ec75d88ea197fd6889b, | processed:461x1024
inaturalist_352744_335865260_610234666,data/processed/moho_verde/inaturalist_352744_335865260_610234666.jpg,moho_verde,inaturalist,https://inaturalist-open-data.s3.amazonaws.com/photos/610234666/original.jpg,352744:335865260:610234666,CC-BY-NC-4.0,"(c) mjneuman1960, some rights reserved (CC BY-NC)",2026-01-23,2026-05-10T03:36:05Z,2048x1536,48bd34a399ed4f207855022686991279, | processed:1024x768
inaturalist_352744_335865260_610234672,data/processed/moho_verde/inaturalist_352744_335865260_610234672.jpg,moho_verde,inaturalist,https://inaturalist-open-data.s3.amazonaws.com/photos/610234672/original.jpg,352744:335865260:610234672,CC-BY-NC-4.0,"(c) mjneuman1960, some rights reserved (CC BY-NC)",2026-01-23,2026-05-10T03:36:06Z,2048x1536,fb1ed5a03141497d7e1b4ee5fb721585, | processed:1024x768
inaturalist_352744_335575475_609648914,data/processed/moho_verde/inaturalist_352744_335575475_609648914.jpg,moho_verde,inaturalist,https://inaturalist-open-data.s3.amazonaws.com/photos/609648914/original.jpg,352744:335575475:609648914,CC-BY-NC-4.0,"(c) Matt Saunders, some rights reserved (CC BY-NC)",2026-01-21,2026-05-10T03:36:09Z,768x1024,03ff37859adb763f4ae52b069aafb19d, | processed:768x1024
inaturalist_352744_335575475_609648926,data/processed/moho_verde/inaturalist_352744_335575475_609648926.jpg,moho_verde,inaturalist,https://inaturalist-open-data.s3.amazonaws.com/photos/609648926/original.jpg,352744:335575475:609648926,CC-BY-NC-4.0,"(c) Matt Saunders, some rights reserved (CC BY-NC)",2026-01-21,2026-05-10T03:36:10Z,693x921,6aef99b034fc246a1535937015ab90ed, | processed:693x921
inaturalist_352744_335575475_609646041,data/processed/moho_verde/inaturalist_352744_335575475_609646041.jpg,moho_verde,inaturalist,https://inaturalist-open-data.s3.amazonaws.com/photos/609646041/original.jpg,352744:335575475:609646041,CC-BY-NC-4.0,"(c) Matt Saunders, some rights reserved (CC BY-NC)",2026-01-21,2026-05-10T03:36:11Z,1530x2048,867805071a5a17af96a055adb31550a8, | processed:765x1024
inaturalist_352744_335575475_609648931,data/processed/moho_verde/inaturalist_352744_335575475_609648931.jpg,moho_verde,inaturalist,https://inaturalist-open-data.s3.amazonaws.com/photos/609648931/original.jpg,352744:335575475:609648931,CC-BY-NC-4.0,"(c) Matt Saunders, some rights reserved (CC BY-NC)",2026-01-21,2026-05-10T03:36:12Z,1024x766,193bccd3bb203fd5193c6c970ec7aabe, | processed:1024x766
inaturalist_352744_335575475_609646057,data/processed/moho_verde/inaturalist_352744_335575475_609646057.jpg,moho_verde,inaturalist,https://inaturalist-open-data.s3.amazonaws.com/photos/609646057/original.jpg,352744:335575475:609646057,CC-BY-NC-4.0,"(c) Matt Saunders, some rights reserved (CC BY-NC)",2026-01-21,2026-05-10T03:36:13Z,2048x1536,c3ca2344c21635176df8cceb0bf14468, | processed:1024x768
inaturalist_352744_335575475_609646079,data/processed/moho_verde/inaturalist_352744_335575475_609646079.jpg,moho_verde,inaturalist,https://inaturalist-open-data.s3.amazonaws.com/photos/609646079/original.jpg,352744:335575475:609646079,CC-BY-NC-4.0,"(c) Matt Saunders, some rights reserved (CC BY-NC)",2026-01-21,2026-05-10T03:36:14Z,2048x1536,ce99b554fe8152b61292601a4d034a64, | processed:1024x768
inaturalist_352744_335420043_609333389,data/processed/moho_verde/inaturalist_352744_335420043_609333389.jpg,moho_verde,inaturalist,https://inaturalist-open-data.s3.amazonaws.com/photos/609333389/original.jpg,352744:335420043:609333389,CC-BY-NC-4.0,"(c) Joe MacIndewar, some rights reserved (CC BY-NC)",2026-01-18,2026-05-10T03:36:18Z,2048x1536,e590a8a20b508375f5c83d4555223478, | processed:1024x768
inaturalist_352744_335420043_609333406,data/processed/moho_verde/inaturalist_352744_335420043_609333406.jpg,moho_verde,inaturalist,https://inaturalist-open-data.s3.amazonaws.com/photos/609333406/original.jpg,352744:335420043:609333406,CC-BY-NC-4.0,"(c) Joe MacIndewar, some rights reserved (CC BY-NC)",2026-01-18,2026-05-10T03:36:19Z,2048x1536,fa95d3ac0335015c9321d3c735650d8d, | processed:1024x768
inaturalist_352744_335420043_609333428,data/processed/moho_verde/inaturalist_352744_335420043_609333428.jpg,moho_verde,inaturalist,https://inaturalist-open-data.s3.amazonaws.com/photos/609333428/original.jpg,352744:335420043:609333428,CC-BY-NC-4.0,"(c) Joe MacIndewar, some rights reserved (CC BY-NC)",2026-01-18,2026-05-10T03:36:20Z,2048x1536,10f0b2b2381f0200eb107e66b4bd06a1, | processed:1024x768
inaturalist_352744_335420043_609333448,data/processed/moho_verde/inaturalist_352744_335420043_609333448.jpg,moho_verde,inaturalist,https://inaturalist-open-data.s3.amazonaws.com/photos/609333448/original.jpg,352744:335420043:609333448,CC-BY-NC-4.0,"(c) Joe MacIndewar, some rights reserved (CC BY-NC)",2026-01-18,2026-05-10T03:36:21Z,2048x1536,f5658b962b463ade797b3e40539c221a, | processed:1024x768
inaturalist_352744_335420043_609333467,data/processed/moho_verde/inaturalist_352744_335420043_609333467.jpg,moho_verde,inaturalist,https://inaturalist-open-data.s3.amazonaws.com/photos/609333467/original.jpg,352744:335420043:609333467,CC-BY-NC-4.0,"(c) Joe MacIndewar, some rights reserved (CC BY-NC)",2026-01-18,2026-05-10T03:36:22Z,2048x1536,2ffd49c89a8c43f099834a1ca45a7d98, | processed:1024x768
inaturalist_352744_335222125_608936722,data/processed/moho_verde/inaturalist_352744_335222125_608936722.jpg,moho_verde,inaturalist,https://inaturalist-open-data.s3.amazonaws.com/photos/608936722/original.jpg,352744:335222125:608936722,CC-BY-NC-4.0,"(c) mpearlstein, some rights reserved (CC BY-NC)",2026-01-17,2026-05-10T03:36:23Z,1536x2048,852d5f5f468abc41d542c9c82bca2628, | processed:768x1024
inaturalist_352744_335222125_608936742,data/processed/moho_verde/inaturalist_352744_335222125_608936742.jpg,moho_verde,inaturalist,https://inaturalist-open-data.s3.amazonaws.com/photos/608936742/original.jpg,352744:335222125:608936742,CC-BY-NC-4.0,"(c) mpearlstein, some rights reserved (CC BY-NC)",2026-01-17,2026-05-10T03:36:24Z,1536x2048,3349ad011652d43e5e18e53f797720e9, | processed:768x1024
inaturalist_352744_335023418_608536560,data/processed/moho_verde/inaturalist_352744_335023418_608536560.jpg,moho_verde,inaturalist,https://inaturalist-open-data.s3.amazonaws.com/photos/608536560/original.jpg,352744:335023418:608536560,CC-BY-4.0,"(c) Melissa Meadows, some rights reserved (CC BY)",2026-01-16,2026-05-10T03:36:25Z,1536x2048,879b87f2a3d12b81f25fd3deee2694e4, | processed:768x1024
inaturalist_352744_335023418_608536565,data/processed/moho_verde/inaturalist_352744_335023418_608536565.jpg,moho_verde,inaturalist,https://inaturalist-open-data.s3.amazonaws.com/photos/608536565/original.jpg,352744:335023418:608536565,CC-BY-4.0,"(c) Melissa Meadows, some rights reserved (CC BY)",2026-01-16,2026-05-10T03:36:26Z,2048x1536,49b333bb1d8c0efcfc3fc32af533aa3d, | processed:1024x768
inaturalist_352744_335023418_608536571,data/processed/moho_verde/inaturalist_352744_335023418_608536571.jpg,moho_verde,inaturalist,https://inaturalist-open-data.s3.amazonaws.com/photos/608536571/original.jpg,352744:335023418:608536571,CC-BY-4.0,"(c) Melissa Meadows, some rights reserved (CC BY)",2026-01-16,2026-05-10T03:36:27Z,2048x1536,64002ec2959b6abc5afd7b112c4a0c08, | processed:1024x768
inaturalist_352744_335001501_608485060,data/processed/moho_verde/inaturalist_352744_335001501_608485060.jpg,moho_verde,inaturalist,https://inaturalist-open-data.s3.amazonaws.com/photos/608485060/original.jpg,352744:335001501:608485060,CC-BY-NC-4.0,"(c) WhiSh, some rights reserved (CC BY-NC)",2026-01-15,2026-05-10T03:36:33Z,1536x2048,9e358efc557b15c1f150a0194535e228, | processed:768x1024
inaturalist_352744_335001501_608485166,data/processed/moho_verde/inaturalist_352744_335001501_608485166.jpg,moho_verde,inaturalist,https://inaturalist-open-data.s3.amazonaws.com/photos/608485166/original.jpg,352744:335001501:608485166,CC-BY-NC-4.0,"(c) WhiSh, some rights reserved (CC BY-NC)",2026-01-15,2026-05-10T03:36:34Z,1536x2048,01bd5f088103089c2ab1ab914860670f, | processed:768x1024
inaturalist_352744_335001501_608485429,data/processed/moho_verde/inaturalist_352744_335001501_608485429.jpg,moho_verde,inaturalist,https://inaturalist-open-data.s3.amazonaws.com/photos/608485429/original.jpg,352744:335001501:608485429,CC-BY-NC-4.0,"(c) WhiSh, some rights reserved (CC BY-NC)",2026-01-15,2026-05-10T03:36:35Z,1536x2048,f5eeabbbf459c08cfb3c24f0d4d7c7a0, | processed:768x1024
inaturalist_352744_335001501_608485833,data/processed/moho_verde/inaturalist_352744_335001501_608485833.jpg,moho_verde,inaturalist,https://inaturalist-open-data.s3.amazonaws.com/photos/608485833/original.jpg,352744:335001501:608485833,CC-BY-NC-4.0,"(c) WhiSh, some rights reserved (CC BY-NC)",2026-01-15,2026-05-10T03:36:36Z,1536x2048,a417f28adaee3f48c8d3ebcaebfe0111, | processed:768x1024
inaturalist_352744_335001501_608485332,data/processed/moho_verde/inaturalist_352744_335001501_608485332.jpg,moho_verde,inaturalist,https://inaturalist-open-data.s3.amazonaws.com/photos/608485332/original.jpg,352744:335001501:608485332,CC-BY-NC-4.0,"(c) WhiSh, some rights reserved (CC BY-NC)",2026-01-15,2026-05-10T03:36:37Z,1536x2048,317b4ebaec6d23c01b88469d0891e5aa, | processed:768x1024
inaturalist_352744_335001501_608486313,data/processed/moho_verde/inaturalist_352744_335001501_608486313.jpg,moho_verde,inaturalist,https://inaturalist-open-data.s3.amazonaws.com/photos/608486313/original.jpg,352744:335001501:608486313,CC-BY-NC-4.0,"(c) WhiSh, some rights reserved (CC BY-NC)",2026-01-15,2026-05-10T03:36:38Z,1536x2048,75befdbc83ae5cc7fb2b9f1a7b361b20, | processed:768x1024
inaturalist_352744_334999022_608484708,data/processed/moho_verde/inaturalist_352744_334999022_608484708.jpg,moho_verde,inaturalist,https://inaturalist-open-data.s3.amazonaws.com/photos/608484708/original.jpg,352744:334999022:608484708,CC-BY-NC-4.0,"(c) Paulo Acevedo, some rights reserved (CC BY-NC)",2025-07-18,2026-05-10T03:36:39Z,2048x1536,e7d7150436e6c9c04105343fb477faab, | processed:1024x768
inaturalist_352744_334728675_607928818,data/processed/moho_verde/inaturalist_352744_334728675_607928818.jpg,moho_verde,inaturalist,https://inaturalist-open-data.s3.amazonaws.com/photos/607928818/original.jpg,352744:334728675:607928818,CC-BY-4.0,"(c) Lucian Clanet, some rights reserved (CC BY)",2026-01-13,2026-05-10T03:36:40Z,1527x1145,74ffc4518a156e9176ccbd623e8243ea, | processed:1024x768
inaturalist_352744_334666691_607801124,data/processed/moho_verde/inaturalist_352744_334666691_607801124.jpg,moho_verde,inaturalist,https://inaturalist-open-data.s3.amazonaws.com/photos/607801124/original.jpg,352744:334666691:607801124,CC-BY-4.0,"(c) Mandy Hackney, some rights reserved (CC BY)",2026-01-13,2026-05-10T03:36:41Z,2048x1536,fd6959f3b195a988fb1cacb218730cc6, | processed:1024x768
inaturalist_352744_334666691_607801143,data/processed/moho_verde/inaturalist_352744_334666691_607801143.jpg,moho_verde,inaturalist,https://inaturalist-open-data.s3.amazonaws.com/photos/607801143/original.jpg,352744:334666691:607801143,CC-BY-4.0,"(c) Mandy Hackney, some rights reserved (CC BY)",2026-01-13,2026-05-10T03:36:42Z,1536x2048,dd65fff9a4112a6dec8c69910bfce633, | processed:768x1024
inaturalist_352744_334660213_607788431,data/processed/moho_verde/inaturalist_352744_334660213_607788431.jpg,moho_verde,inaturalist,https://inaturalist-open-data.s3.amazonaws.com/photos/607788431/original.jpg,352744:334660213:607788431,CC-BY-NC-4.0,"(c) nahellyjelly, some rights reserved (CC BY-NC)",2026-01-13,2026-05-10T03:36:47Z,1536x2048,4beb46c629de3514371a7949d64608e1, | processed:768x1024
inaturalist_352744_334660213_607788427,data/processed/moho_verde/inaturalist_352744_334660213_607788427.jpg,moho_verde,inaturalist,https://inaturalist-open-data.s3.amazonaws.com/photos/607788427/original.jpg,352744:334660213:607788427,CC-BY-NC-4.0,"(c) nahellyjelly, some rights reserved (CC BY-NC)",2026-01-13,2026-05-10T03:36:48Z,1536x2048,fea07ee6799a4f1fc8358417a466f229, | processed:768x1024
inaturalist_352744_334660040_607788073,data/processed/moho_verde/inaturalist_352744_334660040_607788073.jpg,moho_verde,inaturalist,https://inaturalist-open-data.s3.amazonaws.com/photos/607788073/original.jpg,352744:334660040:607788073,CC-BY-NC-4.0,"(c) nahellyjelly, some rights reserved (CC BY-NC)",2026-01-13,2026-05-10T03:36:49Z,1536x2048,b9c5ee4a59b08966dfb3dbd69e3514db, | processed:768x1024
inaturalist_352744_334660040_607788068,data/processed/moho_verde/inaturalist_352744_334660040_607788068.jpg,moho_verde,inaturalist,https://inaturalist-open-data.s3.amazonaws.com/photos/607788068/original.jpg,352744:334660040:607788068,CC-BY-NC-4.0,"(c) nahellyjelly, some rights reserved (CC BY-NC)",2026-01-13,2026-05-10T03:36:50Z,1536x2048,9163effc49f481a795f1f5f79600e69d, | processed:768x1024
inaturalist_352744_334660040_607788069,data/processed/moho_verde/inaturalist_352744_334660040_607788069.jpg,moho_verde,inaturalist,https://inaturalist-open-data.s3.amazonaws.com/photos/607788069/original.jpg,352744:334660040:607788069,CC-BY-NC-4.0,"(c) nahellyjelly, some rights reserved (CC BY-NC)",2026-01-13,2026-05-10T03:36:51Z,1536x2048,d17268dc25ec186be452e38c8ba95c14, | processed:768x1024
inaturalist_352744_334608966_607688977,data/processed/moho_verde/inaturalist_352744_334608966_607688977.jpg,moho_verde,inaturalist,https://inaturalist-open-data.s3.amazonaws.com/photos/607688977/original.jpg,352744:334608966:607688977,CC-BY-4.0,"(c) Irina Mitine, some rights reserved (CC BY)",2026-01-11,2026-05-10T03:36:56Z,2048x1536,688f7d8adba6aaf06d4e6cb31224a9b8, | processed:1024x768
inaturalist_352744_334608966_607688995,data/processed/moho_verde/inaturalist_352744_334608966_607688995.jpg,moho_verde,inaturalist,https://inaturalist-open-data.s3.amazonaws.com/photos/607688995/original.jpg,352744:334608966:607688995,CC-BY-4.0,"(c) Irina Mitine, some rights reserved (CC BY)",2026-01-11,2026-05-10T03:36:57Z,2048x1536,17945603aa6fa170beacec4290cae2bc, | processed:1024x768
inaturalist_352744_334412334_607286283,data/processed/moho_verde/inaturalist_352744_334412334_607286283.jpg,moho_verde,inaturalist,https://inaturalist-open-data.s3.amazonaws.com/photos/607286283/original.jpg,352744:334412334:607286283,CC-BY-NC-4.0,"(c) Steven IGAS Landseadel, some rights reserved (CC BY-NC)",2026-01-04,2026-05-10T03:36:58Z,2048x1542,00a9a77304a0a39782f5b176f09fd835, | processed:1024x771
inaturalist_352744_334412334_607286318,data/processed/moho_verde/inaturalist_352744_334412334_607286318.jpg,moho_verde,inaturalist,https://inaturalist-open-data.s3.amazonaws.com/photos/607286318/original.jpg,352744:334412334:607286318,CC-BY-NC-4.0,"(c) Steven IGAS Landseadel, some rights reserved (CC BY-NC)",2026-01-04,2026-05-10T03:36:59Z,2048x1542,481c47be1f21fcaf837dad5203472e86, | processed:1024x771
inaturalist_352744_334259840_606975841,data/processed/moho_verde/inaturalist_352744_334259840_606975841.jpg,moho_verde,inaturalist,https://inaturalist-open-data.s3.amazonaws.com/photos/606975841/original.jpg,352744:334259840:606975841,CC-BY-NC-4.0,"(c) Wink, some rights reserved (CC BY-NC)",2026-01-10,2026-05-10T03:37:00Z,2048x1153,391528a78411a9ee0997ad7db03f8531, | processed:1024x576
inaturalist_352744_334232868_606918614,data/processed/moho_verde/inaturalist_352744_334232868_606918614.jpg,moho_verde,inaturalist,https://inaturalist-open-data.s3.amazonaws.com/photos/606918614/original.jpg,352744:334232868:606918614,CC-BY-NC-4.0,"(c) Taye Bright, some rights reserved (CC BY-NC)",2026-01-09,2026-05-10T03:37:01Z,1536x2048,cb5cf2472c65a9cff5d796111526c38b, | processed:768x1024
inaturalist_352744_334232868_606918547,data/processed/moho_verde/inaturalist_352744_334232868_606918547.jpg,moho_verde,inaturalist,https://inaturalist-open-data.s3.amazonaws.com/photos/606918547/original.jpg,352744:334232868:606918547,CC-BY-NC-4.0,"(c) Taye Bright, some rights reserved (CC BY-NC)",2026-01-09,2026-05-10T03:37:02Z,1536x2048,7199a622e08c02f965d02fe0c0502182, | processed:768x1024
inaturalist_352744_334232868_606918479,data/processed/moho_verde/inaturalist_352744_334232868_606918479.jpg,moho_verde,inaturalist,https://inaturalist-open-data.s3.amazonaws.com/photos/606918479/original.jpg,352744:334232868:606918479,CC-BY-NC-4.0,"(c) Taye Bright, some rights reserved (CC BY-NC)",2026-01-09,2026-05-10T03:37:03Z,1536x2048,7ef7686c6063e85943e5c32cd362d39a, | processed:768x1024
inaturalist_352744_334227138_606906050,data/processed/moho_verde/inaturalist_352744_334227138_606906050.jpg,moho_verde,inaturalist,https://inaturalist-open-data.s3.amazonaws.com/photos/606906050/original.jpg,352744:334227138:606906050,CC-BY-NC-4.0,"(c) Annabelle Langlois, some rights reserved (CC BY-NC)",2013-07-01,2026-05-10T03:37:05Z,1067x800,9d9699ed4f9763ab3d537e35424baafe, | processed:1024x768
inaturalist_352744_333882543_606208919,data/processed/moho_verde/inaturalist_352744_333882543_606208919.jpg,moho_verde,inaturalist,https://inaturalist-open-data.s3.amazonaws.com/photos/606208919/original.jpg,352744:333882543:606208919,CC-BY-NC-4.0,"(c) A. Z., some rights reserved (CC BY-NC)",2026-01-07,2026-05-10T03:37:07Z,2048x2048,a376bd052d9177bf891f5e8457660958, | processed:1024x1024
inaturalist_352744_333882543_606208940,data/processed/moho_verde/inaturalist_352744_333882543_606208940.jpg,moho_verde,inaturalist,https://inaturalist-open-data.s3.amazonaws.com/photos/606208940/original.jpg,352744:333882543:606208940,CC-BY-NC-4.0,"(c) A. Z., some rights reserved (CC BY-NC)",2026-01-07,2026-05-10T03:37:08Z,2048x1536,94c2ed3d9ffe3f60efa84ecd480738e4, | processed:1024x768
inaturalist_352744_333882543_606208964,data/processed/moho_verde/inaturalist_352744_333882543_606208964.jpg,moho_verde,inaturalist,https://inaturalist-open-data.s3.amazonaws.com/photos/606208964/original.jpg,352744:333882543:606208964,CC-BY-NC-4.0,"(c) A. Z., some rights reserved (CC BY-NC)",2026-01-07,2026-05-10T03:37:09Z,2048x2048,2bd2c43f2163176255d227fd7e81a449, | processed:1024x1024
inaturalist_352744_333864538_606171090,data/processed/moho_verde/inaturalist_352744_333864538_606171090.jpg,moho_verde,inaturalist,https://inaturalist-open-data.s3.amazonaws.com/photos/606171090/original.jpg,352744:333864538:606171090,CC-BY-4.0,"(c) Cara Ennis, some rights reserved (CC BY)",2026-01-07,2026-05-10T03:37:10Z,2048x1536,df71ffebfda1c570a79aa51656d34ad0, | processed:1024x768
inaturalist_352744_333864538_606171123,data/processed/moho_verde/inaturalist_352744_333864538_606171123.jpg,moho_verde,inaturalist,https://inaturalist-open-data.s3.amazonaws.com/photos/606171123/original.jpg,352744:333864538:606171123,CC-BY-4.0,"(c) Cara Ennis, some rights reserved (CC BY)",2026-01-07,2026-05-10T03:37:11Z,2048x1536,900cc4ff032d1163447a0619d91a6abb, | processed:1024x768
inaturalist_352744_333864538_606171148,data/processed/moho_verde/inaturalist_352744_333864538_606171148.jpg,moho_verde,inaturalist,https://inaturalist-open-data.s3.amazonaws.com/photos/606171148/original.jpg,352744:333864538:606171148,CC-BY-4.0,"(c) Cara Ennis, some rights reserved (CC BY)",2026-01-07,2026-05-10T03:37:12Z,2048x1536,bb6474dfc8c3766531b9e753ecf80e4e, | processed:1024x768
inaturalist_352744_333864538_606171187,data/processed/moho_verde/inaturalist_352744_333864538_606171187.jpg,moho_verde,inaturalist,https://inaturalist-open-data.s3.amazonaws.com/photos/606171187/original.jpg,352744:333864538:606171187,CC-BY-4.0,"(c) Cara Ennis, some rights reserved (CC BY)",2026-01-07,2026-05-10T03:37:13Z,2048x1536,3e5819fcbf042c89fd24d156a6a8ab79, | processed:1024x768
inaturalist_352744_333628807_605688338,data/processed/moho_verde/inaturalist_352744_333628807_605688338.jpg,moho_verde,inaturalist,https://inaturalist-open-data.s3.amazonaws.com/photos/605688338/original.jpg,352744:333628807:605688338,CC-BY-4.0,"(c) Cara Ennis, some rights reserved (CC BY)",2026-01-01,2026-05-10T03:37:16Z,2048x1367,623660a7ed94c143e480a702d82dcadc, | processed:1024x684
inaturalist_352744_333628807_605688355,data/processed/moho_verde/inaturalist_352744_333628807_605688355.jpg,moho_verde,inaturalist,https://inaturalist-open-data.s3.amazonaws.com/photos/605688355/original.jpg,352744:333628807:605688355,CC-BY-4.0,"(c) Cara Ennis, some rights reserved (CC BY)",2026-01-01,2026-05-10T03:37:17Z,2048x1367,b543d731187fcf6f520595ceb20b1389, | processed:1024x684
inaturalist_352744_333628807_605688385,data/processed/moho_verde/inaturalist_352744_333628807_605688385.jpg,moho_verde,inaturalist,https://inaturalist-open-data.s3.amazonaws.com/photos/605688385/original.jpg,352744:333628807:605688385,CC-BY-4.0,"(c) Cara Ennis, some rights reserved (CC BY)",2026-01-01,2026-05-10T03:37:18Z,2048x1367,dadea566b39676f6b2ed5a2417358f3a, | processed:1024x684
inaturalist_352744_333628807_605688412,data/processed/moho_verde/inaturalist_352744_333628807_605688412.jpg,moho_verde,inaturalist,https://inaturalist-open-data.s3.amazonaws.com/photos/605688412/original.jpg,352744:333628807:605688412,CC-BY-4.0,"(c) Cara Ennis, some rights reserved (CC BY)",2026-01-01,2026-05-10T03:37:19Z,2048x1367,2673e8e5e70e6c16e269fa5434b77485, | processed:1024x684
inaturalist_352744_333628807_605688440,data/processed/moho_verde/inaturalist_352744_333628807_605688440.jpg,moho_verde,inaturalist,https://inaturalist-open-data.s3.amazonaws.com/photos/605688440/original.jpg,352744:333628807:605688440,CC-BY-4.0,"(c) Cara Ennis, some rights reserved (CC BY)",2026-01-01,2026-05-10T03:37:20Z,2048x1367,e1a4b8c563725531e45ebb87f5e3781a, | processed:1024x684
inaturalist_352744_333372112_605221776,data/processed/moho_verde/inaturalist_352744_333372112_605221776.jpg,moho_verde,inaturalist,https://inaturalist-open-data.s3.amazonaws.com/photos/605221776/original.jpg,352744:333372112:605221776,CC-BY-NC-4.0,"(c) sageost, some rights reserved (CC BY-NC)",2026-01-03,2026-05-10T03:37:21Z,1536x2048,f7afa04f4fc7cda70f30d6fd41d87fd8, | processed:768x1024
inaturalist_352744_333339784_605156090,data/processed/moho_verde/inaturalist_352744_333339784_605156090.jpg,moho_verde,inaturalist,https://inaturalist-open-data.s3.amazonaws.com/photos/605156090/original.jpg,352744:333339784:605156090,CC-BY-NC-4.0,"(c) Joe MacIndewar, some rights reserved (CC BY-NC)",2026-01-03,2026-05-10T03:37:22Z,2048x1536,8484ffbd1050aa964e7a6ec59232a662, | processed:1024x768
inaturalist_352744_333339784_605156108,data/processed/moho_verde/inaturalist_352744_333339784_605156108.jpg,moho_verde,inaturalist,https://inaturalist-open-data.s3.amazonaws.com/photos/605156108/original.jpg,352744:333339784:605156108,CC-BY-NC-4.0,"(c) Joe MacIndewar, some rights reserved (CC BY-NC)",2026-01-03,2026-05-10T03:37:23Z,2048x1536,27d01ad7624a7136ca261c9f30d7bc6e, | processed:1024x768
inaturalist_352744_333339784_605156125,data/processed/moho_verde/inaturalist_352744_333339784_605156125.jpg,moho_verde,inaturalist,https://inaturalist-open-data.s3.amazonaws.com/photos/605156125/original.jpg,352744:333339784:605156125,CC-BY-NC-4.0,"(c) Joe MacIndewar, some rights reserved (CC BY-NC)",2026-01-03,2026-05-10T03:37:24Z,2048x1536,cae71dcdea26dff6e225bb519908fbab, | processed:1024x768
inaturalist_352744_333339784_605156141,data/processed/moho_verde/inaturalist_352744_333339784_605156141.jpg,moho_verde,inaturalist,https://inaturalist-open-data.s3.amazonaws.com/photos/605156141/original.jpg,352744:333339784:605156141,CC-BY-NC-4.0,"(c) Joe MacIndewar, some rights reserved (CC BY-NC)",2026-01-03,2026-05-10T03:37:25Z,2048x1536,f970b16fb1b77f0890742592973a2017, | processed:1024x768
inaturalist_352744_333339784_605156163,data/processed/moho_verde/inaturalist_352744_333339784_605156163.jpg,moho_verde,inaturalist,https://inaturalist-open-data.s3.amazonaws.com/photos/605156163/original.jpg,352744:333339784:605156163,CC-BY-NC-4.0,"(c) Joe MacIndewar, some rights reserved (CC BY-NC)",2026-01-03,2026-05-10T03:37:26Z,2048x1536,21694352aecea681dfb447395c75f2f6, | processed:1024x768
inaturalist_352744_333339548_605155456,data/processed/moho_verde/inaturalist_352744_333339548_605155456.jpg,moho_verde,inaturalist,https://inaturalist-open-data.s3.amazonaws.com/photos/605155456/original.jpg,352744:333339548:605155456,CC-BY-NC-4.0,"(c) Joe MacIndewar, some rights reserved (CC BY-NC)",2026-01-03,2026-05-10T03:37:27Z,2048x1536,ecea321d95aad0b7346c109746150f85, | processed:1024x768
inaturalist_352744_333339548_605155472,data/processed/moho_verde/inaturalist_352744_333339548_605155472.jpg,moho_verde,inaturalist,https://inaturalist-open-data.s3.amazonaws.com/photos/605155472/original.jpg,352744:333339548:605155472,CC-BY-NC-4.0,"(c) Joe MacIndewar, some rights reserved (CC BY-NC)",2026-01-03,2026-05-10T03:37:28Z,2048x1536,9331b8a5d5c4177fc3c56b25e5819fe4, | processed:1024x768
inaturalist_352744_333339548_605155496,data/processed/moho_verde/inaturalist_352744_333339548_605155496.jpg,moho_verde,inaturalist,https://inaturalist-open-data.s3.amazonaws.com/photos/605155496/original.jpg,352744:333339548:605155496,CC-BY-NC-4.0,"(c) Joe MacIndewar, some rights reserved (CC BY-NC)",2026-01-03,2026-05-10T03:37:29Z,2048x1536,41dd7fd10a1211ab1177b3020847e88c, | processed:1024x768
inaturalist_352744_333339548_605155522,data/processed/moho_verde/inaturalist_352744_333339548_605155522.jpg,moho_verde,inaturalist,https://inaturalist-open-data.s3.amazonaws.com/photos/605155522/original.jpg,352744:333339548:605155522,CC-BY-NC-4.0,"(c) Joe MacIndewar, some rights reserved (CC BY-NC)",2026-01-03,2026-05-10T03:37:30Z,2048x1536,741ed6738dfb227141461f78aea460c4, | processed:1024x768
inaturalist_352744_333339548_605155538,data/processed/moho_verde/inaturalist_352744_333339548_605155538.jpg,moho_verde,inaturalist,https://inaturalist-open-data.s3.amazonaws.com/photos/605155538/original.jpg,352744:333339548:605155538,CC-BY-NC-4.0,"(c) Joe MacIndewar, some rights reserved (CC BY-NC)",2026-01-03,2026-05-10T03:37:31Z,2048x1536,924ac4fe1ebbfc21aaa8cccb59a568b5, | processed:1024x768
inaturalist_352744_333339548_605155571,data/processed/moho_verde/inaturalist_352744_333339548_605155571.jpg,moho_verde,inaturalist,https://inaturalist-open-data.s3.amazonaws.com/photos/605155571/original.jpg,352744:333339548:605155571,CC-BY-NC-4.0,"(c) Joe MacIndewar, some rights reserved (CC BY-NC)",2026-01-03,2026-05-10T03:37:32Z,2048x1536,9810256c0e391490ced82bdc75e343d1, | processed:1024x768
inaturalist_352744_333316492_605109020,data/processed/moho_verde/inaturalist_352744_333316492_605109020.jpg,moho_verde,inaturalist,https://inaturalist-open-data.s3.amazonaws.com/photos/605109020/original.jpg,352744:333316492:605109020,CC-BY-NC-4.0,"(c) Dylan T. Taylor, some rights reserved (CC BY-NC)",2025-11-01,2026-05-10T03:37:33Z,1536x2048,9475464aa937a307c8e458ab1abdfd86, | processed:768x1024
inaturalist_352744_333316492_605109004,data/processed/moho_verde/inaturalist_352744_333316492_605109004.jpg,moho_verde,inaturalist,https://inaturalist-open-data.s3.amazonaws.com/photos/605109004/original.jpg,352744:333316492:605109004,CC-BY-NC-4.0,"(c) Dylan T. Taylor, some rights reserved (CC BY-NC)",2025-11-01,2026-05-10T03:37:34Z,1536x2048,0feab96328eb2dd0432e609a61440a75, | processed:768x1024
inaturalist_352744_333316492_605108989,data/processed/moho_verde/inaturalist_352744_333316492_605108989.jpg,moho_verde,inaturalist,https://inaturalist-open-data.s3.amazonaws.com/photos/605108989/original.jpg,352744:333316492:605108989,CC-BY-NC-4.0,"(c) Dylan T. Taylor, some rights reserved (CC BY-NC)",2025-11-01,2026-05-10T03:37:35Z,1536x2048,5324909815d7ac135e0c8cd1470cb18c, | processed:768x1024
inaturalist_352744_333316492_605109001,data/processed/moho_verde/inaturalist_352744_333316492_605109001.jpg,moho_verde,inaturalist,https://inaturalist-open-data.s3.amazonaws.com/photos/605109001/original.jpg,352744:333316492:605109001,CC-BY-NC-4.0,"(c) Dylan T. Taylor, some rights reserved (CC BY-NC)",2025-11-01,2026-05-10T03:37:37Z,1536x2048,c743cefe6ecf36dc0e1c9051f1733491, | processed:768x1024
inaturalist_352744_333316492_605109026,data/processed/moho_verde/inaturalist_352744_333316492_605109026.jpg,moho_verde,inaturalist,https://inaturalist-open-data.s3.amazonaws.com/photos/605109026/original.jpg,352744:333316492:605109026,CC-BY-NC-4.0,"(c) Dylan T. Taylor, some rights reserved (CC BY-NC)",2025-11-01,2026-05-10T03:37:38Z,1536x2048,48c5e0475355e2052e1d2f4d3b9c4c0a, | processed:768x1024
inaturalist_352744_333158651_604788363,data/processed/moho_verde/inaturalist_352744_333158651_604788363.jpg,moho_verde,inaturalist,https://inaturalist-open-data.s3.amazonaws.com/photos/604788363/original.jpg,352744:333158651:604788363,CC-BY-NC-4.0,"(c) rforrester, some rights reserved (CC BY-NC)",2025-12-24,2026-05-10T03:37:39Z,2048x1536,3a56df0e79cbdcc41afb29b7f7860d1c, | processed:1024x768
inaturalist_352744_333158651_604788381,data/processed/moho_verde/inaturalist_352744_333158651_604788381.jpg,moho_verde,inaturalist,https://inaturalist-open-data.s3.amazonaws.com/photos/604788381/original.jpg,352744:333158651:604788381,CC-BY-NC-4.0,"(c) rforrester, some rights reserved (CC BY-NC)",2025-12-24,2026-05-10T03:37:40Z,1536x2048,ce404a928df9cc17512069c11a1fe024, | processed:768x1024
inaturalist_352744_333099605_604665333,data/processed/moho_verde/inaturalist_352744_333099605_604665333.jpg,moho_verde,inaturalist,https://inaturalist-open-data.s3.amazonaws.com/photos/604665333/original.jpg,352744:333099605:604665333,CC-BY-NC-4.0,"(c) Dev Johnson, some rights reserved (CC BY-NC)",2026-01-01,2026-05-10T03:37:41Z,2048x1536,0c47e7658f5c5411328f6bf34d10b84e, | processed:1024x768
inaturalist_352744_333099605_604665338,data/processed/moho_verde/inaturalist_352744_333099605_604665338.jpg,moho_verde,inaturalist,https://inaturalist-open-data.s3.amazonaws.com/photos/604665338/original.jpg,352744:333099605:604665338,CC-BY-NC-4.0,"(c) Dev Johnson, some rights reserved (CC BY-NC)",2026-01-01,2026-05-10T03:37:42Z,2048x1536,a36f286893fd03620b302f3a9f9375a0, | processed:1024x768
inaturalist_352744_332908045_604274505,data/processed/moho_verde/inaturalist_352744_332908045_604274505.jpg,moho_verde,inaturalist,https://inaturalist-open-data.s3.amazonaws.com/photos/604274505/original.jpg,352744:332908045:604274505,CC-BY-NC-4.0,"(c) krasik, some rights reserved (CC BY-NC)",2025-12-31,2026-05-10T03:37:43Z,1536x2048,3de9c6b3ee9ca54d6b386d8195696f00, | processed:768x1024
inaturalist_352744_332806365_604063982,data/processed/moho_verde/inaturalist_352744_332806365_604063982.jpg,moho_verde,inaturalist,https://inaturalist-open-data.s3.amazonaws.com/photos/604063982/original.jpg,352744:332806365:604063982,CC-BY-4.0,"(c) Mandy Hackney, some rights reserved (CC BY)",2025-12-30,2026-05-10T03:37:44Z,2048x1536,d1436139f9d357ab813ee3912a239e3d, | processed:1024x768
inaturalist_352744_332806365_604064005,data/processed/moho_verde/inaturalist_352744_332806365_604064005.jpg,moho_verde,inaturalist,https://inaturalist-open-data.s3.amazonaws.com/photos/604064005/original.jpg,352744:332806365:604064005,CC-BY-4.0,"(c) Mandy Hackney, some rights reserved (CC BY)",2025-12-30,2026-05-10T03:37:45Z,2048x1536,064fa27457d533730b6caf12ce33be39, | processed:1024x768
inaturalist_352744_332806365_604066533,data/processed/moho_verde/inaturalist_352744_332806365_604066533.jpg,moho_verde,inaturalist,https://inaturalist-open-data.s3.amazonaws.com/photos/604066533/original.jpg,352744:332806365:604066533,CC-BY-4.0,"(c) Mandy Hackney, some rights reserved (CC BY)",2025-12-30,2026-05-10T03:37:46Z,2048x1536,fce4a3c654ce9e25bc6a111375160ca2, | processed:1024x768
inaturalist_352744_332806365_604064025,data/processed/moho_verde/inaturalist_352744_332806365_604064025.jpg,moho_verde,inaturalist,https://inaturalist-open-data.s3.amazonaws.com/photos/604064025/original.jpg,352744:332806365:604064025,CC-BY-4.0,"(c) Mandy Hackney, some rights reserved (CC BY)",2025-12-30,2026-05-10T03:37:47Z,1536x2048,1a15df5e7dc48079f2ebbffbcde013a8, | processed:768x1024
inaturalist_352744_332806365_604102569,data/processed/moho_verde/inaturalist_352744_332806365_604102569.jpg,moho_verde,inaturalist,https://inaturalist-open-data.s3.amazonaws.com/photos/604102569/original.jpg,352744:332806365:604102569,CC-BY-4.0,"(c) Mandy Hackney, some rights reserved (CC BY)",2025-12-30,2026-05-10T03:37:48Z,1536x2048,d1b115d8052b053dc79925fd542da227, | processed:768x1024
inaturalist_352744_332717007_603882437,data/processed/moho_verde/inaturalist_352744_332717007_603882437.jpg,moho_verde,inaturalist,https://inaturalist-open-data.s3.amazonaws.com/photos/603882437/original.jpg,352744:332717007:603882437,CC-BY-NC-4.0,"(c) olivier1234, some rights reserved (CC BY-NC)",2025-12-29,2026-05-10T03:37:49Z,1334x750,ee119600a2137dc4a6f9796bf01be17b, | processed:1024x576
inaturalist_352744_332566538_603573784,data/processed/moho_verde/inaturalist_352744_332566538_603573784.jpg,moho_verde,inaturalist,https://inaturalist-open-data.s3.amazonaws.com/photos/603573784/original.jpg,352744:332566538:603573784,CC-BY-NC-4.0,"(c) parasitis_voracibus, some rights reserved (CC BY-NC)",2025-10-27,2026-05-10T03:37:50Z,2048x1536,e1fc296ae8f7a9d84db28dfced002829, | processed:1024x768
inaturalist_352744_332566538_603573789,data/processed/moho_verde/inaturalist_352744_332566538_603573789.jpg,moho_verde,inaturalist,https://inaturalist-open-data.s3.amazonaws.com/photos/603573789/original.jpg,352744:332566538:603573789,CC-BY-NC-4.0,"(c) parasitis_voracibus, some rights reserved (CC BY-NC)",2025-10-27,2026-05-10T03:37:51Z,2048x1536,c5a46be4b82ebda9194f27ba9e3d9edd, | processed:1024x768
inaturalist_352744_332566538_603573800,data/processed/moho_verde/inaturalist_352744_332566538_603573800.jpg,moho_verde,inaturalist,https://inaturalist-open-data.s3.amazonaws.com/photos/603573800/original.jpg,352744:332566538:603573800,CC-BY-NC-4.0,"(c) parasitis_voracibus, some rights reserved (CC BY-NC)",2025-10-27,2026-05-10T03:37:52Z,2048x1536,72de65af8ace887b09c4667e58e0103d, | processed:1024x768
inaturalist_352744_332566538_603573799,data/processed/moho_verde/inaturalist_352744_332566538_603573799.jpg,moho_verde,inaturalist,https://inaturalist-open-data.s3.amazonaws.com/photos/603573799/original.jpg,352744:332566538:603573799,CC-BY-NC-4.0,"(c) parasitis_voracibus, some rights reserved (CC BY-NC)",2025-10-27,2026-05-10T03:37:53Z,1536x2048,e9da1322e02c20c29f0f1419f5d458ca, | processed:768x1024
inaturalist_352744_332566538_603573801,data/processed/moho_verde/inaturalist_352744_332566538_603573801.jpg,moho_verde,inaturalist,https://inaturalist-open-data.s3.amazonaws.com/photos/603573801/original.jpg,352744:332566538:603573801,CC-BY-NC-4.0,"(c) parasitis_voracibus, some rights reserved (CC BY-NC)",2025-10-27,2026-05-10T03:37:54Z,1536x2048,18fc401e58a9d73cc7dc329bef3aad33, | processed:768x1024
inaturalist_352744_332566538_603573815,data/processed/moho_verde/inaturalist_352744_332566538_603573815.jpg,moho_verde,inaturalist,https://inaturalist-open-data.s3.amazonaws.com/photos/603573815/original.jpg,352744:332566538:603573815,CC-BY-NC-4.0,"(c) parasitis_voracibus, some rights reserved (CC BY-NC)",2025-10-27,2026-05-10T03:37:55Z,1536x2048,51d44352286b7b30ea8f4bf62f95ceb1, | processed:768x1024
inaturalist_352744_332566538_603573816,data/processed/moho_verde/inaturalist_352744_332566538_603573816.jpg,moho_verde,inaturalist,https://inaturalist-open-data.s3.amazonaws.com/photos/603573816/original.jpg,352744:332566538:603573816,CC-BY-NC-4.0,"(c) parasitis_voracibus, some rights reserved (CC BY-NC)",2025-10-27,2026-05-10T03:37:56Z,1536x2048,4af1c85be925411d55e2c6ea1ae2d16b, | processed:768x1024
inaturalist_352744_332393798_603222429,data/processed/moho_verde/inaturalist_352744_332393798_603222429.jpg,moho_verde,inaturalist,https://inaturalist-open-data.s3.amazonaws.com/photos/603222429/original.jpg,352744:332393798:603222429,CC-BY-NC-4.0,"(c) alucero777, some rights reserved (CC BY-NC)",2025-12-27,2026-05-10T03:37:57Z,1536x2048,dcbedb37734c46c8619ee67163c0952d, | processed:768x1024
inaturalist_352744_332393798_603222447,data/processed/moho_verde/inaturalist_352744_332393798_603222447.jpg,moho_verde,inaturalist,https://inaturalist-open-data.s3.amazonaws.com/photos/603222447/original.jpg,352744:332393798:603222447,CC-BY-NC-4.0,"(c) alucero777, some rights reserved (CC BY-NC)",2025-12-27,2026-05-10T03:37:58Z,1536x2048,699ee3a7036979ade89bfacdadbedbc6, | processed:768x1024
inaturalist_352744_332393798_603222456,data/processed/moho_verde/inaturalist_352744_332393798_603222456.jpg,moho_verde,inaturalist,https://inaturalist-open-data.s3.amazonaws.com/photos/603222456/original.jpg,352744:332393798:603222456,CC-BY-NC-4.0,"(c) alucero777, some rights reserved (CC BY-NC)",2025-12-27,2026-05-10T03:37:59Z,1536x2048,f0eb6b497366cfd61d473cb1ea4e3c1f, | processed:768x1024
inaturalist_352744_332236511_602898812,data/processed/moho_verde/inaturalist_352744_332236511_602898812.jpg,moho_verde,inaturalist,https://inaturalist-open-data.s3.amazonaws.com/photos/602898812/original.jpg,352744:332236511:602898812,CC-BY-NC-4.0,"(c) Zachary Sun Monen, some rights reserved (CC BY-NC)",2025-12-22,2026-05-10T03:38:02Z,2048x1371,435fa23e8eda2bf1f553314927aa5a13, | processed:1024x686
inaturalist_352744_331991428_602394302,data/processed/moho_verde/inaturalist_352744_331991428_602394302.jpg,moho_verde,inaturalist,https://inaturalist-open-data.s3.amazonaws.com/photos/602394302/original.jpg,352744:331991428:602394302,CC-BY-NC-4.0,"(c) johnc8580, some rights reserved (CC BY-NC)",2025-12-22,2026-05-10T03:38:03Z,1536x2048,4289e3d7fe525179a1db3bea6f1312f4, | processed:768x1024
inaturalist_352744_331991428_602394325,data/processed/moho_verde/inaturalist_352744_331991428_602394325.jpg,moho_verde,inaturalist,https://inaturalist-open-data.s3.amazonaws.com/photos/602394325/original.jpg,352744:331991428:602394325,CC-BY-NC-4.0,"(c) johnc8580, some rights reserved (CC BY-NC)",2025-12-22,2026-05-10T03:38:04Z,1536x2048,43345b9cc3d21f934213668a0b092611, | processed:768x1024
inaturalist_352744_331949983_602302130,data/processed/moho_verde/inaturalist_352744_331949983_602302130.jpg,moho_verde,inaturalist,https://inaturalist-open-data.s3.amazonaws.com/photos/602302130/original.jpg,352744:331949983:602302130,CC-BY-NC-4.0,"(c) lostcoastmike, some rights reserved (CC BY-NC)",2025-12-22,2026-05-10T03:38:05Z,2048x1536,519db11a9e0f5a96816d25aeec4a6ab4, | processed:1024x768
inaturalist_352744_331949983_602302104,data/processed/moho_verde/inaturalist_352744_331949983_602302104.jpg,moho_verde,inaturalist,https://inaturalist-open-data.s3.amazonaws.com/photos/602302104/original.jpg,352744:331949983:602302104,CC-BY-NC-4.0,"(c) lostcoastmike, some rights reserved (CC BY-NC)",2025-12-22,2026-05-10T03:38:06Z,2048x1536,fe43f9ea280d13025b192585d5674f15, | processed:1024x768
wikimedia_568236,data/processed/moho_verde/wikimedia_568236.jpg,moho_verde,wikimedia,https://upload.wikimedia.org/wikipedia/commons/c/c6/Trichoderma_aggressivum.jpeg?utm_source=commons.wikimedia.org&utm_campaign=imageinfo&utm_content=original,568236,CC0-1.0,US Department of Agriculture,2006-02-11,2026-05-10T03:38:26Z,400x398,2839a4c044968333d0bfe08a70541bd5,Trichoderma aggressivum | processed:400x398
wikimedia_568282,data/processed/moho_verde/wikimedia_568282.jpg,moho_verde,wikimedia,https://upload.wikimedia.org/wikipedia/commons/4/4d/Trichoderma_harzianum.jpg?utm_source=commons.wikimedia.org&utm_campaign=imageinfo&utm_content=original,568282,CC0-1.0,Frumpy,,2026-05-10T03:38:29Z,400x447,33bc6f53ea680baf17159700654349a7,Trichoderma harzianum | processed:400x447
inaturalist_352744_331949983_602302163,data/processed/moho_verde/inaturalist_352744_331949983_602302163.jpg,moho_verde,inaturalist,https://inaturalist-open-data.s3.amazonaws.com/photos/602302163/original.jpg,352744:331949983:602302163,CC-BY-NC-4.0,"(c) lostcoastmike, some rights reserved (CC BY-NC)",2025-12-22,2026-05-10T03:38:07Z,2048x1536,3302ebc02f04feaa808b70ac27327947, | processed:1024x768
inaturalist_352744_331735719_601865586,data/processed/moho_verde/inaturalist_352744_331735719_601865586.jpg,moho_verde,inaturalist,https://inaturalist-open-data.s3.amazonaws.com/photos/601865586/original.jpg,352744:331735719:601865586,CC-BY-NC-4.0,"(c) Collier Sparks, some rights reserved (CC BY-NC)",2025-12-22,2026-05-10T03:38:08Z,1536x2048,0ca493f61b0909f2ecd538dcb1193bdc, | processed:768x1024
inaturalist_352744_331728155_601850825,data/processed/moho_verde/inaturalist_352744_331728155_601850825.jpg,moho_verde,inaturalist,https://inaturalist-open-data.s3.amazonaws.com/photos/601850825/original.jpg,352744:331728155:601850825,CC-BY-NC-4.0,"(c) Silverado Jim, some rights reserved (CC BY-NC)",2025-12-22,2026-05-10T03:38:09Z,2048x1536,6c498aff2466d9dbb6a869312d656205, | processed:1024x768
inaturalist_352744_331728155_601850863,data/processed/moho_verde/inaturalist_352744_331728155_601850863.jpg,moho_verde,inaturalist,https://inaturalist-open-data.s3.amazonaws.com/photos/601850863/original.jpg,352744:331728155:601850863,CC-BY-NC-4.0,"(c) Silverado Jim, some rights reserved (CC BY-NC)",2025-12-22,2026-05-10T03:38:10Z,2048x1536,23b784803364092109e5868c0f80f79b, | processed:1024x768
inaturalist_352744_331661127_601715069,data/processed/moho_verde/inaturalist_352744_331661127_601715069.jpg,moho_verde,inaturalist,https://inaturalist-open-data.s3.amazonaws.com/photos/601715069/original.jpg,352744:331661127:601715069,CC-BY-NC-4.0,"(c) Shlomi Levi, some rights reserved (CC BY-NC)",2025-12-22,2026-05-10T03:38:16Z,2048x1536,6ea3805b13cc505007535c6123e27710, | processed:1024x768
inaturalist_352744_331661127_601715084,data/processed/moho_verde/inaturalist_352744_331661127_601715084.jpg,moho_verde,inaturalist,https://inaturalist-open-data.s3.amazonaws.com/photos/601715084/original.jpg,352744:331661127:601715084,CC-BY-NC-4.0,"(c) Shlomi Levi, some rights reserved (CC BY-NC)",2025-12-22,2026-05-10T03:38:17Z,2048x1536,0b08b74998772bc59de7d7b786a80c8f, | processed:1024x768
inaturalist_352744_331541756_601469040,data/processed/moho_verde/inaturalist_352744_331541756_601469040.jpg,moho_verde,inaturalist,https://inaturalist-open-data.s3.amazonaws.com/photos/601469040/original.jpg,352744:331541756:601469040,CC-BY-4.0,"(c) Patrick Bayan, some rights reserved (CC BY)",2025-12-20,2026-05-10T03:38:21Z,2048x1365,01bb2023e062ff30a2d3aae74c38d532, | processed:1024x682
inaturalist_352744_331529764_601450391,data/processed/moho_verde/inaturalist_352744_331529764_601450391.jpg,moho_verde,inaturalist,https://inaturalist-open-data.s3.amazonaws.com/photos/601450391/original.jpg,352744:331529764:601450391,CC-BY-NC-4.0,"(c) aloony, some rights reserved (CC BY-NC)",2025-12-21,2026-05-10T03:38:22Z,1536x2048,710ee96f4e563b593ba9d9d544dc8bfb, | processed:768x1024
inaturalist_352744_331529764_601450413,data/processed/moho_verde/inaturalist_352744_331529764_601450413.jpg,moho_verde,inaturalist,https://inaturalist-open-data.s3.amazonaws.com/photos/601450413/original.jpg,352744:331529764:601450413,CC-BY-NC-4.0,"(c) aloony, some rights reserved (CC BY-NC)",2025-12-21,2026-05-10T03:38:23Z,2048x1536,1b83155315fc62a78c78692726ebcb8a, | processed:1024x768
inaturalist_352744_331529764_601450431,data/processed/moho_verde/inaturalist_352744_331529764_601450431.jpg,moho_verde,inaturalist,https://inaturalist-open-data.s3.amazonaws.com/photos/601450431/original.jpg,352744:331529764:601450431,CC-BY-NC-4.0,"(c) aloony, some rights reserved (CC BY-NC)",2025-12-21,2026-05-10T03:38:24Z,2048x1536,c2ac0dcdf434f98b2efe2e05df3af488, | processed:1024x768
inaturalist_352744_331529764_601450459,data/processed/moho_verde/inaturalist_352744_331529764_601450459.jpg,moho_verde,inaturalist,https://inaturalist-open-data.s3.amazonaws.com/photos/601450459/original.jpg,352744:331529764:601450459,CC-BY-NC-4.0,"(c) aloony, some rights reserved (CC BY-NC)",2025-12-21,2026-05-10T03:38:25Z,2048x1536,81e0a5d7ae9533e3b9a9bb76064a2205, | processed:1024x768
inaturalist_352744_331529764_601450473,data/processed/moho_verde/inaturalist_352744_331529764_601450473.jpg,moho_verde,inaturalist,https://inaturalist-open-data.s3.amazonaws.com/photos/601450473/original.jpg,352744:331529764:601450473,CC-BY-NC-4.0,"(c) aloony, some rights reserved (CC BY-NC)",2025-12-21,2026-05-10T03:38:26Z,1536x2048,1c481e0db0fbb92b084bb37cfddd1a70, | processed:768x1024
inaturalist_352744_331482121_601347763,data/processed/moho_verde/inaturalist_352744_331482121_601347763.jpg,moho_verde,inaturalist,https://inaturalist-open-data.s3.amazonaws.com/photos/601347763/original.jpg,352744:331482121:601347763,CC0-1.0,no rights reserved,2025-12-20,2026-05-10T03:38:27Z,2048x1536,afe82e27e7d93740f0f86b2039071ad3, | processed:1024x768
inaturalist_352744_331482121_601347808,data/processed/moho_verde/inaturalist_352744_331482121_601347808.jpg,moho_verde,inaturalist,https://inaturalist-open-data.s3.amazonaws.com/photos/601347808/original.jpg,352744:331482121:601347808,CC0-1.0,no rights reserved,2025-12-20,2026-05-10T03:38:28Z,2048x1536,e54e96295d16c6cca26631a7f5382116, | processed:1024x768
inaturalist_352744_331431265_601247608,data/processed/moho_verde/inaturalist_352744_331431265_601247608.jpg,moho_verde,inaturalist,https://inaturalist-open-data.s3.amazonaws.com/photos/601247608/original.jpg,352744:331431265:601247608,CC-BY-NC-4.0,"(c) mpearlstein, some rights reserved (CC BY-NC)",2025-12-19,2026-05-10T03:38:29Z,1536x2048,04cbf97c05a614706ab53b5093d76e12, | processed:768x1024
inaturalist_352744_331431265_601247547,data/processed/moho_verde/inaturalist_352744_331431265_601247547.jpg,moho_verde,inaturalist,https://inaturalist-open-data.s3.amazonaws.com/photos/601247547/original.jpg,352744:331431265:601247547,CC-BY-NC-4.0,"(c) mpearlstein, some rights reserved (CC BY-NC)",2025-12-19,2026-05-10T03:38:30Z,1536x2048,a70e735c3f6ef921755f4baf46148975, | processed:768x1024
inaturalist_352744_331431265_601247521,data/processed/moho_verde/inaturalist_352744_331431265_601247521.jpg,moho_verde,inaturalist,https://inaturalist-open-data.s3.amazonaws.com/photos/601247521/original.jpg,352744:331431265:601247521,CC-BY-NC-4.0,"(c) mpearlstein, some rights reserved (CC BY-NC)",2025-12-19,2026-05-10T03:38:31Z,1536x2048,10a23e5d5b13b8b71a2104d9e2d48e42, | processed:768x1024
inaturalist_352744_331431265_601247445,data/processed/moho_verde/inaturalist_352744_331431265_601247445.jpg,moho_verde,inaturalist,https://inaturalist-open-data.s3.amazonaws.com/photos/601247445/original.jpg,352744:331431265:601247445,CC-BY-NC-4.0,"(c) mpearlstein, some rights reserved (CC BY-NC)",2025-12-19,2026-05-10T03:38:32Z,2048x1536,7ca90b78f9d8410b641e0c98c3117d76, | processed:1024x768
inaturalist_352744_331431265_601247462,data/processed/moho_verde/inaturalist_352744_331431265_601247462.jpg,moho_verde,inaturalist,https://inaturalist-open-data.s3.amazonaws.com/photos/601247462/original.jpg,352744:331431265:601247462,CC-BY-NC-4.0,"(c) mpearlstein, some rights reserved (CC BY-NC)",2025-12-19,2026-05-10T03:38:33Z,1536x2048,f1e253b7956fb65e74a5024afa860df1, | processed:768x1024
inaturalist_352744_331431265_601247491,data/processed/moho_verde/inaturalist_352744_331431265_601247491.jpg,moho_verde,inaturalist,https://inaturalist-open-data.s3.amazonaws.com/photos/601247491/original.jpg,352744:331431265:601247491,CC-BY-NC-4.0,"(c) mpearlstein, some rights reserved (CC BY-NC)",2025-12-19,2026-05-10T03:38:34Z,2048x1536,a71900ebe6a65ae7f735d29a5496f2d6, | processed:1024x768
inaturalist_352744_331431265_601247504,data/processed/moho_verde/inaturalist_352744_331431265_601247504.jpg,moho_verde,inaturalist,https://inaturalist-open-data.s3.amazonaws.com/photos/601247504/original.jpg,352744:331431265:601247504,CC-BY-NC-4.0,"(c) mpearlstein, some rights reserved (CC BY-NC)",2025-12-19,2026-05-10T03:38:35Z,2048x1536,7add79a43952eb2ebf6b2011bc41af48, | processed:1024x768
inaturalist_352744_331431265_601247565,data/processed/moho_verde/inaturalist_352744_331431265_601247565.jpg,moho_verde,inaturalist,https://inaturalist-open-data.s3.amazonaws.com/photos/601247565/original.jpg,352744:331431265:601247565,CC-BY-NC-4.0,"(c) mpearlstein, some rights reserved (CC BY-NC)",2025-12-19,2026-05-10T03:38:36Z,1536x2048,da361f73db8ea94c0bbbfa12c025446c, | processed:768x1024
inaturalist_352744_331431265_601247582,data/processed/moho_verde/inaturalist_352744_331431265_601247582.jpg,moho_verde,inaturalist,https://inaturalist-open-data.s3.amazonaws.com/photos/601247582/original.jpg,352744:331431265:601247582,CC-BY-NC-4.0,"(c) mpearlstein, some rights reserved (CC BY-NC)",2025-12-19,2026-05-10T03:38:37Z,1536x2048,3a8a1df4610aca4ec760319d89391b6d, | processed:768x1024
inaturalist_352744_331431265_601247626,data/processed/moho_verde/inaturalist_352744_331431265_601247626.jpg,moho_verde,inaturalist,https://inaturalist-open-data.s3.amazonaws.com/photos/601247626/original.jpg,352744:331431265:601247626,CC-BY-NC-4.0,"(c) mpearlstein, some rights reserved (CC BY-NC)",2025-12-19,2026-05-10T03:38:38Z,1536x2048,062b424e535cb25384c8f17e5ef335a9, | processed:768x1024
inaturalist_352744_331137060_600640860,data/processed/moho_verde/inaturalist_352744_331137060_600640860.jpg,moho_verde,inaturalist,https://inaturalist-open-data.s3.amazonaws.com/photos/600640860/original.jpg,352744:331137060:600640860,CC-BY-4.0,"(c) Mandy Hackney, some rights reserved (CC BY)",2025-12-17,2026-05-10T03:38:48Z,1536x2048,5df3ce574ed5fc279557b4fbf0c8c6c7, | processed:768x1024
inaturalist_352744_331000571_600362963,data/processed/moho_verde/inaturalist_352744_331000571_600362963.jpg,moho_verde,inaturalist,https://inaturalist-open-data.s3.amazonaws.com/photos/600362963/original.jpg,352744:331000571:600362963,CC-BY-NC-4.0,"(c) Trash Panda Permaculture, some rights reserved (CC BY-NC)",2025-12-14,2026-05-10T03:38:53Z,1536x2048,5c07eb84d6aa405d4b5ad5f572552999, | processed:768x1024
inaturalist_352744_331000571_600363028,data/processed/moho_verde/inaturalist_352744_331000571_600363028.jpg,moho_verde,inaturalist,https://inaturalist-open-data.s3.amazonaws.com/photos/600363028/original.jpg,352744:331000571:600363028,CC-BY-NC-4.0,"(c) Trash Panda Permaculture, some rights reserved (CC BY-NC)",2025-12-14,2026-05-10T03:38:54Z,1536x2048,6a88360f6f8cdb8fd0871ae2bfb5571e, | processed:768x1024
inaturalist_352744_330936402_600224536,data/processed/moho_verde/inaturalist_352744_330936402_600224536.jpg,moho_verde,inaturalist,https://inaturalist-open-data.s3.amazonaws.com/photos/600224536/original.jpg,352744:330936402:600224536,CC-BY-NC-4.0,"(c) peter maaskant, some rights reserved (CC BY-NC)",2025-09-18,2026-05-10T03:38:55Z,2048x1152,2fc49acad47670caf5f507f662b311ab, | processed:1024x576
inaturalist_352744_330867748_600080923,data/processed/moho_verde/inaturalist_352744_330867748_600080923.jpg,moho_verde,inaturalist,https://inaturalist-open-data.s3.amazonaws.com/photos/600080923/original.jpg,352744:330867748:600080923,CC-BY-NC-4.0,"(c) Jan Thornhill, some rights reserved (CC BY-NC)",2022-09-15,2026-05-10T03:38:56Z,2048x1536,4eccba54baf7401e223d044b22ad96d2, | processed:1024x768
wikimedia_179576805,data/processed/moho_verde/wikimedia_179576805.jpg,moho_verde,wikimedia,https://upload.wikimedia.org/wikipedia/commons/3/36/Microscope_view_of_Trichoderma_viride_04.jpg?utm_source=commons.wikimedia.org&utm_campaign=imageinfo&utm_content=original,179576805,CC-BY-4.0,Korinna,2016-03-18 14:26:32,2026-05-10T03:38:39Z,2592x1936,35f58f1a7c18b2082bf012abab72e9a8,Trichoderma viride | processed:1024x765
wikimedia_179576807,data/processed/moho_verde/wikimedia_179576807.jpg,moho_verde,wikimedia,https://upload.wikimedia.org/wikipedia/commons/f/fd/Microscope_view_of_Trichoderma_viride_06.jpg?utm_source=commons.wikimedia.org&utm_campaign=imageinfo&utm_content=original,179576807,CC-BY-4.0,Korinna,2016-03-18 14:20:58,2026-05-10T03:38:41Z,2592x1936,07e1a528f6771526c29dfada4fb16378,Trichoderma viride | processed:1024x765
wikimedia_179576810,data/processed/moho_verde/wikimedia_179576810.jpg,moho_verde,wikimedia,https://upload.wikimedia.org/wikipedia/commons/7/76/Microscope_view_of_Trichoderma_viride_08.jpg?utm_source=commons.wikimedia.org&utm_campaign=imageinfo&utm_content=original,179576810,CC-BY-4.0,Korinna,2016-03-17 11:01:25,2026-05-10T03:38:43Z,2984x3055,8083061c4fbf0438cf0f8b3872466b18,Trichoderma viride | processed:1000x1024
wikimedia_179576814,data/processed/moho_verde/wikimedia_179576814.jpg,moho_verde,wikimedia,https://upload.wikimedia.org/wikipedia/commons/3/32/Microscope_view_of_Trichoderma_viride_09.jpg?utm_source=commons.wikimedia.org&utm_campaign=imageinfo&utm_content=original,179576814,CC-BY-4.0,Korinna,2016-03-17 11:01:41,2026-05-10T03:38:44Z,3210x3127,11858db69c482942cf4026c4a38bd828,Trichoderma viride | processed:1024x998
wikimedia_179576825,data/processed/moho_verde/wikimedia_179576825.jpg,moho_verde,wikimedia,https://upload.wikimedia.org/wikipedia/commons/6/68/Microscope_view_of_Trichoderma_viride_12.jpg?utm_source=commons.wikimedia.org&utm_campaign=imageinfo&utm_content=original,179576825,CC-BY-4.0,Korinna,2016-03-17 10:48:18,2026-05-10T03:38:47Z,2027x1677,7c59b8a41dc0b18a04754dc3a1a2b2f2,Trichoderma viride | processed:1024x847
wikimedia_179576822,data/processed/moho_verde/wikimedia_179576822.jpg,moho_verde,wikimedia,https://upload.wikimedia.org/wikipedia/commons/a/a5/Microscope_view_of_Trichoderma_viride_13.jpg?utm_source=commons.wikimedia.org&utm_campaign=imageinfo&utm_content=original,179576822,CC-BY-4.0,Korinna,2016-03-17 10:48:10,2026-05-10T03:38:48Z,3014x2930,147d7706317cb80cf7fc488a4fc0e3fb,Trichoderma viride | processed:1024x995
wikimedia_179576821,data/processed/moho_verde/wikimedia_179576821.jpg,moho_verde,wikimedia,https://upload.wikimedia.org/wikipedia/commons/5/52/Microscope_view_of_Trichoderma_viride_14.jpg?utm_source=commons.wikimedia.org&utm_campaign=imageinfo&utm_content=original,179576821,CC-BY-4.0,Korinna,2016-03-17 10:44:24,2026-05-10T03:38:49Z,2240x2240,ca6bdf4c64be6ecb4ee05f5b25940060,Trichoderma viride | processed:1024x1024
wikimedia_179576827,data/processed/moho_verde/wikimedia_179576827.jpg,moho_verde,wikimedia,https://upload.wikimedia.org/wikipedia/commons/6/6a/Microscope_view_of_Trichoderma_viride_15.jpg?utm_source=commons.wikimedia.org&utm_campaign=imageinfo&utm_content=original,179576827,CC-BY-4.0,Korinna,2016-03-17 10:49:10,2026-05-10T03:38:50Z,2240x2240,7c91937fcc4f94041d16fdb23f53fb39,Trichoderma viride | processed:1024x1024
wikimedia_179576826,data/processed/moho_verde/wikimedia_179576826.jpg,moho_verde,wikimedia,https://upload.wikimedia.org/wikipedia/commons/a/a2/Microscope_view_of_Trichoderma_viride_16.jpg?utm_source=commons.wikimedia.org&utm_campaign=imageinfo&utm_content=original,179576826,CC-BY-4.0,Korinna,2016-03-17 10:59:49,2026-05-10T03:38:51Z,2240x2240,a91f8b3e0cfccec396040bc95180ef0b,Trichoderma viride | processed:1024x1024
wikimedia_179576835,data/processed/moho_verde/wikimedia_179576835.jpg,moho_verde,wikimedia,https://upload.wikimedia.org/wikipedia/commons/1/1a/Microscope_view_of_Trichoderma_viride_17.jpg?utm_source=commons.wikimedia.org&utm_campaign=imageinfo&utm_content=original,179576835,CC-BY-4.0,Korinna,2016-03-17 11:01:25,2026-05-10T03:38:52Z,2240x2240,62d4a70d4273846a8b209888580e1f6c,Trichoderma viride | processed:1024x1024
wikimedia_6770170,data/processed/moho_verde/wikimedia_6770170.jpg,moho_verde,wikimedia,https://upload.wikimedia.org/wikipedia/commons/c/c5/Trichoderma_conidiophores_16X.png?utm_source=commons.wikimedia.org&utm_campaign=imageinfo&utm_content=original,6770170,CC-BY-SA-4.0,Ninjatacoshell,2007-12,2026-05-10T03:39:06Z,1138x854,bfeb7faf37498d19d0d31647af9d04fb,Trichoderma viride | processed:1024x768
wikimedia_98089420,data/processed/moho_verde/wikimedia_98089420.jpg,moho_verde,wikimedia,https://upload.wikimedia.org/wikipedia/commons/5/5b/Trichoderma_viride_101528594.jpg?utm_source=commons.wikimedia.org&utm_campaign=imageinfo&utm_content=original,98089420,CC0-1.0,Eileen Laidlaw,2020-10-22,2026-05-10T03:39:07Z,1536x2048,825914ac5c09ea890699bb8c14a824c1,Trichoderma viride | processed:768x1024
wikimedia_98089425,data/processed/moho_verde/wikimedia_98089425.jpg,moho_verde,wikimedia,https://upload.wikimedia.org/wikipedia/commons/7/73/Trichoderma_viride_101528625.jpg?utm_source=commons.wikimedia.org&utm_campaign=imageinfo&utm_content=original,98089425,CC0-1.0,Eileen Laidlaw,2020-10-22,2026-05-10T03:39:08Z,1536x2048,41f1ab5014c807727d72fd0bd9832fe2,Trichoderma viride | processed:768x1024
wikimedia_98089394,data/processed/moho_verde/wikimedia_98089394.jpg,moho_verde,wikimedia,https://upload.wikimedia.org/wikipedia/commons/5/59/Trichoderma_viride_108228236.jpg?utm_source=commons.wikimedia.org&utm_campaign=imageinfo&utm_content=original,98089394,CC-BY-SA-4.0,Michel Langeveld,2020-12-25,2026-05-10T03:39:09Z,2048x1536,5111ea61afe2a194bb0ac854c2be06af,Trichoderma viride | processed:1024x768
wikimedia_98363023,data/processed/moho_verde/wikimedia_98363023.jpg,moho_verde,wikimedia,https://upload.wikimedia.org/wikipedia/commons/6/6d/Trichoderma_viride_108826770.jpg?utm_source=commons.wikimedia.org&utm_campaign=imageinfo&utm_content=original,98363023,CC-BY-SA-4.0,Michel Langeveld,2020-12-31,2026-05-10T03:39:11Z,1536x2048,8c72834914fddf793e390235390f660b,Trichoderma viride | processed:768x1024
wikimedia_98471074,data/processed/moho_verde/wikimedia_98471074.jpg,moho_verde,wikimedia,https://upload.wikimedia.org/wikipedia/commons/1/19/Trichoderma_viride_109000809.jpg?utm_source=commons.wikimedia.org&utm_campaign=imageinfo&utm_content=original,98471074,CC-BY-SA-4.0,Michel Langeveld,2021-01-02,2026-05-10T03:39:12Z,2048x1536,e159ccbf7b8ec7b7b16cf8d332e2570c,Trichoderma viride | processed:1024x768
wikimedia_99241464,data/processed/moho_verde/wikimedia_99241464.jpg,moho_verde,wikimedia,https://upload.wikimedia.org/wikipedia/commons/e/e3/Trichoderma_viride_110859467.jpg?utm_source=commons.wikimedia.org&utm_campaign=imageinfo&utm_content=original,99241464,CC-BY-SA-4.0,Michel Langeveld,2021-01-22,2026-05-10T03:39:13Z,1536x2048,2b96b5e9c79b3a7df101c7cf42464fdb,Trichoderma viride | processed:768x1024
wikimedia_117548937,data/processed/moho_verde/wikimedia_117548937.jpg,moho_verde,wikimedia,https://upload.wikimedia.org/wikipedia/commons/4/41/Trichoderma_viride_111332346.jpg?utm_source=commons.wikimedia.org&utm_campaign=imageinfo&utm_content=original,117548937,CC-BY-4.0,Alan Rockefeller,2021-01-26,2026-05-10T03:39:14Z,1536x2048,17fc497f5d0bda76d1d582ff80684900,Trichoderma viride | processed:768x1024
wikimedia_117548932,data/processed/moho_verde/wikimedia_117548932.jpg,moho_verde,wikimedia,https://upload.wikimedia.org/wikipedia/commons/5/5c/Trichoderma_viride_111940161.jpg?utm_source=commons.wikimedia.org&utm_campaign=imageinfo&utm_content=original,117548932,CC0-1.0,Daniel Das,2021-02-03,2026-05-10T03:39:15Z,1536x2048,3b958ba8cb741c41e709bf18dd567ccd,Trichoderma viride | processed:768x1024
wikimedia_117548928,data/processed/moho_verde/wikimedia_117548928.jpg,moho_verde,wikimedia,https://upload.wikimedia.org/wikipedia/commons/6/6e/Trichoderma_viride_112389981.jpg?utm_source=commons.wikimedia.org&utm_campaign=imageinfo&utm_content=original,117548928,CC-BY-4.0,Alan Rockefeller,2021-02-08,2026-05-10T03:39:16Z,2048x1152,5f07c1f8de8f8cf117819b3a7eb5d457,Trichoderma viride | processed:1024x576
wikimedia_98089494,data/processed/moho_verde/wikimedia_98089494.jpg,moho_verde,wikimedia,https://upload.wikimedia.org/wikipedia/commons/7/71/Trichoderma_viride_12929848.jpg?utm_source=commons.wikimedia.org&utm_campaign=imageinfo&utm_content=original,98089494,CC-BY-SA-4.0,Thomas Laxton,2013-07-02,2026-05-10T03:39:17Z,2048x1339,1d891d9de16bdb54371b57811acb2cbd,Trichoderma viride | processed:1024x670
wikimedia_98089482,data/processed/moho_verde/wikimedia_98089482.jpg,moho_verde,wikimedia,https://upload.wikimedia.org/wikipedia/commons/e/e6/Trichoderma_viride_12929849.jpg?utm_source=commons.wikimedia.org&utm_campaign=imageinfo&utm_content=original,98089482,CC-BY-SA-4.0,Thomas Laxton,2013-07-02,2026-05-10T03:39:18Z,2048x1536,24bd48485ca8664c614287612d7968fd,Trichoderma viride | processed:1024x768
wikimedia_117548923,data/processed/moho_verde/wikimedia_117548923.jpg,moho_verde,wikimedia,https://upload.wikimedia.org/wikipedia/commons/8/80/Trichoderma_viride_166123096.jpg?utm_source=commons.wikimedia.org&utm_campaign=imageinfo&utm_content=original,117548923,CC-BY-4.0,Jeff Clark,2021-10-27,2026-05-10T03:39:21Z,2048x1424,2d279404f36aed322ef2c486e1c4cbbd,Trichoderma viride | processed:1024x712
wikimedia_98089466,data/processed/moho_verde/wikimedia_98089466.jpg,moho_verde,wikimedia,https://upload.wikimedia.org/wikipedia/commons/1/1c/Trichoderma_viride_1675082.jpg?utm_source=commons.wikimedia.org&utm_campaign=imageinfo&utm_content=original,98089466,CC-BY-4.0,Jerry Cooper,2007-01-07,2026-05-10T03:39:22Z,1896x1471,aefeaf841db71673e58de41980af7f00,Trichoderma viride | processed:1024x794
wikimedia_117548909,data/processed/moho_verde/wikimedia_117548909.jpg,moho_verde,wikimedia,https://upload.wikimedia.org/wikipedia/commons/4/4a/Trichoderma_viride_187018154.jpg?utm_source=commons.wikimedia.org&utm_campaign=imageinfo&utm_content=original,117548909,CC0-1.0,Eileen Laidlaw,2022-04-09,2026-05-10T03:39:24Z,2048x2048,c0f878f528a8d21c724255fc506e24de,Trichoderma viride | processed:1024x1024
wikimedia_117548888,data/processed/moho_verde/wikimedia_117548888.jpg,moho_verde,wikimedia,https://upload.wikimedia.org/wikipedia/commons/d/d7/Trichoderma_viride_191560950.jpg?utm_source=commons.wikimedia.org&utm_campaign=imageinfo&utm_content=original,117548888,CC-BY-SA-4.0,Michel Langeveld,2022-04-27,2026-05-10T03:39:25Z,2048x1536,983dca2fe18d6546f19a2cbf6ad5e820,Trichoderma viride | processed:1024x768
wikimedia_117548898,data/processed/moho_verde/wikimedia_117548898.jpg,moho_verde,wikimedia,https://upload.wikimedia.org/wikipedia/commons/2/29/Trichoderma_viride_191560992.jpg?utm_source=commons.wikimedia.org&utm_campaign=imageinfo&utm_content=original,117548898,CC-BY-SA-4.0,Michel Langeveld,2022-04-27,2026-05-10T03:39:26Z,2048x1536,0dea5e3cb65059b25c1a37bf5d85f6e3,Trichoderma viride | processed:1024x768
wikimedia_98089456,data/processed/moho_verde/wikimedia_98089456.jpg,moho_verde,wikimedia,https://upload.wikimedia.org/wikipedia/commons/b/b0/Trichoderma_viride_19630873.jpg?utm_source=commons.wikimedia.org&utm_campaign=imageinfo&utm_content=original,98089456,CC-BY-4.0,Katja Schulz,2018-05-28,2026-05-10T03:39:38Z,2048x1536,a721d000829a28c9a2bcb45b34f99005,Trichoderma viride | processed:1024x768
wikimedia_125710647,data/processed/moho_verde/wikimedia_125710647.jpg,moho_verde,wikimedia,https://upload.wikimedia.org/wikipedia/commons/e/ef/Trichoderma_viride_197929008.jpg?utm_source=commons.wikimedia.org&utm_campaign=imageinfo&utm_content=original,125710647,CC0-1.0,Eileen Laidlaw,2022-05-15,2026-05-10T03:39:39Z,2048x2048,aefd46201285a9a9239c7366eb2e159e,Trichoderma viride | processed:1024x1024
wikimedia_98089439,data/processed/moho_verde/wikimedia_98089439.jpg,moho_verde,wikimedia,https://upload.wikimedia.org/wikipedia/commons/3/37/Trichoderma_viride_28864574.jpg?utm_source=commons.wikimedia.org&utm_campaign=imageinfo&utm_content=original,98089439,CC-BY-4.0,Hippytiger,2018-11-27,2026-05-10T03:39:40Z,1536x2048,7ba70d07af1bce8c08ad98e73e50c88a,Trichoderma viride | processed:768x1024
wikimedia_98089446,data/processed/moho_verde/wikimedia_98089446.jpg,moho_verde,wikimedia,https://upload.wikimedia.org/wikipedia/commons/2/29/Trichoderma_viride_28864589.jpg?utm_source=commons.wikimedia.org&utm_campaign=imageinfo&utm_content=original,98089446,CC-BY-4.0,Hippytiger,2018-11-27,2026-05-10T03:39:41Z,1536x2048,a0069d08f333d5f063e3ecb84b4083a7,Trichoderma viride | processed:768x1024
wikimedia_98089449,data/processed/moho_verde/wikimedia_98089449.jpg,moho_verde,wikimedia,https://upload.wikimedia.org/wikipedia/commons/7/78/Trichoderma_viride_28864680.jpg?utm_source=commons.wikimedia.org&utm_campaign=imageinfo&utm_content=original,98089449,CC-BY-4.0,Hippytiger,2018-11-27,2026-05-10T03:39:42Z,1536x2048,a1c015bc5e37373fbdd130736a21de61,Trichoderma viride | processed:768x1024
wikimedia_142178439,data/processed/moho_verde/wikimedia_142178439.jpg,moho_verde,wikimedia,https://upload.wikimedia.org/wikipedia/commons/c/cf/Trichoderma_viride_340876991.jpg?utm_source=commons.wikimedia.org&utm_campaign=imageinfo&utm_content=original,142178439,CC-BY-4.0,joqatana,2023-12-14,2026-05-10T03:39:44Z,756x1008,0c464bfbbfffe500cbe7bd2a3a46d578,Trichoderma viride | processed:756x1008
wikimedia_142178436,data/processed/moho_verde/wikimedia_142178436.jpg,moho_verde,wikimedia,https://upload.wikimedia.org/wikipedia/commons/2/2f/Trichoderma_viride_340877002.jpg?utm_source=commons.wikimedia.org&utm_campaign=imageinfo&utm_content=original,142178436,CC-BY-4.0,joqatana,2023-12-14,2026-05-10T03:39:45Z,756x1008,7f6a191719d17578088796f799d0c103,Trichoderma viride | processed:756x1008
inaturalist_352744_330867748_600080994,data/processed/moho_verde/inaturalist_352744_330867748_600080994.jpg,moho_verde,inaturalist,https://inaturalist-open-data.s3.amazonaws.com/photos/600080994/original.jpg,352744:330867748:600080994,CC-BY-NC-4.0,"(c) Jan Thornhill, some rights reserved (CC BY-NC)",2022-09-15,2026-05-10T03:38:57Z,2048x1536,9c0401b35b17f426c2a8f9a92dd04412, | processed:1024x768
inaturalist_352744_330867748_600080972,data/processed/moho_verde/inaturalist_352744_330867748_600080972.jpg,moho_verde,inaturalist,https://inaturalist-open-data.s3.amazonaws.com/photos/600080972/original.jpg,352744:330867748:600080972,CC-BY-NC-4.0,"(c) Jan Thornhill, some rights reserved (CC BY-NC)",2022-09-15,2026-05-10T03:38:58Z,2048x1536,8a438e4cd6bf40392fbbb762489a69ea, | processed:1024x768
inaturalist_352744_330726486_599793698,data/processed/moho_verde/inaturalist_352744_330726486_599793698.jpg,moho_verde,inaturalist,https://inaturalist-open-data.s3.amazonaws.com/photos/599793698/original.jpg,352744:330726486:599793698,CC-BY-4.0,"(c) Michel Langeveld, some rights reserved (CC BY)",2025-12-14,2026-05-10T03:38:59Z,1152x2048,91fbb02758ffa0e3f6c825cedf3a4589, | processed:576x1024
inaturalist_352744_330638067_599610013,data/processed/moho_verde/inaturalist_352744_330638067_599610013.jpg,moho_verde,inaturalist,https://inaturalist-open-data.s3.amazonaws.com/photos/599610013/original.jpg,352744:330638067:599610013,CC-BY-NC-4.0,"(c) johnlikeplants, some rights reserved (CC BY-NC)",2025-12-13,2026-05-10T03:39:00Z,1536x2048,56c47ebe452a233ac626147cd2bfb5c6, | processed:768x1024
inaturalist_352744_330638067_599610000,data/processed/moho_verde/inaturalist_352744_330638067_599610000.jpg,moho_verde,inaturalist,https://inaturalist-open-data.s3.amazonaws.com/photos/599610000/original.jpg,352744:330638067:599610000,CC-BY-NC-4.0,"(c) johnlikeplants, some rights reserved (CC BY-NC)",2025-12-13,2026-05-10T03:39:01Z,1536x2048,154ecb81907c1fe3312cd58654d612b8, | processed:768x1024
inaturalist_352744_330638067_599609982,data/processed/moho_verde/inaturalist_352744_330638067_599609982.jpg,moho_verde,inaturalist,https://inaturalist-open-data.s3.amazonaws.com/photos/599609982/original.jpg,352744:330638067:599609982,CC-BY-NC-4.0,"(c) johnlikeplants, some rights reserved (CC BY-NC)",2025-12-13,2026-05-10T03:39:02Z,1536x2048,b004ff6493291cd13fc3b979cc4b343f, | processed:768x1024
inaturalist_352744_330638067_599610028,data/processed/moho_verde/inaturalist_352744_330638067_599610028.jpg,moho_verde,inaturalist,https://inaturalist-open-data.s3.amazonaws.com/photos/599610028/original.jpg,352744:330638067:599610028,CC-BY-NC-4.0,"(c) johnlikeplants, some rights reserved (CC BY-NC)",2025-12-13,2026-05-10T03:39:03Z,1536x2048,a93ec7f7b55b99109006f419403d1dea, | processed:768x1024
inaturalist_352744_330638067_599610043,data/processed/moho_verde/inaturalist_352744_330638067_599610043.jpg,moho_verde,inaturalist,https://inaturalist-open-data.s3.amazonaws.com/photos/599610043/original.jpg,352744:330638067:599610043,CC-BY-NC-4.0,"(c) johnlikeplants, some rights reserved (CC BY-NC)",2025-12-13,2026-05-10T03:39:04Z,1536x2048,c577eb5d51fb0dec6d7838b5f31ee076, | processed:768x1024
inaturalist_352744_330638067_599610058,data/processed/moho_verde/inaturalist_352744_330638067_599610058.jpg,moho_verde,inaturalist,https://inaturalist-open-data.s3.amazonaws.com/photos/599610058/original.jpg,352744:330638067:599610058,CC-BY-NC-4.0,"(c) johnlikeplants, some rights reserved (CC BY-NC)",2025-12-13,2026-05-10T03:39:05Z,1536x2048,83ee68cf37a7ee870cd8831538c506c4, | processed:768x1024
inaturalist_352744_330638067_599610076,data/processed/moho_verde/inaturalist_352744_330638067_599610076.jpg,moho_verde,inaturalist,https://inaturalist-open-data.s3.amazonaws.com/photos/599610076/original.jpg,352744:330638067:599610076,CC-BY-NC-4.0,"(c) johnlikeplants, some rights reserved (CC BY-NC)",2025-12-13,2026-05-10T03:39:06Z,1536x2048,26a123966e1351b01b66b5264a2cc9c0, | processed:768x1024
inaturalist_352744_330638067_599610095,data/processed/moho_verde/inaturalist_352744_330638067_599610095.jpg,moho_verde,inaturalist,https://inaturalist-open-data.s3.amazonaws.com/photos/599610095/original.jpg,352744:330638067:599610095,CC-BY-NC-4.0,"(c) johnlikeplants, some rights reserved (CC BY-NC)",2025-12-13,2026-05-10T03:39:07Z,1536x2048,3da9dc431915afb81c0713d3adaa3857, | processed:768x1024
inaturalist_352744_330625248_599583227,data/processed/moho_verde/inaturalist_352744_330625248_599583227.jpg,moho_verde,inaturalist,https://inaturalist-open-data.s3.amazonaws.com/photos/599583227/original.jpg,352744:330625248:599583227,CC-BY-NC-4.0,"(c) bojanarko, some rights reserved (CC BY-NC)",2025-12-13,2026-05-10T03:39:08Z,2048x1404,2f15978aefbd8e7d269df1daf6792a5c, | processed:1024x702
inaturalist_352744_330625248_599583238,data/processed/moho_verde/inaturalist_352744_330625248_599583238.jpg,moho_verde,inaturalist,https://inaturalist-open-data.s3.amazonaws.com/photos/599583238/original.jpg,352744:330625248:599583238,CC-BY-NC-4.0,"(c) bojanarko, some rights reserved (CC BY-NC)",2025-12-13,2026-05-10T03:39:09Z,1449x2048,3932a3a8b86c19ff701655b19e8e5c83, | processed:724x1024
inaturalist_352744_330625248_599583223,data/processed/moho_verde/inaturalist_352744_330625248_599583223.jpg,moho_verde,inaturalist,https://inaturalist-open-data.s3.amazonaws.com/photos/599583223/original.jpg,352744:330625248:599583223,CC-BY-NC-4.0,"(c) bojanarko, some rights reserved (CC BY-NC)",2025-12-13,2026-05-10T03:39:10Z,1569x2048,c36c3f843877c8e6a566d05a1417641e, | processed:784x1024
inaturalist_352744_330625248_599583259,data/processed/moho_verde/inaturalist_352744_330625248_599583259.jpg,moho_verde,inaturalist,https://inaturalist-open-data.s3.amazonaws.com/photos/599583259/original.jpg,352744:330625248:599583259,CC-BY-NC-4.0,"(c) bojanarko, some rights reserved (CC BY-NC)",2025-12-13,2026-05-10T03:39:11Z,1198x2048,d95e3cdb2f2c81da0d8de8d197b5e7ef, | processed:599x1024
inaturalist_352744_330625248_599583255,data/processed/moho_verde/inaturalist_352744_330625248_599583255.jpg,moho_verde,inaturalist,https://inaturalist-open-data.s3.amazonaws.com/photos/599583255/original.jpg,352744:330625248:599583255,CC-BY-NC-4.0,"(c) bojanarko, some rights reserved (CC BY-NC)",2025-12-13,2026-05-10T03:39:12Z,2048x946,f6919b616c757366a2cf13aeb589b558, | processed:1024x473
inaturalist_352744_330625248_599583258,data/processed/moho_verde/inaturalist_352744_330625248_599583258.jpg,moho_verde,inaturalist,https://inaturalist-open-data.s3.amazonaws.com/photos/599583258/original.jpg,352744:330625248:599583258,CC-BY-NC-4.0,"(c) bojanarko, some rights reserved (CC BY-NC)",2025-12-13,2026-05-10T03:39:13Z,2048x1173,43c7dedf15da032a22be355bd65327f7, | processed:1024x586
inaturalist_352744_330625248_599583314,data/processed/moho_verde/inaturalist_352744_330625248_599583314.jpg,moho_verde,inaturalist,https://inaturalist-open-data.s3.amazonaws.com/photos/599583314/original.jpg,352744:330625248:599583314,CC-BY-NC-4.0,"(c) bojanarko, some rights reserved (CC BY-NC)",2025-12-13,2026-05-10T03:39:14Z,2048x1046,3072142720fa3f318e59113a123f756a, | processed:1024x523
inaturalist_352744_330613617_599558490,data/processed/moho_verde/inaturalist_352744_330613617_599558490.jpg,moho_verde,inaturalist,https://inaturalist-open-data.s3.amazonaws.com/photos/599558490/original.jpg,352744:330613617:599558490,CC-BY-NC-4.0,"(c) Melisa Clarke, some rights reserved (CC BY-NC)",2025-12-06,2026-05-10T03:39:15Z,1536x2048,0a83d299e170fd5ae661de4743750c36, | processed:768x1024
inaturalist_352744_330597951_599525742,data/processed/moho_verde/inaturalist_352744_330597951_599525742.jpg,moho_verde,inaturalist,https://inaturalist-open-data.s3.amazonaws.com/photos/599525742/original.jpg,352744:330597951:599525742,CC-BY-NC-4.0,"(c) wes, some rights reserved (CC BY-NC)",2025-12-13,2026-05-10T03:39:16Z,1152x2048,a525c5382636f0f5a30d505ff337eea7, | processed:576x1024
inaturalist_352744_330487763_599297819,data/processed/moho_verde/inaturalist_352744_330487763_599297819.jpg,moho_verde,inaturalist,https://inaturalist-open-data.s3.amazonaws.com/photos/599297819/original.jpg,352744:330487763:599297819,CC-BY-4.0,"(c) Cara Ennis, some rights reserved (CC BY)",2025-12-12,2026-05-10T03:39:20Z,2048x1366,7c14e3006dd5a3f8c7bfce4a60ad22d6, | processed:1024x683
inaturalist_352744_330465360_599252121,data/processed/moho_verde/inaturalist_352744_330465360_599252121.jpg,moho_verde,inaturalist,https://inaturalist-open-data.s3.amazonaws.com/photos/599252121/original.jpg,352744:330465360:599252121,CC-BY-NC-4.0,"(c) dgarc3, some rights reserved (CC BY-NC)",2025-12-12,2026-05-10T03:39:21Z,1536x2048,6cbd1714cf1d0dc0e0f1566f081565cd, | processed:768x1024
inaturalist_352744_330365955_599049471,data/processed/moho_verde/inaturalist_352744_330365955_599049471.jpg,moho_verde,inaturalist,https://inaturalist-open-data.s3.amazonaws.com/photos/599049471/original.jpg,352744:330365955:599049471,CC-BY-NC-4.0,"(c) Nur Ritter, some rights reserved (CC BY-NC)",2025-12-11,2026-05-10T03:39:23Z,2048x1536,9cc91361bd9a5424d44c83a7679d3dd5, | processed:1024x768
inaturalist_352744_330365955_599049472,data/processed/moho_verde/inaturalist_352744_330365955_599049472.jpg,moho_verde,inaturalist,https://inaturalist-open-data.s3.amazonaws.com/photos/599049472/original.jpg,352744:330365955:599049472,CC-BY-NC-4.0,"(c) Nur Ritter, some rights reserved (CC BY-NC)",2025-12-11,2026-05-10T03:39:24Z,2048x1536,cef12730c1fbe9fdf3a4510b56ca8d78, | processed:1024x768
inaturalist_352744_330349496_599014259,data/processed/moho_verde/inaturalist_352744_330349496_599014259.jpg,moho_verde,inaturalist,https://inaturalist-open-data.s3.amazonaws.com/photos/599014259/original.jpg,352744:330349496:599014259,CC-BY-NC-4.0,"(c) Наталья Бондарева, some rights reserved (CC BY-NC)",2025-12-11,2026-05-10T03:39:25Z,2048x1365,3f4947dfea02a6b3c203c6123852317a, | processed:1024x682
inaturalist_352744_330349496_599014302,data/processed/moho_verde/inaturalist_352744_330349496_599014302.jpg,moho_verde,inaturalist,https://inaturalist-open-data.s3.amazonaws.com/photos/599014302/original.jpg,352744:330349496:599014302,CC-BY-NC-4.0,"(c) Наталья Бондарева, some rights reserved (CC BY-NC)",2025-12-11,2026-05-10T03:39:26Z,2048x1365,85e60871fc07e4074058dd7dc15e98ef, | processed:1024x682
inaturalist_352744_330310109_598933453,data/processed/moho_verde/inaturalist_352744_330310109_598933453.jpg,moho_verde,inaturalist,https://inaturalist-open-data.s3.amazonaws.com/photos/598933453/original.jpg,352744:330310109:598933453,CC-BY-4.0,"(c) reagan peschke, some rights reserved (CC BY)",2025-11-23,2026-05-10T03:39:27Z,2048x1536,8adf50b3eb43ebcd692cfff37ae1cb13, | processed:1024x768
inaturalist_352744_330310109_598933462,data/processed/moho_verde/inaturalist_352744_330310109_598933462.jpg,moho_verde,inaturalist,https://inaturalist-open-data.s3.amazonaws.com/photos/598933462/original.jpg,352744:330310109:598933462,CC-BY-4.0,"(c) reagan peschke, some rights reserved (CC BY)",2025-11-23,2026-05-10T03:39:28Z,2048x1536,427aa69f2955fd079b421b3d89969b2c, | processed:1024x768
inaturalist_352744_330310109_598933458,data/processed/moho_verde/inaturalist_352744_330310109_598933458.jpg,moho_verde,inaturalist,https://inaturalist-open-data.s3.amazonaws.com/photos/598933458/original.jpg,352744:330310109:598933458,CC-BY-4.0,"(c) reagan peschke, some rights reserved (CC BY)",2025-11-23,2026-05-10T03:39:29Z,2048x1536,276d3f71a47e867f45bcd919451df527, | processed:1024x768
inaturalist_352744_330310109_598933459,data/processed/moho_verde/inaturalist_352744_330310109_598933459.jpg,moho_verde,inaturalist,https://inaturalist-open-data.s3.amazonaws.com/photos/598933459/original.jpg,352744:330310109:598933459,CC-BY-4.0,"(c) reagan peschke, some rights reserved (CC BY)",2025-11-23,2026-05-10T03:39:30Z,1536x2048,d2e0ce3428850d8ad81ea10715b108fa, | processed:768x1024
inaturalist_352744_330240525_598791465,data/processed/moho_verde/inaturalist_352744_330240525_598791465.jpg,moho_verde,inaturalist,https://inaturalist-open-data.s3.amazonaws.com/photos/598791465/original.jpg,352744:330240525:598791465,CC-BY-NC-4.0,"(c) Carmel Cameron, some rights reserved (CC BY-NC)",2025-12-05,2026-05-10T03:39:37Z,2048x2048,b2afbdd0b4e9ffdfa00cb1d81c405fa3, | processed:1024x1024
inaturalist_352744_330240525_598792061,data/processed/moho_verde/inaturalist_352744_330240525_598792061.jpg,moho_verde,inaturalist,https://inaturalist-open-data.s3.amazonaws.com/photos/598792061/original.jpg,352744:330240525:598792061,CC-BY-NC-4.0,"(c) Carmel Cameron, some rights reserved (CC BY-NC)",2025-12-05,2026-05-10T03:39:38Z,2048x2048,fc6bb8fd7712ab2a94cccc901949af29, | processed:1024x1024
inaturalist_352744_330240525_598792058,data/processed/moho_verde/inaturalist_352744_330240525_598792058.jpg,moho_verde,inaturalist,https://inaturalist-open-data.s3.amazonaws.com/photos/598792058/original.jpg,352744:330240525:598792058,CC-BY-NC-4.0,"(c) Carmel Cameron, some rights reserved (CC BY-NC)",2025-12-05,2026-05-10T03:39:39Z,1140x859,65c7ae9bcacee2266f72ad13df70cd95, | processed:1024x772
inaturalist_352744_330240525_598793795,data/processed/moho_verde/inaturalist_352744_330240525_598793795.jpg,moho_verde,inaturalist,https://inaturalist-open-data.s3.amazonaws.com/photos/598793795/original.jpg,352744:330240525:598793795,CC-BY-NC-4.0,"(c) Carmel Cameron, some rights reserved (CC BY-NC)",2025-12-05,2026-05-10T03:39:40Z,1592x1592,3f803da0a249c0ded1ffbb6bb85ce0d9, | processed:1024x1024
inaturalist_352744_330240525_598803589,data/processed/moho_verde/inaturalist_352744_330240525_598803589.jpg,moho_verde,inaturalist,https://inaturalist-open-data.s3.amazonaws.com/photos/598803589/original.jpg,352744:330240525:598803589,CC-BY-NC-4.0,"(c) Carmel Cameron, some rights reserved (CC BY-NC)",2025-12-05,2026-05-10T03:39:42Z,1963x1963,6452d0aedac97c12adf1b1d2c48effc0, | processed:1024x1024
inaturalist_352744_330240525_598803658,data/processed/moho_verde/inaturalist_352744_330240525_598803658.jpg,moho_verde,inaturalist,https://inaturalist-open-data.s3.amazonaws.com/photos/598803658/original.jpg,352744:330240525:598803658,CC-BY-NC-4.0,"(c) Carmel Cameron, some rights reserved (CC BY-NC)",2025-12-05,2026-05-10T03:39:42Z,2048x2048,e96dc6f0af530fe55bf5828a082807a7, | processed:1024x1024
inaturalist_352744_330227129_598812145,data/processed/moho_verde/inaturalist_352744_330227129_598812145.jpg,moho_verde,inaturalist,https://inaturalist-open-data.s3.amazonaws.com/photos/598812145/original.jpg,352744:330227129:598812145,CC-BY-4.0,"(c) Bohan Jia, some rights reserved (CC BY)",2025-12-10,2026-05-10T03:39:43Z,2048x1536,7007186f84bd2d652f4d530839f6ea57, | processed:1024x768
inaturalist_352744_330227129_598996530,data/processed/moho_verde/inaturalist_352744_330227129_598996530.jpg,moho_verde,inaturalist,https://inaturalist-open-data.s3.amazonaws.com/photos/598996530/original.jpg,352744:330227129:598996530,CC-BY-4.0,"(c) Bohan Jia, some rights reserved (CC BY)",2025-12-10,2026-05-10T03:39:44Z,2048x1536,9838477fb895d39897550d0300ff1bee, | processed:1024x768
inaturalist_352744_330227129_598996540,data/processed/moho_verde/inaturalist_352744_330227129_598996540.jpg,moho_verde,inaturalist,https://inaturalist-open-data.s3.amazonaws.com/photos/598996540/original.jpg,352744:330227129:598996540,CC-BY-4.0,"(c) Bohan Jia, some rights reserved (CC BY)",2025-12-10,2026-05-10T03:39:45Z,1216x1216,ace8ec95f4e962f3f31b0d15f67d9863, | processed:1024x1024
inaturalist_352744_329810179_597915674,data/processed/moho_verde/inaturalist_352744_329810179_597915674.jpg,moho_verde,inaturalist,https://inaturalist-open-data.s3.amazonaws.com/photos/597915674/original.jpg,352744:329810179:597915674,CC-BY-4.0,"(c) Steven Joyner, some rights reserved (CC BY)",2025-11-27,2026-05-10T03:39:47Z,1543x811,ba0f8a56554740258ba2716c90b8e584, | processed:1024x538
inaturalist_352744_329750286_597793668,data/processed/moho_verde/inaturalist_352744_329750286_597793668.jpg,moho_verde,inaturalist,https://inaturalist-open-data.s3.amazonaws.com/photos/597793668/original.jpg,352744:329750286:597793668,CC-BY-NC-4.0,"(c) chocophile, some rights reserved (CC BY-NC)",2025-12-06,2026-05-10T03:39:48Z,2048x1536,e885f24ea4487c3350bef7c8db86efba, | processed:1024x768
inaturalist_352744_329750286_597793667,data/processed/moho_verde/inaturalist_352744_329750286_597793667.jpg,moho_verde,inaturalist,https://inaturalist-open-data.s3.amazonaws.com/photos/597793667/original.jpg,352744:329750286:597793667,CC-BY-NC-4.0,"(c) chocophile, some rights reserved (CC BY-NC)",2025-12-06,2026-05-10T03:39:49Z,1536x2048,4cbaabeb884ba07625d516e989e11cf6, | processed:768x1024
inaturalist_352744_329735353_597764402,data/processed/moho_verde/inaturalist_352744_329735353_597764402.jpg,moho_verde,inaturalist,https://inaturalist-open-data.s3.amazonaws.com/photos/597764402/original.jpg,352744:329735353:597764402,CC-BY-NC-4.0,"(c) mary, some rights reserved (CC BY-NC)",2025-11-29,2026-05-10T03:39:50Z,1536x2048,784b213fe81b9032371d811e8c08593b, | processed:768x1024
inaturalist_352744_329659799_597611204,data/processed/moho_verde/inaturalist_352744_329659799_597611204.jpg,moho_verde,inaturalist,https://inaturalist-open-data.s3.amazonaws.com/photos/597611204/original.jpg,352744:329659799:597611204,CC-BY-NC-4.0,"(c) bos__mutus, some rights reserved (CC BY-NC)",2025-12-05,2026-05-10T03:39:53Z,2048x1536,b368765379476d491b30211ec45c9342, | processed:1024x768
inaturalist_352744_329625474_597544814,data/processed/moho_verde/inaturalist_352744_329625474_597544814.jpg,moho_verde,inaturalist,https://inaturalist-open-data.s3.amazonaws.com/photos/597544814/original.jpg,352744:329625474:597544814,CC-BY-NC-4.0,"(c) Silverado Jim, some rights reserved (CC BY-NC)",2025-12-05,2026-05-10T03:39:54Z,1536x2048,55012d4c1dfb8010180b67ed4b9d1e67, | processed:768x1024
inaturalist_352744_329611374_597519021,data/processed/moho_verde/inaturalist_352744_329611374_597519021.jpg,moho_verde,inaturalist,https://inaturalist-open-data.s3.amazonaws.com/photos/597519021/original.jpg,352744:329611374:597519021,CC-BY-NC-4.0,"(c) Deborah Tharp, some rights reserved (CC BY-NC)",2025-08-30,2026-05-10T03:39:55Z,1536x2048,9c171672f51b06bbe7f19389ab4f9b63, | processed:768x1024
inaturalist_352744_329593332_597482516,data/processed/moho_verde/inaturalist_352744_329593332_597482516.jpg,moho_verde,inaturalist,https://inaturalist-open-data.s3.amazonaws.com/photos/597482516/original.jpg,352744:329593332:597482516,CC-BY-NC-4.0,"(c) Yury Kvach, some rights reserved (CC BY-NC)",2025-12-05,2026-05-10T03:39:56Z,1536x2048,7c5f4bbf4ba4447864537e7af9426ff0, | processed:768x1024
inaturalist_352744_329593332_597482823,data/processed/moho_verde/inaturalist_352744_329593332_597482823.jpg,moho_verde,inaturalist,https://inaturalist-open-data.s3.amazonaws.com/photos/597482823/original.jpg,352744:329593332:597482823,CC-BY-NC-4.0,"(c) Yury Kvach, some rights reserved (CC BY-NC)",2025-12-05,2026-05-10T03:39:57Z,1536x2048,dbd26837f06d3386b28c1c54581877b6, | processed:768x1024
inaturalist_352744_329524904_596601157,data/processed/moho_verde/inaturalist_352744_329524904_596601157.jpg,moho_verde,inaturalist,https://inaturalist-open-data.s3.amazonaws.com/photos/596601157/original.jpg,352744:329524904:596601157,CC-BY-NC-4.0,"(c) Matt Saunders, some rights reserved (CC BY-NC)",2025-12-02,2026-05-10T03:39:58Z,1536x2048,743f4597bfee512cfc5985fa7df8fa59, | processed:768x1024
inaturalist_352744_329524904_596601136,data/processed/moho_verde/inaturalist_352744_329524904_596601136.jpg,moho_verde,inaturalist,https://inaturalist-open-data.s3.amazonaws.com/photos/596601136/original.jpg,352744:329524904:596601136,CC-BY-NC-4.0,"(c) Matt Saunders, some rights reserved (CC BY-NC)",2025-12-02,2026-05-10T03:39:59Z,1502x2048,3597143a2f952564f4b7d92eb696b128, | processed:751x1024
inaturalist_352744_329524904_596601168,data/processed/moho_verde/inaturalist_352744_329524904_596601168.jpg,moho_verde,inaturalist,https://inaturalist-open-data.s3.amazonaws.com/photos/596601168/original.jpg,352744:329524904:596601168,CC-BY-NC-4.0,"(c) Matt Saunders, some rights reserved (CC BY-NC)",2025-12-02,2026-05-10T03:40:00Z,2048x1536,5d9da303facea1abd565ffe07eb5dbfa, | processed:1024x768
inaturalist_352744_329524904_596601186,data/processed/moho_verde/inaturalist_352744_329524904_596601186.jpg,moho_verde,inaturalist,https://inaturalist-open-data.s3.amazonaws.com/photos/596601186/original.jpg,352744:329524904:596601186,CC-BY-NC-4.0,"(c) Matt Saunders, some rights reserved (CC BY-NC)",2025-12-02,2026-05-10T03:40:01Z,1536x2048,341cf0a5bfc6a407fb2c9278bc16167b, | processed:768x1024
inaturalist_352744_329524904_596601191,data/processed/moho_verde/inaturalist_352744_329524904_596601191.jpg,moho_verde,inaturalist,https://inaturalist-open-data.s3.amazonaws.com/photos/596601191/original.jpg,352744:329524904:596601191,CC-BY-NC-4.0,"(c) Matt Saunders, some rights reserved (CC BY-NC)",2025-12-02,2026-05-10T03:40:02Z,1536x2048,3ecca2c0781826deee43b83bf505d6ff, | processed:768x1024
inaturalist_352744_329524904_596601201,data/processed/moho_verde/inaturalist_352744_329524904_596601201.jpg,moho_verde,inaturalist,https://inaturalist-open-data.s3.amazonaws.com/photos/596601201/original.jpg,352744:329524904:596601201,CC-BY-NC-4.0,"(c) Matt Saunders, some rights reserved (CC BY-NC)",2025-12-02,2026-05-10T03:40:03Z,1536x2048,8f526c3ca538d6c7782d4dea5b091090, | processed:768x1024
inaturalist_352744_329524904_596601214,data/processed/moho_verde/inaturalist_352744_329524904_596601214.jpg,moho_verde,inaturalist,https://inaturalist-open-data.s3.amazonaws.com/photos/596601214/original.jpg,352744:329524904:596601214,CC-BY-NC-4.0,"(c) Matt Saunders, some rights reserved (CC BY-NC)",2025-12-02,2026-05-10T03:40:04Z,1536x2048,dc9eb60bb31085ad1d14bd7c92c106ae, | processed:768x1024
inaturalist_352744_329524904_596601223,data/processed/moho_verde/inaturalist_352744_329524904_596601223.jpg,moho_verde,inaturalist,https://inaturalist-open-data.s3.amazonaws.com/photos/596601223/original.jpg,352744:329524904:596601223,CC-BY-NC-4.0,"(c) Matt Saunders, some rights reserved (CC BY-NC)",2025-12-02,2026-05-10T03:40:05Z,1536x2048,2e536a3ba918f1ebe51488481e8f2220, | processed:768x1024
inaturalist_352744_329524904_596601227,data/processed/moho_verde/inaturalist_352744_329524904_596601227.jpg,moho_verde,inaturalist,https://inaturalist-open-data.s3.amazonaws.com/photos/596601227/original.jpg,352744:329524904:596601227,CC-BY-NC-4.0,"(c) Matt Saunders, some rights reserved (CC BY-NC)",2025-12-02,2026-05-10T03:40:06Z,1536x2048,31e0079db43a7cf8e725eacea011f123, | processed:768x1024
inaturalist_352744_329524904_596601246,data/processed/moho_verde/inaturalist_352744_329524904_596601246.jpg,moho_verde,inaturalist,https://inaturalist-open-data.s3.amazonaws.com/photos/596601246/original.jpg,352744:329524904:596601246,CC-BY-NC-4.0,"(c) Matt Saunders, some rights reserved (CC BY-NC)",2025-12-02,2026-05-10T03:40:07Z,1536x2048,ec106e5133dc85185277697525f249f9, | processed:768x1024
inaturalist_352744_329524904_596601261,data/processed/moho_verde/inaturalist_352744_329524904_596601261.jpg,moho_verde,inaturalist,https://inaturalist-open-data.s3.amazonaws.com/photos/596601261/original.jpg,352744:329524904:596601261,CC-BY-NC-4.0,"(c) Matt Saunders, some rights reserved (CC BY-NC)",2025-12-02,2026-05-10T03:40:08Z,1536x2048,1da53145e3b3f85da1aad63296a0d70d, | processed:768x1024
inaturalist_352744_329524904_596601288,data/processed/moho_verde/inaturalist_352744_329524904_596601288.jpg,moho_verde,inaturalist,https://inaturalist-open-data.s3.amazonaws.com/photos/596601288/original.jpg,352744:329524904:596601288,CC-BY-NC-4.0,"(c) Matt Saunders, some rights reserved (CC BY-NC)",2025-12-02,2026-05-10T03:40:09Z,1536x2048,865b86e6aa1815f120aef70b313a4f14, | processed:768x1024
inaturalist_352744_329524904_596601285,data/processed/moho_verde/inaturalist_352744_329524904_596601285.jpg,moho_verde,inaturalist,https://inaturalist-open-data.s3.amazonaws.com/photos/596601285/original.jpg,352744:329524904:596601285,CC-BY-NC-4.0,"(c) Matt Saunders, some rights reserved (CC BY-NC)",2025-12-02,2026-05-10T03:40:10Z,1536x2048,f4f3f59d489bc59ad5585811ce502f19, | processed:768x1024
inaturalist_352744_329252506_596787379,data/processed/moho_verde/inaturalist_352744_329252506_596787379.jpg,moho_verde,inaturalist,https://inaturalist-open-data.s3.amazonaws.com/photos/596787379/original.jpg,352744:329252506:596787379,CC-BY-NC-4.0,"(c) SJGArchive, some rights reserved (CC BY-NC)",2025-12-02,2026-05-10T03:40:15Z,2048x1536,290b77c9ae767081c45f9bfa06d861bf, | processed:1024x768
inaturalist_352744_329252506_596787478,data/processed/moho_verde/inaturalist_352744_329252506_596787478.jpg,moho_verde,inaturalist,https://inaturalist-open-data.s3.amazonaws.com/photos/596787478/original.jpg,352744:329252506:596787478,CC-BY-NC-4.0,"(c) SJGArchive, some rights reserved (CC BY-NC)",2025-12-02,2026-05-10T03:40:16Z,2048x1536,4f3d716f59c6b40be8a5fecf2d235304, | processed:1024x768
inaturalist_352744_329252506_596787438,data/processed/moho_verde/inaturalist_352744_329252506_596787438.jpg,moho_verde,inaturalist,https://inaturalist-open-data.s3.amazonaws.com/photos/596787438/original.jpg,352744:329252506:596787438,CC-BY-NC-4.0,"(c) SJGArchive, some rights reserved (CC BY-NC)",2025-12-02,2026-05-10T03:40:17Z,2048x1536,adc966e0611a9d5e7a3647bcaa8007c4, | processed:1024x768
inaturalist_352744_329252506_596787406,data/processed/moho_verde/inaturalist_352744_329252506_596787406.jpg,moho_verde,inaturalist,https://inaturalist-open-data.s3.amazonaws.com/photos/596787406/original.jpg,352744:329252506:596787406,CC-BY-NC-4.0,"(c) SJGArchive, some rights reserved (CC BY-NC)",2025-12-02,2026-05-10T03:40:18Z,2048x1536,dac421e7df62ca5fa52e0dfa3e1a91be, | processed:1024x768
inaturalist_352744_329126684_596534251,data/processed/moho_verde/inaturalist_352744_329126684_596534251.jpg,moho_verde,inaturalist,https://inaturalist-open-data.s3.amazonaws.com/photos/596534251/original.jpg,352744:329126684:596534251,CC-BY-NC-4.0,"(c) Jack Bindernagel, some rights reserved (CC BY-NC)",2025-11-23,2026-05-10T03:40:31Z,2048x1536,c6a74cdff8e49316694f0957cb58ae7b, | processed:1024x768
inaturalist_352744_329126684_596534269,data/processed/moho_verde/inaturalist_352744_329126684_596534269.jpg,moho_verde,inaturalist,https://inaturalist-open-data.s3.amazonaws.com/photos/596534269/original.jpg,352744:329126684:596534269,CC-BY-NC-4.0,"(c) Jack Bindernagel, some rights reserved (CC BY-NC)",2025-11-23,2026-05-10T03:40:32Z,2048x1536,4ff17706191901ef1ce7547aa81a0f71, | processed:1024x768
inaturalist_352744_329075472_596435066,data/processed/moho_verde/inaturalist_352744_329075472_596435066.jpg,moho_verde,inaturalist,https://inaturalist-open-data.s3.amazonaws.com/photos/596435066/original.jpg,352744:329075472:596435066,CC-BY-NC-4.0,"(c) Jen, some rights reserved (CC BY-NC)",2025-11-30,2026-05-10T03:40:36Z,2048x2047,6dfa87913a7f26094e4dffee7f388ad9, | processed:1024x1024
inaturalist_352596_169387972_293661018,data/processed/moho_verde/inaturalist_352596_169387972_293661018.jpg,moho_verde,inaturalist,https://inaturalist-open-data.s3.amazonaws.com/photos/293661018/original.jpg,352596:169387972:293661018,CC-BY-NC-4.0,"(c) Jaren Hockert, some rights reserved (CC BY-NC)",2023-06-22,2026-05-10T03:40:41Z,1536x2048,cbe20149419d70a486c9a31d816728d6, | processed:768x1024
inaturalist_352596_169387972_293661078,data/processed/moho_verde/inaturalist_352596_169387972_293661078.jpg,moho_verde,inaturalist,https://inaturalist-open-data.s3.amazonaws.com/photos/293661078/original.jpg,352596:169387972:293661078,CC-BY-NC-4.0,"(c) Jaren Hockert, some rights reserved (CC BY-NC)",2023-06-22,2026-05-10T03:40:42Z,1536x2048,b9edcffd10bae1f2e969c4a8030a6327, | processed:768x1024
inaturalist_352596_169387972_293663150,data/processed/moho_verde/inaturalist_352596_169387972_293663150.jpg,moho_verde,inaturalist,https://inaturalist-open-data.s3.amazonaws.com/photos/293663150/original.jpg,352596:169387972:293663150,CC-BY-NC-4.0,"(c) Jaren Hockert, some rights reserved (CC BY-NC)",2023-06-22,2026-05-10T03:40:43Z,1536x2048,3ed168b09ff3cad9ec9b876ade6676de, | processed:768x1024
inaturalist_352596_169387972_293663258,data/processed/moho_verde/inaturalist_352596_169387972_293663258.jpg,moho_verde,inaturalist,https://inaturalist-open-data.s3.amazonaws.com/photos/293663258/original.jpg,352596:169387972:293663258,CC-BY-NC-4.0,"(c) Jaren Hockert, some rights reserved (CC BY-NC)",2023-06-22,2026-05-10T03:40:44Z,1536x2048,0dbeb8e402b0313ea1a0e5ac5cde043a, | processed:768x1024
inaturalist_352596_167575363_290312809,data/processed/moho_verde/inaturalist_352596_167575363_290312809.jpg,moho_verde,inaturalist,https://inaturalist-open-data.s3.amazonaws.com/photos/290312809/original.jpg,352596:167575363:290312809,CC-BY-NC-4.0,"(c) Jaren Hockert, some rights reserved (CC BY-NC)",2023-05-15,2026-05-10T03:40:45Z,1536x2048,e8b1f17af162862ff876cfbbd3238a46, | processed:768x1024
inaturalist_352596_167575363_290308946,data/processed/moho_verde/inaturalist_352596_167575363_290308946.jpg,moho_verde,inaturalist,https://inaturalist-open-data.s3.amazonaws.com/photos/290308946/original.jpg,352596:167575363:290308946,CC-BY-NC-4.0,"(c) Jaren Hockert, some rights reserved (CC BY-NC)",2023-05-15,2026-05-10T03:40:46Z,1536x2048,5152a4f5690f5eadb55f44c3b2fa9047, | processed:768x1024
inaturalist_352596_167575363_290308976,data/processed/moho_verde/inaturalist_352596_167575363_290308976.jpg,moho_verde,inaturalist,https://inaturalist-open-data.s3.amazonaws.com/photos/290308976/original.jpg,352596:167575363:290308976,CC-BY-NC-4.0,"(c) Jaren Hockert, some rights reserved (CC BY-NC)",2023-05-15,2026-05-10T03:40:47Z,1536x2048,ab05a956fdbe1aaf248e03ecc794b32b, | processed:768x1024
inaturalist_352596_167575363_290308997,data/processed/moho_verde/inaturalist_352596_167575363_290308997.jpg,moho_verde,inaturalist,https://inaturalist-open-data.s3.amazonaws.com/photos/290308997/original.jpg,352596:167575363:290308997,CC-BY-NC-4.0,"(c) Jaren Hockert, some rights reserved (CC BY-NC)",2023-05-15,2026-05-10T03:40:48Z,1536x2048,4d9d2291fdb30bfbeec2fd06433aeed8, | processed:768x1024
inaturalist_352596_167575363_290312462,data/processed/moho_verde/inaturalist_352596_167575363_290312462.jpg,moho_verde,inaturalist,https://inaturalist-open-data.s3.amazonaws.com/photos/290312462/original.jpg,352596:167575363:290312462,CC-BY-NC-4.0,"(c) Jaren Hockert, some rights reserved (CC BY-NC)",2023-05-15,2026-05-10T03:40:49Z,1536x2048,3bc14b6e0f89bbdf9595ac0cf0c76b51, | processed:768x1024
inaturalist_352596_118452142_200131578,data/processed/moho_verde/inaturalist_352596_118452142_200131578.jpg,moho_verde,inaturalist,https://inaturalist-open-data.s3.amazonaws.com/photos/200131578/original.png,352596:118452142:200131578,CC-BY-NC-4.0,"(c) Cristhian Eleazar Banegas Cruz, some rights reserved (CC BY-NC)",2022-04-12,2026-05-10T03:40:55Z,444x333,a05d312d1ad75c145e13483d7013a11d, | processed:444x333
inaturalist_352596_108546952_182776011,data/processed/moho_verde/inaturalist_352596_108546952_182776011.jpg,moho_verde,inaturalist,https://inaturalist-open-data.s3.amazonaws.com/photos/182776011/original.jpg,352596:108546952:182776011,CC-BY-4.0,"(c) Annie Weissman, some rights reserved (CC BY)",2022-03-13,2026-05-10T03:40:56Z,1536x2048,4d7848c5fc75c5228ae4fccc58ff5885, | processed:768x1024
inaturalist_352596_85468465_140627782,data/processed/moho_verde/inaturalist_352596_85468465_140627782.jpg,moho_verde,inaturalist,https://inaturalist-open-data.s3.amazonaws.com/photos/140627782/original.jpeg,352596:85468465:140627782,CC-BY-NC-4.0,"(c) Adam Boring, some rights reserved (CC BY-NC)",2021-07-01,2026-05-10T03:40:57Z,2048x1536,e0cad371ea856c8279691f65918fcd6a, | processed:1024x768
inaturalist_352596_85468465_140627801,data/processed/moho_verde/inaturalist_352596_85468465_140627801.jpg,moho_verde,inaturalist,https://inaturalist-open-data.s3.amazonaws.com/photos/140627801/original.jpeg,352596:85468465:140627801,CC-BY-NC-4.0,"(c) Adam Boring, some rights reserved (CC BY-NC)",2021-07-01,2026-05-10T03:40:58Z,2048x1536,56d74406a8ff3fa5b62a6ce7810c251d, | processed:1024x768
inaturalist_352596_85468465_140627829,data/processed/moho_verde/inaturalist_352596_85468465_140627829.jpg,moho_verde,inaturalist,https://inaturalist-open-data.s3.amazonaws.com/photos/140627829/original.jpeg,352596:85468465:140627829,CC-BY-NC-4.0,"(c) Adam Boring, some rights reserved (CC BY-NC)",2021-07-01,2026-05-10T03:40:59Z,2048x1536,d23e4c117c66932f2a784760955d8170, | processed:1024x768
inaturalist_352596_85468465_140627861,data/processed/moho_verde/inaturalist_352596_85468465_140627861.jpg,moho_verde,inaturalist,https://inaturalist-open-data.s3.amazonaws.com/photos/140627861/original.jpeg,352596:85468465:140627861,CC-BY-NC-4.0,"(c) Adam Boring, some rights reserved (CC BY-NC)",2021-07-01,2026-05-10T03:41:00Z,2048x1536,78658f50cb09c12845757883874fef86, | processed:1024x768
inaturalist_352596_85468465_140627896,data/processed/moho_verde/inaturalist_352596_85468465_140627896.jpg,moho_verde,inaturalist,https://inaturalist-open-data.s3.amazonaws.com/photos/140627896/original.jpeg,352596:85468465:140627896,CC-BY-NC-4.0,"(c) Adam Boring, some rights reserved (CC BY-NC)",2021-07-01,2026-05-10T03:41:01Z,1536x2048,30093d3d106987678d54536bece7a519, | processed:768x1024
inaturalist_352596_85468465_140627913,data/processed/moho_verde/inaturalist_352596_85468465_140627913.jpg,moho_verde,inaturalist,https://inaturalist-open-data.s3.amazonaws.com/photos/140627913/original.jpeg,352596:85468465:140627913,CC-BY-NC-4.0,"(c) Adam Boring, some rights reserved (CC BY-NC)",2021-07-01,2026-05-10T03:41:02Z,2048x1536,d8008b14ec0382499a8586177ec090b1, | processed:1024x768
inaturalist_352596_68356597_110661780,data/processed/moho_verde/inaturalist_352596_68356597_110661780.jpg,moho_verde,inaturalist,https://inaturalist-open-data.s3.amazonaws.com/photos/110661780/original.jpeg,352596:68356597:110661780,CC-BY-NC-4.0,"(c) Adam Boring, some rights reserved (CC BY-NC)",2020-07-11,2026-05-10T03:41:10Z,760x619,49df0b8d370a0b7fe1976ed40499c615, | processed:760x619
inaturalist_352596_68356597_110661840,data/processed/moho_verde/inaturalist_352596_68356597_110661840.jpg,moho_verde,inaturalist,https://inaturalist-open-data.s3.amazonaws.com/photos/110661840/original.jpeg,352596:68356597:110661840,CC-BY-NC-4.0,"(c) Adam Boring, some rights reserved (CC BY-NC)",2020-07-11,2026-05-10T03:41:11Z,2048x1536,0f6c061d78be5595869904e0a0ff8f13, | processed:1024x768
inaturalist_352596_57343043_91456628,data/processed/moho_verde/inaturalist_352596_57343043_91456628.jpg,moho_verde,inaturalist,https://inaturalist-open-data.s3.amazonaws.com/photos/91456628/original.jpeg,352596:57343043:91456628,CC0-1.0,no rights reserved,2020-08-23,2026-05-10T03:41:12Z,1536x2048,286d1eb4c8fa3ec963c073e123685db6, | processed:768x1024
inaturalist_352599_328978719_596243701,data/processed/moho_verde/inaturalist_352599_328978719_596243701.jpg,moho_verde,inaturalist,https://inaturalist-open-data.s3.amazonaws.com/photos/596243701/original.jpg,352599:328978719:596243701,CC-BY-NC-4.0,"(c) Cherie Cornmesser, some rights reserved (CC BY-NC)",2025-11-30,2026-05-10T03:43:52Z,2048x945,deaa4952c8a582c32d153cdd91b4a82e, | processed:1024x472
inaturalist_352599_328978719_596243737,data/processed/moho_verde/inaturalist_352599_328978719_596243737.jpg,moho_verde,inaturalist,https://inaturalist-open-data.s3.amazonaws.com/photos/596243737/original.jpg,352599:328978719:596243737,CC-BY-NC-4.0,"(c) Cherie Cornmesser, some rights reserved (CC BY-NC)",2025-11-30,2026-05-10T03:43:53Z,2048x945,1556a2e79136c7bc836fb5d3abcb7d55, | processed:1024x472
inaturalist_352599_328567690_595417736,data/processed/moho_verde/inaturalist_352599_328567690_595417736.jpg,moho_verde,inaturalist,https://inaturalist-open-data.s3.amazonaws.com/photos/595417736/original.jpg,352599:328567690:595417736,CC-BY-NC-4.0,"(c) Ashley D, some rights reserved (CC BY-NC)",2025-11-27,2026-05-10T03:43:54Z,1536x2048,081cfc3bc5f3fb709207a16855b5f0f3, | processed:768x1024
inaturalist_352599_328567690_595417748,data/processed/moho_verde/inaturalist_352599_328567690_595417748.jpg,moho_verde,inaturalist,https://inaturalist-open-data.s3.amazonaws.com/photos/595417748/original.jpg,352599:328567690:595417748,CC-BY-NC-4.0,"(c) Ashley D, some rights reserved (CC BY-NC)",2025-11-27,2026-05-10T03:43:55Z,1536x2048,692cbb735ff8101d21848b05bcd34f22, | processed:768x1024
inaturalist_352599_328396332_595064617,data/processed/moho_verde/inaturalist_352599_328396332_595064617.jpg,moho_verde,inaturalist,https://inaturalist-open-data.s3.amazonaws.com/photos/595064617/original.jpg,352599:328396332:595064617,CC-BY-NC-4.0,"(c) bathabitat, some rights reserved (CC BY-NC)",2025-11-26,2026-05-10T03:43:56Z,1782x1806,5b2cf28708a7d3ce46511ba8f9db0bf1, | processed:1010x1024
inaturalist_352599_328396332_595065572,data/processed/moho_verde/inaturalist_352599_328396332_595065572.jpg,moho_verde,inaturalist,https://inaturalist-open-data.s3.amazonaws.com/photos/595065572/original.jpg,352599:328396332:595065572,CC-BY-NC-4.0,"(c) bathabitat, some rights reserved (CC BY-NC)",2025-11-26,2026-05-10T03:43:57Z,1537x2048,19e49a350ab9e97f88956a0b79909130, | processed:768x1024
inaturalist_352599_328228222_594730071,data/processed/moho_verde/inaturalist_352599_328228222_594730071.jpg,moho_verde,inaturalist,https://inaturalist-open-data.s3.amazonaws.com/photos/594730071/original.jpg,352599:328228222:594730071,CC-BY-4.0,"(c) Katharine Khamhaengwong, some rights reserved (CC BY)",2025-11-25,2026-05-10T03:44:00Z,1536x2048,ebdce14e4276b1da6a29b6bc64a56a4c, | processed:768x1024
inaturalist_352599_328228222_594730090,data/processed/moho_verde/inaturalist_352599_328228222_594730090.jpg,moho_verde,inaturalist,https://inaturalist-open-data.s3.amazonaws.com/photos/594730090/original.jpg,352599:328228222:594730090,CC-BY-4.0,"(c) Katharine Khamhaengwong, some rights reserved (CC BY)",2025-11-25,2026-05-10T03:44:01Z,1536x2048,282a9b1d43733a38c1403248f762e974, | processed:768x1024
inaturalist_352599_328228222_594730110,data/processed/moho_verde/inaturalist_352599_328228222_594730110.jpg,moho_verde,inaturalist,https://inaturalist-open-data.s3.amazonaws.com/photos/594730110/original.jpg,352599:328228222:594730110,CC-BY-4.0,"(c) Katharine Khamhaengwong, some rights reserved (CC BY)",2025-11-25,2026-05-10T03:44:02Z,1536x2048,a56f53e520fbf16539fc14109c235981, | processed:768x1024
inaturalist_352599_328228222_594730129,data/processed/moho_verde/inaturalist_352599_328228222_594730129.jpg,moho_verde,inaturalist,https://inaturalist-open-data.s3.amazonaws.com/photos/594730129/original.jpg,352599:328228222:594730129,CC-BY-4.0,"(c) Katharine Khamhaengwong, some rights reserved (CC BY)",2025-11-25,2026-05-10T03:44:03Z,1536x2048,dbfa32fd764c293e62bc7efa858c8270, | processed:768x1024
inaturalist_352599_328106552_594485197,data/processed/moho_verde/inaturalist_352599_328106552_594485197.jpg,moho_verde,inaturalist,https://inaturalist-open-data.s3.amazonaws.com/photos/594485197/original.jpg,352599:328106552:594485197,CC-BY-NC-4.0,"(c) morgan yacullo, some rights reserved (CC BY-NC)",2025-11-24,2026-05-10T03:44:04Z,2048x1155,7cd30860729a7dc82a49af64791a2314, | processed:1024x578
inaturalist_352599_328106552_594485239,data/processed/moho_verde/inaturalist_352599_328106552_594485239.jpg,moho_verde,inaturalist,https://inaturalist-open-data.s3.amazonaws.com/photos/594485239/original.jpg,352599:328106552:594485239,CC-BY-NC-4.0,"(c) morgan yacullo, some rights reserved (CC BY-NC)",2025-11-24,2026-05-10T03:44:05Z,2048x1155,e69a57a964446ad8bab66641a48cf5b7, | processed:1024x578
inaturalist_352599_327796605_593904721,data/processed/moho_verde/inaturalist_352599_327796605_593904721.jpg,moho_verde,inaturalist,https://inaturalist-open-data.s3.amazonaws.com/photos/593904721/original.jpg,352599:327796605:593904721,CC-BY-NC-4.0,"(c) Leah Bendlin, some rights reserved (CC BY-NC)",2025-11-07,2026-05-10T03:44:07Z,1536x2048,93311bfdbc1ab239cfb475500438636b, | processed:768x1024
inaturalist_352599_327741198_593797157,data/processed/moho_verde/inaturalist_352599_327741198_593797157.jpg,moho_verde,inaturalist,https://inaturalist-open-data.s3.amazonaws.com/photos/593797157/original.jpg,352599:327741198:593797157,CC-BY-NC-4.0,"(c) Cherie Cornmesser, some rights reserved (CC BY-NC)",2025-11-22,2026-05-10T03:44:08Z,1209x2048,fddda2ad79362fd89e4782f6f4201bfb, | processed:604x1024
inaturalist_352599_327290634_592916992,data/processed/moho_verde/inaturalist_352599_327290634_592916992.jpg,moho_verde,inaturalist,https://inaturalist-open-data.s3.amazonaws.com/photos/592916992/original.jpg,352599:327290634:592916992,CC-BY-4.0,"(c) Cara Ennis, some rights reserved (CC BY)",2025-11-18,2026-05-10T03:44:10Z,2048x1367,32dbf36384701463ce483c1b327fb82c, | processed:1024x684
inaturalist_352599_327290634_592917017,data/processed/moho_verde/inaturalist_352599_327290634_592917017.jpg,moho_verde,inaturalist,https://inaturalist-open-data.s3.amazonaws.com/photos/592917017/original.jpg,352599:327290634:592917017,CC-BY-4.0,"(c) Cara Ennis, some rights reserved (CC BY)",2025-11-18,2026-05-10T03:44:11Z,2048x1367,a9e93c173f31924607d46b977e77bc9b, | processed:1024x684
inaturalist_352599_327290634_592917043,data/processed/moho_verde/inaturalist_352599_327290634_592917043.jpg,moho_verde,inaturalist,https://inaturalist-open-data.s3.amazonaws.com/photos/592917043/original.jpg,352599:327290634:592917043,CC-BY-4.0,"(c) Cara Ennis, some rights reserved (CC BY)",2025-11-18,2026-05-10T03:44:12Z,2048x1367,2c6bb48b12edd30ac018d0534759a4be, | processed:1024x684
inaturalist_352599_327135297_592601438,data/processed/moho_verde/inaturalist_352599_327135297_592601438.jpg,moho_verde,inaturalist,https://inaturalist-open-data.s3.amazonaws.com/photos/592601438/original.jpg,352599:327135297:592601438,CC0-1.0,no rights reserved,2025-11-18,2026-05-10T03:44:13Z,1536x2048,42062c43cc5a0e8bbec3db90604133a4, | processed:768x1024
inaturalist_352599_327135297_592601453,data/processed/moho_verde/inaturalist_352599_327135297_592601453.jpg,moho_verde,inaturalist,https://inaturalist-open-data.s3.amazonaws.com/photos/592601453/original.jpg,352599:327135297:592601453,CC0-1.0,no rights reserved,2025-11-18,2026-05-10T03:44:14Z,1536x2048,31125da3af522fa066d479d0af63821c, | processed:768x1024
inaturalist_352599_327135297_592601466,data/processed/moho_verde/inaturalist_352599_327135297_592601466.jpg,moho_verde,inaturalist,https://inaturalist-open-data.s3.amazonaws.com/photos/592601466/original.jpg,352599:327135297:592601466,CC0-1.0,no rights reserved,2025-11-18,2026-05-10T03:44:15Z,1536x2048,16d0e58729f7e5e51aacfb7ed1c89de7, | processed:768x1024
inaturalist_352599_326821802_591964812,data/processed/moho_verde/inaturalist_352599_326821802_591964812.jpg,moho_verde,inaturalist,https://inaturalist-open-data.s3.amazonaws.com/photos/591964812/original.jpg,352599:326821802:591964812,CC-BY-NC-4.0,"(c) merino, some rights reserved (CC BY-NC)",2025-11-16,2026-05-10T03:44:19Z,1600x1200,bd8f6b59831d5f6830b81479ffda6a99, | processed:1024x768
inaturalist_352599_326821802_591963548,data/processed/moho_verde/inaturalist_352599_326821802_591963548.jpg,moho_verde,inaturalist,https://inaturalist-open-data.s3.amazonaws.com/photos/591963548/original.jpg,352599:326821802:591963548,CC-BY-NC-4.0,"(c) merino, some rights reserved (CC BY-NC)",2025-11-16,2026-05-10T03:44:20Z,1600x1200,cf3be4d15829d7549357846cdbb8aafa, | processed:1024x768
inaturalist_352599_326489093_591317905,data/processed/moho_verde/inaturalist_352599_326489093_591317905.jpg,moho_verde,inaturalist,https://inaturalist-open-data.s3.amazonaws.com/photos/591317905/original.jpg,352599:326489093:591317905,CC-BY-NC-4.0,"(c) Nere, some rights reserved (CC BY-NC)",2025-11-14,2026-05-10T03:44:21Z,720x1600,eb2ea71e132b60445437faabf3f08094, | processed:461x1024
inaturalist_352599_326489093_591317947,data/processed/moho_verde/inaturalist_352599_326489093_591317947.jpg,moho_verde,inaturalist,https://inaturalist-open-data.s3.amazonaws.com/photos/591317947/original.jpg,352599:326489093:591317947,CC-BY-NC-4.0,"(c) Nere, some rights reserved (CC BY-NC)",2025-11-14,2026-05-10T03:44:22Z,720x1600,ba3d2c82940ae038908eac4e073624b1, | processed:461x1024
inaturalist_352599_326489093_591317992,data/processed/moho_verde/inaturalist_352599_326489093_591317992.jpg,moho_verde,inaturalist,https://inaturalist-open-data.s3.amazonaws.com/photos/591317992/original.jpg,352599:326489093:591317992,CC-BY-NC-4.0,"(c) Nere, some rights reserved (CC BY-NC)",2025-11-14,2026-05-10T03:44:23Z,921x2048,e7d3d4ca0f4b74f9614482da97abc97d, | processed:460x1024
inaturalist_352599_326341738_591023260,data/processed/moho_verde/inaturalist_352599_326341738_591023260.jpg,moho_verde,inaturalist,https://inaturalist-open-data.s3.amazonaws.com/photos/591023260/original.jpg,352599:326341738:591023260,CC-BY-NC-4.0,"(c) christinetc, some rights reserved (CC BY-NC)",2025-11-09,2026-05-10T03:44:24Z,1536x2048,54e47798f8ccf4aee09e822d6783cdce, | processed:768x1024
inaturalist_352599_326341738_591023288,data/processed/moho_verde/inaturalist_352599_326341738_591023288.jpg,moho_verde,inaturalist,https://inaturalist-open-data.s3.amazonaws.com/photos/591023288/original.jpg,352599:326341738:591023288,CC-BY-NC-4.0,"(c) christinetc, some rights reserved (CC BY-NC)",2025-11-09,2026-05-10T03:44:25Z,1536x2048,5f32d89be0938fe8d3eb9a9428d1b608, | processed:768x1024
inaturalist_352599_326341738_591023329,data/processed/moho_verde/inaturalist_352599_326341738_591023329.jpg,moho_verde,inaturalist,https://inaturalist-open-data.s3.amazonaws.com/photos/591023329/original.jpg,352599:326341738:591023329,CC-BY-NC-4.0,"(c) christinetc, some rights reserved (CC BY-NC)",2025-11-09,2026-05-10T03:44:26Z,1536x2048,da0640e5a9ba8e1b39f363ea64afe284, | processed:768x1024
inaturalist_352599_326299109_590942174,data/processed/moho_verde/inaturalist_352599_326299109_590942174.jpg,moho_verde,inaturalist,https://inaturalist-open-data.s3.amazonaws.com/photos/590942174/original.jpg,352599:326299109:590942174,CC0-1.0,no rights reserved,2025-11-13,2026-05-10T03:44:27Z,2048x1024,2440a0d2d6bcf3bbdc388475ec7b1ccc, | processed:1024x512
inaturalist_352599_326252741_590846145,data/processed/moho_verde/inaturalist_352599_326252741_590846145.jpg,moho_verde,inaturalist,https://inaturalist-open-data.s3.amazonaws.com/photos/590846145/original.jpg,352599:326252741:590846145,CC-BY-NC-4.0,"(c) Gina Genduso, some rights reserved (CC BY-NC)",2025-11-12,2026-05-10T03:44:28Z,1536x2048,ebfa8f1add465a76ef23a99b7ab66a6a, | processed:768x1024
inaturalist_352599_326252741_590846148,data/processed/moho_verde/inaturalist_352599_326252741_590846148.jpg,moho_verde,inaturalist,https://inaturalist-open-data.s3.amazonaws.com/photos/590846148/original.jpg,352599:326252741:590846148,CC-BY-NC-4.0,"(c) Gina Genduso, some rights reserved (CC BY-NC)",2025-11-12,2026-05-10T03:44:29Z,1536x2048,e70df2bf0c8220498fbcf6228ed2b073, | processed:768x1024
inaturalist_352599_325845713_590039594,data/processed/moho_verde/inaturalist_352599_325845713_590039594.jpg,moho_verde,inaturalist,https://inaturalist-open-data.s3.amazonaws.com/photos/590039594/original.jpg,352599:325845713:590039594,CC-BY-NC-4.0,"(c) Patrick Ehlert, some rights reserved (CC BY-NC)",2025-10-10,2026-05-10T03:44:30Z,2048x1536,dadfd650d515a9f4754d144c85f4e9e9, | processed:1024x768
inaturalist_352599_325845713_590039586,data/processed/moho_verde/inaturalist_352599_325845713_590039586.jpg,moho_verde,inaturalist,https://inaturalist-open-data.s3.amazonaws.com/photos/590039586/original.jpg,352599:325845713:590039586,CC-BY-NC-4.0,"(c) Patrick Ehlert, some rights reserved (CC BY-NC)",2025-10-10,2026-05-10T03:44:31Z,2048x1536,5f414ea7b62fca7a2f41d68635748de1, | processed:1024x768
inaturalist_352599_325496432_589337662,data/processed/moho_verde/inaturalist_352599_325496432_589337662.jpg,moho_verde,inaturalist,https://inaturalist-open-data.s3.amazonaws.com/photos/589337662/original.jpg,352599:325496432:589337662,CC-BY-4.0,"(c) Michel Langeveld, some rights reserved (CC BY)",2025-11-08,2026-05-10T03:44:32Z,2048x1152,917ed662d07371442c186ec596b75af9, | processed:1024x576
inaturalist_352599_325359255_589066915,data/processed/moho_verde/inaturalist_352599_325359255_589066915.jpg,moho_verde,inaturalist,https://inaturalist-open-data.s3.amazonaws.com/photos/589066915/original.jpg,352599:325359255:589066915,CC-BY-NC-4.0,"(c) Gulsen Cingoz, some rights reserved (CC BY-NC)",2025-11-07,2026-05-10T03:44:33Z,2048x1536,3f638300cafe09f3e06d7c38b81cea0b, | processed:1024x768
inaturalist_352599_325359255_589066936,data/processed/moho_verde/inaturalist_352599_325359255_589066936.jpg,moho_verde,inaturalist,https://inaturalist-open-data.s3.amazonaws.com/photos/589066936/original.jpg,352599:325359255:589066936,CC-BY-NC-4.0,"(c) Gulsen Cingoz, some rights reserved (CC BY-NC)",2025-11-07,2026-05-10T03:44:34Z,2048x1536,6ff6e43a3fe716cf1713c5e313958ca5, | processed:1024x768
inaturalist_352599_325359255_589066959,data/processed/moho_verde/inaturalist_352599_325359255_589066959.jpg,moho_verde,inaturalist,https://inaturalist-open-data.s3.amazonaws.com/photos/589066959/original.jpg,352599:325359255:589066959,CC-BY-NC-4.0,"(c) Gulsen Cingoz, some rights reserved (CC BY-NC)",2025-11-07,2026-05-10T03:44:35Z,2048x1536,846dd03b9cb510af5a5efce5494d9b5a, | processed:1024x768
inaturalist_352599_325359255_589066984,data/processed/moho_verde/inaturalist_352599_325359255_589066984.jpg,moho_verde,inaturalist,https://inaturalist-open-data.s3.amazonaws.com/photos/589066984/original.jpg,352599:325359255:589066984,CC-BY-NC-4.0,"(c) Gulsen Cingoz, some rights reserved (CC BY-NC)",2025-11-07,2026-05-10T03:44:36Z,2048x1536,af524e08f908d84f828677621c80f8a1, | processed:1024x768
inaturalist_352599_325260267_588867263,data/processed/moho_verde/inaturalist_352599_325260267_588867263.jpg,moho_verde,inaturalist,https://inaturalist-open-data.s3.amazonaws.com/photos/588867263/original.jpg,352599:325260267:588867263,CC-BY-NC-4.0,"(c) akamediancat, some rights reserved (CC BY-NC)",2025-11-02,2026-05-10T03:44:37Z,2048x1312,55c4283ea577b12eccdfc32ab9b7184b, | processed:1024x656
inaturalist_352599_325131558_588617094,data/processed/moho_verde/inaturalist_352599_325131558_588617094.jpg,moho_verde,inaturalist,https://inaturalist-open-data.s3.amazonaws.com/photos/588617094/original.jpg,352599:325131558:588617094,CC-BY-NC-4.0,"(c) Ulrich Loock, some rights reserved (CC BY-NC)",2025-11-05,2026-05-10T03:44:38Z,1260x2048,93e2655afff280f8401ae20739d69dcf, | processed:630x1024
inaturalist_352599_324889966_588136892,data/processed/moho_verde/inaturalist_352599_324889966_588136892.jpg,moho_verde,inaturalist,https://inaturalist-open-data.s3.amazonaws.com/photos/588136892/original.jpg,352599:324889966:588136892,CC-BY-NC-4.0,"(c) Tanner Redd, some rights reserved (CC BY-NC)",2025-11-04,2026-05-10T03:44:39Z,1536x2048,d8751df34a6df10b409a6dfdc496a614, | processed:768x1024
inaturalist_352599_324629282_587604740,data/processed/moho_verde/inaturalist_352599_324629282_587604740.jpg,moho_verde,inaturalist,https://inaturalist-open-data.s3.amazonaws.com/photos/587604740/original.jpg,352599:324629282:587604740,CC-BY-NC-4.0,"(c) Cherie Cornmesser, some rights reserved (CC BY-NC)",2025-11-02,2026-05-10T03:44:40Z,1227x2048,ab842fd65593e37fc64f394182063dfe, | processed:614x1024
inaturalist_352599_324629282_587604758,data/processed/moho_verde/inaturalist_352599_324629282_587604758.jpg,moho_verde,inaturalist,https://inaturalist-open-data.s3.amazonaws.com/photos/587604758/original.jpg,352599:324629282:587604758,CC-BY-NC-4.0,"(c) Cherie Cornmesser, some rights reserved (CC BY-NC)",2025-11-02,2026-05-10T03:44:41Z,2048x945,26a159968629011b6ec44d309ab00235, | processed:1024x472
inaturalist_352599_324260704_586867886,data/processed/moho_verde/inaturalist_352599_324260704_586867886.jpg,moho_verde,inaturalist,https://inaturalist-open-data.s3.amazonaws.com/photos/586867886/original.jpg,352599:324260704:586867886,CC-BY-4.0,"(c) Samantha Knight, some rights reserved (CC BY)",2025-10-31,2026-05-10T03:44:42Z,1536x2048,1ffe87491b2bc0f68c4fc824cf324d53, | processed:768x1024
inaturalist_352599_324260704_586867884,data/processed/moho_verde/inaturalist_352599_324260704_586867884.jpg,moho_verde,inaturalist,https://inaturalist-open-data.s3.amazonaws.com/photos/586867884/original.jpg,352599:324260704:586867884,CC-BY-4.0,"(c) Samantha Knight, some rights reserved (CC BY)",2025-10-31,2026-05-10T03:44:43Z,1536x2048,f4775dc839c4b9cb1dffaa3687e42eaf, | processed:768x1024
inaturalist_352599_324237653_586814419,data/processed/moho_verde/inaturalist_352599_324237653_586814419.jpg,moho_verde,inaturalist,https://inaturalist-open-data.s3.amazonaws.com/photos/586814419/original.jpg,352599:324237653:586814419,CC-BY-NC-4.0,"(c) dlbowls, some rights reserved (CC BY-NC)",2025-10-31,2026-05-10T03:44:44Z,1932x1893,b12d949f366fe27f69aa2162431e13d5, | processed:1024x1003
inaturalist_352599_323702005_585760771,data/processed/moho_verde/inaturalist_352599_323702005_585760771.jpg,moho_verde,inaturalist,https://inaturalist-open-data.s3.amazonaws.com/photos/585760771/original.jpg,352599:323702005:585760771,CC-BY-NC-4.0,"(c) bun, some rights reserved (CC BY-NC)",2025-09-21,2026-05-10T03:44:45Z,508x2048,6605614d0dab37a609bd6291031bcd10, | processed:254x1024
inaturalist_352599_323702005_585760797,data/processed/moho_verde/inaturalist_352599_323702005_585760797.jpg,moho_verde,inaturalist,https://inaturalist-open-data.s3.amazonaws.com/photos/585760797/original.jpg,352599:323702005:585760797,CC-BY-NC-4.0,"(c) bun, some rights reserved (CC BY-NC)",2025-09-21,2026-05-10T03:44:46Z,724x2048,d4343dc58d3ef672b37b05cdfbf11474, | processed:362x1024
inaturalist_352599_323338516_585041742,data/processed/moho_verde/inaturalist_352599_323338516_585041742.jpg,moho_verde,inaturalist,https://inaturalist-open-data.s3.amazonaws.com/photos/585041742/original.jpg,352599:323338516:585041742,CC-BY-NC-4.0,"(c) Cherie Cornmesser, some rights reserved (CC BY-NC)",2025-10-26,2026-05-10T03:44:50Z,2048x945,b3d2bdd21a3e1f480cd1ef55fa966b37, | processed:1024x472
inaturalist_352599_323220314_584842585,data/processed/moho_verde/inaturalist_352599_323220314_584842585.jpg,moho_verde,inaturalist,https://inaturalist-open-data.s3.amazonaws.com/photos/584842585/original.jpg,352599:323220314:584842585,CC-BY-NC-4.0,"(c) Jared White, some rights reserved (CC BY-NC)",2025-10-26,2026-05-10T03:44:55Z,1542x2048,91391aab99582c7e487814e7a7a64791, | processed:771x1024
inaturalist_352599_323220314_584842703,data/processed/moho_verde/inaturalist_352599_323220314_584842703.jpg,moho_verde,inaturalist,https://inaturalist-open-data.s3.amazonaws.com/photos/584842703/original.jpg,352599:323220314:584842703,CC-BY-NC-4.0,"(c) Jared White, some rights reserved (CC BY-NC)",2025-10-26,2026-05-10T03:44:56Z,2048x1542,fb33270420ed8a8bc131e15a3b71a1cd, | processed:1024x771
inaturalist_352599_323084945_584570638,data/processed/moho_verde/inaturalist_352599_323084945_584570638.jpg,moho_verde,inaturalist,https://inaturalist-open-data.s3.amazonaws.com/photos/584570638/original.jpg,352599:323084945:584570638,CC-BY-NC-4.0,"(c) kyliert, some rights reserved (CC BY-NC)",2025-10-25,2026-05-10T03:44:57Z,1536x2048,0be2ba9acc9ba8463323e64b11cc90c2, | processed:768x1024
inaturalist_352599_322860792_584133631,data/processed/moho_verde/inaturalist_352599_322860792_584133631.jpg,moho_verde,inaturalist,https://inaturalist-open-data.s3.amazonaws.com/photos/584133631/original.jpg,352599:322860792:584133631,CC-BY-NC-4.0,"(c) Kai, some rights reserved (CC BY-NC)",2025-10-24,2026-05-10T03:44:58Z,2048x1536,4487b46f32c67df0205c3963417a5123, | processed:1024x768
inaturalist_352599_322130608_582678793,data/processed/moho_verde/inaturalist_352599_322130608_582678793.jpg,moho_verde,inaturalist,https://inaturalist-open-data.s3.amazonaws.com/photos/582678793/original.jpg,352599:322130608:582678793,CC-BY-NC-4.0,"(c) Joe Paquin, some rights reserved (CC BY-NC)",2025-10-20,2026-05-10T03:44:59Z,2048x1368,731b8948a9539f4ba8d664d8f63e192c, | processed:1024x684
inaturalist_352599_321496527_581440785,data/processed/moho_verde/inaturalist_352599_321496527_581440785.jpg,moho_verde,inaturalist,https://inaturalist-open-data.s3.amazonaws.com/photos/581440785/original.jpg,352599:321496527:581440785,CC-BY-NC-4.0,"(c) Kimberly R Fleming, some rights reserved (CC BY-NC)",2025-10-13,2026-05-10T03:45:08Z,2000x1004,6dff8b9561fc606bbb86418a0ae59da4, | processed:1024x514
inaturalist_352599_321431442_581314270,data/processed/moho_verde/inaturalist_352599_321431442_581314270.jpg,moho_verde,inaturalist,https://inaturalist-open-data.s3.amazonaws.com/photos/581314270/original.jpg,352599:321431442:581314270,CC-BY-NC-4.0,"(c) lunko, some rights reserved (CC BY-NC)",2025-10-17,2026-05-10T03:45:14Z,1536x2048,c0bd80adbe93bfd603dad132467dffb0, | processed:768x1024
inaturalist_352599_321390965_581237895,data/processed/moho_verde/inaturalist_352599_321390965_581237895.jpg,moho_verde,inaturalist,https://inaturalist-open-data.s3.amazonaws.com/photos/581237895/original.jpg,352599:321390965:581237895,CC-BY-NC-4.0,"(c) eeveefun12, some rights reserved (CC BY-NC)",2025-10-17,2026-05-10T03:45:15Z,1536x2048,e00685f092f922ecddc7028f2a5c6beb, | processed:768x1024
inaturalist_352599_321098015_580657261,data/processed/moho_verde/inaturalist_352599_321098015_580657261.jpg,moho_verde,inaturalist,https://inaturalist-open-data.s3.amazonaws.com/photos/580657261/original.jpg,352599:321098015:580657261,CC-BY-NC-4.0,"(c) ungseb, some rights reserved (CC BY-NC)",2025-10-15,2026-05-10T03:45:16Z,1536x2048,2816d2c2a23cb3bcbc3861135c6da59d, | processed:768x1024
inaturalist_352599_321098015_580657300,data/processed/moho_verde/inaturalist_352599_321098015_580657300.jpg,moho_verde,inaturalist,https://inaturalist-open-data.s3.amazonaws.com/photos/580657300/original.jpg,352599:321098015:580657300,CC-BY-NC-4.0,"(c) ungseb, some rights reserved (CC BY-NC)",2025-10-15,2026-05-10T03:45:17Z,1536x2048,ba2e2910e714fb01cc5403a833d39f0f, | processed:768x1024
inaturalist_352599_320472107_579429236,data/processed/moho_verde/inaturalist_352599_320472107_579429236.jpg,moho_verde,inaturalist,https://inaturalist-open-data.s3.amazonaws.com/photos/579429236/original.jpg,352599:320472107:579429236,CC-BY-4.0,"(c) reagan peschke, some rights reserved (CC BY)",2025-10-10,2026-05-10T03:45:18Z,1536x2048,9e7db08e62431c4f51b6514f22f95aeb, | processed:768x1024
inaturalist_352599_320472107_579429300,data/processed/moho_verde/inaturalist_352599_320472107_579429300.jpg,moho_verde,inaturalist,https://inaturalist-open-data.s3.amazonaws.com/photos/579429300/original.jpg,352599:320472107:579429300,CC-BY-4.0,"(c) reagan peschke, some rights reserved (CC BY)",2025-10-10,2026-05-10T03:45:19Z,1536x2048,96e3788fc864812b8f64518a388efb6f, | processed:768x1024
inaturalist_352599_320472107_579429382,data/processed/moho_verde/inaturalist_352599_320472107_579429382.jpg,moho_verde,inaturalist,https://inaturalist-open-data.s3.amazonaws.com/photos/579429382/original.jpg,352599:320472107:579429382,CC-BY-4.0,"(c) reagan peschke, some rights reserved (CC BY)",2025-10-10,2026-05-10T03:45:20Z,2048x1536,1770137c6a6b4926d246dbc78fb0e0d6, | processed:1024x768
inaturalist_352599_320472107_579429481,data/processed/moho_verde/inaturalist_352599_320472107_579429481.jpg,moho_verde,inaturalist,https://inaturalist-open-data.s3.amazonaws.com/photos/579429481/original.jpg,352599:320472107:579429481,CC-BY-4.0,"(c) reagan peschke, some rights reserved (CC BY)",2025-10-10,2026-05-10T03:45:21Z,1536x2048,d5955609c387e1bd213b878b5aa4c16a, | processed:768x1024
inaturalist_352599_320319082_579129814,data/processed/moho_verde/inaturalist_352599_320319082_579129814.jpg,moho_verde,inaturalist,https://inaturalist-open-data.s3.amazonaws.com/photos/579129814/original.jpg,352599:320319082:579129814,CC-BY-NC-4.0,"(c) Nathan Peters, some rights reserved (CC BY-NC)",2025-10-11,2026-05-10T03:45:22Z,1536x2048,9d28439f6eedc53d7c9c9cf5ab9a00b8, | processed:768x1024
inaturalist_352599_320319082_579129820,data/processed/moho_verde/inaturalist_352599_320319082_579129820.jpg,moho_verde,inaturalist,https://inaturalist-open-data.s3.amazonaws.com/photos/579129820/original.jpg,352599:320319082:579129820,CC-BY-NC-4.0,"(c) Nathan Peters, some rights reserved (CC BY-NC)",2025-10-11,2026-05-10T03:45:23Z,1536x2048,ad4685435d4489d425f32c59a6fe0fe8, | processed:768x1024
inaturalist_352599_320319082_579129811,data/processed/moho_verde/inaturalist_352599_320319082_579129811.jpg,moho_verde,inaturalist,https://inaturalist-open-data.s3.amazonaws.com/photos/579129811/original.jpg,352599:320319082:579129811,CC-BY-NC-4.0,"(c) Nathan Peters, some rights reserved (CC BY-NC)",2025-10-11,2026-05-10T03:45:24Z,1536x2048,92a3dcd95e1c73b180d4864f5fa299d2, | processed:768x1024
inaturalist_352599_319844576_578211831,data/processed/moho_verde/inaturalist_352599_319844576_578211831.jpg,moho_verde,inaturalist,https://inaturalist-open-data.s3.amazonaws.com/photos/578211831/original.jpg,352599:319844576:578211831,CC-BY-NC-4.0,"(c) Cherie Cornmesser, some rights reserved (CC BY-NC)",2025-10-09,2026-05-10T03:45:26Z,2048x945,f6f2f627dd4b892b55a22edcea7d3a61, | processed:1024x472
inaturalist_352599_319479163_577514358,data/processed/moho_verde/inaturalist_352599_319479163_577514358.jpg,moho_verde,inaturalist,https://inaturalist-open-data.s3.amazonaws.com/photos/577514358/original.jpg,352599:319479163:577514358,CC-BY-NC-4.0,"(c) Cherie Cornmesser, some rights reserved (CC BY-NC)",2025-10-06,2026-05-10T03:45:27Z,2048x945,e45737b7607451c29371083af7a2b4d0, | processed:1024x472
inaturalist_352599_319479163_577514391,data/processed/moho_verde/inaturalist_352599_319479163_577514391.jpg,moho_verde,inaturalist,https://inaturalist-open-data.s3.amazonaws.com/photos/577514391/original.jpg,352599:319479163:577514391,CC-BY-NC-4.0,"(c) Cherie Cornmesser, some rights reserved (CC BY-NC)",2025-10-06,2026-05-10T03:45:28Z,2048x945,7f184154dfe17520c6812d99623febe9, | processed:1024x472
inaturalist_352599_319032228_576657774,data/processed/moho_verde/inaturalist_352599_319032228_576657774.jpg,moho_verde,inaturalist,https://inaturalist-open-data.s3.amazonaws.com/photos/576657774/original.jpg,352599:319032228:576657774,CC-BY-4.0,"(c) reagan peschke, some rights reserved (CC BY)",2025-10-05,2026-05-10T03:45:31Z,2048x1536,064aef7f696985fd840fd999678efee5, | processed:1024x768
inaturalist_352599_319032228_576657806,data/processed/moho_verde/inaturalist_352599_319032228_576657806.jpg,moho_verde,inaturalist,https://inaturalist-open-data.s3.amazonaws.com/photos/576657806/original.jpg,352599:319032228:576657806,CC-BY-4.0,"(c) reagan peschke, some rights reserved (CC BY)",2025-10-05,2026-05-10T03:45:32Z,2048x1536,e733a840e3be4a6b33d2a1138ffb8a61, | processed:1024x768
inaturalist_352599_319032228_576657833,data/processed/moho_verde/inaturalist_352599_319032228_576657833.jpg,moho_verde,inaturalist,https://inaturalist-open-data.s3.amazonaws.com/photos/576657833/original.jpg,352599:319032228:576657833,CC-BY-4.0,"(c) reagan peschke, some rights reserved (CC BY)",2025-10-05,2026-05-10T03:45:33Z,1536x2048,4ecbdcc86c12c235dcc56db2345aa2b4, | processed:768x1024
inaturalist_352599_318965019_576525600,data/processed/moho_verde/inaturalist_352599_318965019_576525600.jpg,moho_verde,inaturalist,https://inaturalist-open-data.s3.amazonaws.com/photos/576525600/original.jpg,352599:318965019:576525600,CC-BY-4.0,"(c) reagan peschke, some rights reserved (CC BY)",2025-10-04,2026-05-10T03:45:34Z,2048x1536,5d0301f5105597c231f04cd71183ce95, | processed:1024x768
inaturalist_352599_318965019_576525741,data/processed/moho_verde/inaturalist_352599_318965019_576525741.jpg,moho_verde,inaturalist,https://inaturalist-open-data.s3.amazonaws.com/photos/576525741/original.jpg,352599:318965019:576525741,CC-BY-4.0,"(c) reagan peschke, some rights reserved (CC BY)",2025-10-04,2026-05-10T03:45:35Z,1536x2048,51a52fd0f6101d619f5578c780aac395, | processed:768x1024
inaturalist_352599_317902828_574495259,data/processed/moho_verde/inaturalist_352599_317902828_574495259.jpg,moho_verde,inaturalist,https://inaturalist-open-data.s3.amazonaws.com/photos/574495259/original.jpg,352599:317902828:574495259,CC-BY-NC-4.0,"(c) Jasmine Magallanes, some rights reserved (CC BY-NC)",2025-09-30,2026-05-10T03:45:40Z,1536x2048,2698585fc4e84cb875ee6888e802c384, | processed:768x1024
inaturalist_352599_317896107_574481687,data/processed/moho_verde/inaturalist_352599_317896107_574481687.jpg,moho_verde,inaturalist,https://inaturalist-open-data.s3.amazonaws.com/photos/574481687/original.jpg,352599:317896107:574481687,CC-BY-NC-4.0,"(c) morgan yacullo, some rights reserved (CC BY-NC)",2025-09-27,2026-05-10T03:45:41Z,2048x1536,c751cd006547f2f0b875a7503fd6dcd1, | processed:1024x768
inaturalist_352599_317561672_573842236,data/processed/moho_verde/inaturalist_352599_317561672_573842236.jpg,moho_verde,inaturalist,https://inaturalist-open-data.s3.amazonaws.com/photos/573842236/original.jpg,352599:317561672:573842236,CC-BY-NC-4.0,"(c) seapeanut, some rights reserved (CC BY-NC)",2025-09-29,2026-05-10T03:45:42Z,2048x1536,64c23794932b6f7fcac111b1b4ac33e2, | processed:1024x768
inaturalist_352599_317561672_573842286,data/processed/moho_verde/inaturalist_352599_317561672_573842286.jpg,moho_verde,inaturalist,https://inaturalist-open-data.s3.amazonaws.com/photos/573842286/original.jpg,352599:317561672:573842286,CC-BY-NC-4.0,"(c) seapeanut, some rights reserved (CC BY-NC)",2025-09-29,2026-05-10T03:45:43Z,2048x1536,7c6e9548482fe36c50a3c7dd9eb2a236, | processed:1024x768
inaturalist_352599_317353725_573441782,data/processed/moho_verde/inaturalist_352599_317353725_573441782.jpg,moho_verde,inaturalist,https://inaturalist-open-data.s3.amazonaws.com/photos/573441782/original.jpg,352599:317353725:573441782,CC-BY-4.0,"(c) Cara Ennis, some rights reserved (CC BY)",2025-09-28,2026-05-10T03:45:48Z,2048x1536,be13faa85a7a3f32c7dde659319ac5dd, | processed:1024x768
inaturalist_352599_317353725_573441869,data/processed/moho_verde/inaturalist_352599_317353725_573441869.jpg,moho_verde,inaturalist,https://inaturalist-open-data.s3.amazonaws.com/photos/573441869/original.jpg,352599:317353725:573441869,CC-BY-4.0,"(c) Cara Ennis, some rights reserved (CC BY)",2025-09-28,2026-05-10T03:45:49Z,2048x1536,63b02a38ba083149538d79fda851d98a, | processed:1024x768
inaturalist_352599_317353725_573441961,data/processed/moho_verde/inaturalist_352599_317353725_573441961.jpg,moho_verde,inaturalist,https://inaturalist-open-data.s3.amazonaws.com/photos/573441961/original.jpg,352599:317353725:573441961,CC-BY-4.0,"(c) Cara Ennis, some rights reserved (CC BY)",2025-09-28,2026-05-10T03:45:50Z,2048x1536,ab6fb153f4157ca14105082ac1441926, | processed:1024x768
inaturalist_352599_317353725_573442024,data/processed/moho_verde/inaturalist_352599_317353725_573442024.jpg,moho_verde,inaturalist,https://inaturalist-open-data.s3.amazonaws.com/photos/573442024/original.jpg,352599:317353725:573442024,CC-BY-4.0,"(c) Cara Ennis, some rights reserved (CC BY)",2025-09-28,2026-05-10T03:45:51Z,2048x1536,6b9173c15645f5d1a11798189a9bd551, | processed:1024x768
inaturalist_352599_317317388_573373967,data/processed/moho_verde/inaturalist_352599_317317388_573373967.jpg,moho_verde,inaturalist,https://inaturalist-open-data.s3.amazonaws.com/photos/573373967/original.jpg,352599:317317388:573373967,CC-BY-NC-4.0,"(c) bojanarko, some rights reserved (CC BY-NC)",2025-09-27,2026-05-10T03:45:52Z,2048x1225,10bbdc0360cd1fd27bd3ca94971e4675, | processed:1024x612
inaturalist_352599_317317388_573373941,data/processed/moho_verde/inaturalist_352599_317317388_573373941.jpg,moho_verde,inaturalist,https://inaturalist-open-data.s3.amazonaws.com/photos/573373941/original.jpg,352599:317317388:573373941,CC-BY-NC-4.0,"(c) bojanarko, some rights reserved (CC BY-NC)",2025-09-27,2026-05-10T03:45:53Z,2048x1225,56169d82c302c9d8f7a3b1a175eb25f2, | processed:1024x612
inaturalist_352599_317154715_573066933,data/processed/moho_verde/inaturalist_352599_317154715_573066933.jpg,moho_verde,inaturalist,https://inaturalist-open-data.s3.amazonaws.com/photos/573066933/original.jpg,352599:317154715:573066933,CC-BY-NC-4.0,"(c) Gwyn Scoville, some rights reserved (CC BY-NC)",2025-09-25,2026-05-10T03:45:54Z,1536x2048,30491fdf8472b7c5f5364d207640afc9, | processed:768x1024
inaturalist_352599_317116634_572988519,data/processed/moho_verde/inaturalist_352599_317116634_572988519.jpg,moho_verde,inaturalist,https://inaturalist-open-data.s3.amazonaws.com/photos/572988519/original.jpg,352599:317116634:572988519,CC-BY-NC-4.0,"(c) Cara Coulter, some rights reserved (CC BY-NC)",2025-09-27,2026-05-10T03:45:58Z,2048x1528,47c2de9f273cf973a9e4ef3164e3d3d7, | processed:1024x764
inaturalist_352599_317104208_572970821,data/processed/moho_verde/inaturalist_352599_317104208_572970821.jpg,moho_verde,inaturalist,https://inaturalist-open-data.s3.amazonaws.com/photos/572970821/original.jpg,352599:317104208:572970821,CC-BY-NC-4.0,"(c) Cherie Cornmesser, some rights reserved (CC BY-NC)",2025-09-27,2026-05-10T03:45:59Z,2048x945,43916d7464fd7034e23bc13c6ab9a3ad, | processed:1024x472
inaturalist_352599_317104208_572970851,data/processed/moho_verde/inaturalist_352599_317104208_572970851.jpg,moho_verde,inaturalist,https://inaturalist-open-data.s3.amazonaws.com/photos/572970851/original.jpg,352599:317104208:572970851,CC-BY-NC-4.0,"(c) Cherie Cornmesser, some rights reserved (CC BY-NC)",2025-09-27,2026-05-10T03:46:00Z,2048x945,0ed6345286881f15946f261e27e41bac, | processed:1024x472
inaturalist_352599_316916032_572626670,data/processed/moho_verde/inaturalist_352599_316916032_572626670.jpg,moho_verde,inaturalist,https://inaturalist-open-data.s3.amazonaws.com/photos/572626670/original.jpg,352599:316916032:572626670,CC-BY-NC-4.0,"(c) puddleduck76, some rights reserved (CC BY-NC)",2025-09-27,2026-05-10T03:46:03Z,1536x2048,c49b7ea3626d439e0be2da9a13b5df98, | processed:768x1024
inaturalist_352599_315306729_569580470,data/processed/moho_verde/inaturalist_352599_315306729_569580470.jpg,moho_verde,inaturalist,https://inaturalist-open-data.s3.amazonaws.com/photos/569580470/original.jpg,352599:315306729:569580470,CC-BY-NC-4.0,"(c) Vladimir Bryukhov, some rights reserved (CC BY-NC)",2025-09-07,2026-05-10T03:46:08Z,2048x1363,376ad45818bdfd45c65601a3f4808982, | processed:1024x682
inaturalist_352599_315306729_569580467,data/processed/moho_verde/inaturalist_352599_315306729_569580467.jpg,moho_verde,inaturalist,https://inaturalist-open-data.s3.amazonaws.com/photos/569580467/original.jpg,352599:315306729:569580467,CC-BY-NC-4.0,"(c) Vladimir Bryukhov, some rights reserved (CC BY-NC)",2025-09-07,2026-05-10T03:46:09Z,2048x1363,b184186827b8240aa698d6ee2b6f80e0, | processed:1024x682
inaturalist_352599_315306729_569580468,data/processed/moho_verde/inaturalist_352599_315306729_569580468.jpg,moho_verde,inaturalist,https://inaturalist-open-data.s3.amazonaws.com/photos/569580468/original.jpg,352599:315306729:569580468,CC-BY-NC-4.0,"(c) Vladimir Bryukhov, some rights reserved (CC BY-NC)",2025-09-07,2026-05-10T03:46:10Z,2048x1363,74a8a4bea146fc4d285a3b2a2613bc11, | processed:1024x682
inaturalist_352599_315306729_569580492,data/processed/moho_verde/inaturalist_352599_315306729_569580492.jpg,moho_verde,inaturalist,https://inaturalist-open-data.s3.amazonaws.com/photos/569580492/original.jpg,352599:315306729:569580492,CC-BY-NC-4.0,"(c) Vladimir Bryukhov, some rights reserved (CC BY-NC)",2025-09-07,2026-05-10T03:46:11Z,2048x1362,fc367e3fca6dd048f141fbee24efd56d, | processed:1024x681
inaturalist_352599_315086586_569152183,data/processed/moho_verde/inaturalist_352599_315086586_569152183.jpg,moho_verde,inaturalist,https://inaturalist-open-data.s3.amazonaws.com/photos/569152183/original.jpg,352599:315086586:569152183,CC-BY-NC-4.0,"(c) Matilda, some rights reserved (CC BY-NC)",2025-09-19,2026-05-10T03:46:12Z,1080x1440,6e3afa95883c332372edb57e564ab84b, | processed:768x1024
inaturalist_352599_314783965_568582357,data/processed/moho_verde/inaturalist_352599_314783965_568582357.jpg,moho_verde,inaturalist,https://inaturalist-open-data.s3.amazonaws.com/photos/568582357/original.jpg,352599:314783965:568582357,CC-BY-NC-4.0,"(c) EvaOwl, some rights reserved (CC BY-NC)",2025-09-13,2026-05-10T03:46:13Z,1016x1063,8ae204b24cde618ece4cfdfb4a3514ed, | processed:979x1024
inaturalist_352599_314606394_568236352,data/processed/moho_verde/inaturalist_352599_314606394_568236352.jpg,moho_verde,inaturalist,https://inaturalist-open-data.s3.amazonaws.com/photos/568236352/original.jpg,352599:314606394:568236352,CC-BY-NC-4.0,"(c) Vladimir Bryukhov, some rights reserved (CC BY-NC)",2025-09-07,2026-05-10T03:46:14Z,2048x1362,6ba55e2e1e65ce21c0b469d9c671c1e8, | processed:1024x681
inaturalist_352599_314606394_568236353,data/processed/moho_verde/inaturalist_352599_314606394_568236353.jpg,moho_verde,inaturalist,https://inaturalist-open-data.s3.amazonaws.com/photos/568236353/original.jpg,352599:314606394:568236353,CC-BY-NC-4.0,"(c) Vladimir Bryukhov, some rights reserved (CC BY-NC)",2025-09-07,2026-05-10T03:46:15Z,2047x2048,2bc9acf5cacd48202321e12631d11465, | processed:1024x1024
inaturalist_352599_314606394_568236350,data/processed/moho_verde/inaturalist_352599_314606394_568236350.jpg,moho_verde,inaturalist,https://inaturalist-open-data.s3.amazonaws.com/photos/568236350/original.jpg,352599:314606394:568236350,CC-BY-NC-4.0,"(c) Vladimir Bryukhov, some rights reserved (CC BY-NC)",2025-09-07,2026-05-10T03:46:16Z,2048x1363,216cd0dad0b14fd62f759b929aca6132, | processed:1024x682
inaturalist_352599_313743544_566607030,data/processed/moho_verde/inaturalist_352599_313743544_566607030.jpg,moho_verde,inaturalist,https://inaturalist-open-data.s3.amazonaws.com/photos/566607030/original.jpg,352599:313743544:566607030,CC-BY-NC-4.0,"(c) Lila S., some rights reserved (CC BY-NC)",2025-09-13,2026-05-10T03:46:19Z,1536x2048,5d62b1eebd4db1a70a5cef4659eca030, | processed:768x1024
inaturalist_352599_313743544_566607073,data/processed/moho_verde/inaturalist_352599_313743544_566607073.jpg,moho_verde,inaturalist,https://inaturalist-open-data.s3.amazonaws.com/photos/566607073/original.jpg,352599:313743544:566607073,CC-BY-NC-4.0,"(c) Lila S., some rights reserved (CC BY-NC)",2025-09-13,2026-05-10T03:46:20Z,1536x2048,e23a144c36c68cd6d408e6351463ee9c, | processed:768x1024
inaturalist_352599_313743544_566607091,data/processed/moho_verde/inaturalist_352599_313743544_566607091.jpg,moho_verde,inaturalist,https://inaturalist-open-data.s3.amazonaws.com/photos/566607091/original.jpg,352599:313743544:566607091,CC-BY-NC-4.0,"(c) Lila S., some rights reserved (CC BY-NC)",2025-09-13,2026-05-10T03:46:21Z,1536x2048,5ba934cdb87b6c65ab04210e5004383e, | processed:768x1024
inaturalist_352599_313341827_565842554,data/processed/moho_verde/inaturalist_352599_313341827_565842554.jpg,moho_verde,inaturalist,https://inaturalist-open-data.s3.amazonaws.com/photos/565842554/original.jpg,352599:313341827:565842554,CC-BY-NC-4.0,"(c) tamarapilzhunter, some rights reserved (CC BY-NC)",2025-09-12,2026-05-10T03:46:22Z,1536x2048,2b7cccbc101d288df2778f689a677601, | processed:768x1024
inaturalist_352599_313333252_565811308,data/processed/moho_verde/inaturalist_352599_313333252_565811308.jpg,moho_verde,inaturalist,https://inaturalist-open-data.s3.amazonaws.com/photos/565811308/original.jpg,352599:313333252:565811308,CC-BY-NC-4.0,"(c) Matilda, some rights reserved (CC BY-NC)",2025-09-12,2026-05-10T03:46:23Z,1079x1440,6ee0b7c3f28cd7805da289e892fa56d4, | processed:767x1024
inaturalist_352599_313333252_565811459,data/processed/moho_verde/inaturalist_352599_313333252_565811459.jpg,moho_verde,inaturalist,https://inaturalist-open-data.s3.amazonaws.com/photos/565811459/original.jpg,352599:313333252:565811459,CC-BY-NC-4.0,"(c) Matilda, some rights reserved (CC BY-NC)",2025-09-12,2026-05-10T03:46:24Z,1920x1440,d6d8bb1e2ca7648292783eb427a2dee0, | processed:1024x768
inaturalist_352599_311568194_562451480,data/processed/moho_verde/inaturalist_352599_311568194_562451480.jpg,moho_verde,inaturalist,https://inaturalist-open-data.s3.amazonaws.com/photos/562451480/original.jpg,352599:311568194:562451480,CC-BY-4.0,"(c) reagan peschke, some rights reserved (CC BY)",2025-09-02,2026-05-10T03:46:25Z,2048x1536,1bf70880d4279ec5e92f261f5e4ac536, | processed:1024x768
inaturalist_352599_311123909_561602968,data/processed/moho_verde/inaturalist_352599_311123909_561602968.jpg,moho_verde,inaturalist,https://inaturalist-open-data.s3.amazonaws.com/photos/561602968/original.jpg,352599:311123909:561602968,CC-BY-4.0,"(c) reagan peschke, some rights reserved (CC BY)",2025-08-21,2026-05-10T03:46:30Z,2048x1536,907d55f6c79f3145830d64c1d3daefff, | processed:1024x768
inaturalist_352599_311083194_561523139,data/processed/moho_verde/inaturalist_352599_311083194_561523139.jpg,moho_verde,inaturalist,https://inaturalist-open-data.s3.amazonaws.com/photos/561523139/original.jpg,352599:311083194:561523139,CC-BY-NC-4.0,"(c) RandyB, some rights reserved (CC BY-NC)",2025-09-02,2026-05-10T03:46:31Z,1536x2048,7af281b73a6fcddf52326eb6844ea6e4, | processed:768x1024
inaturalist_352599_311083194_561523188,data/processed/moho_verde/inaturalist_352599_311083194_561523188.jpg,moho_verde,inaturalist,https://inaturalist-open-data.s3.amazonaws.com/photos/561523188/original.jpg,352599:311083194:561523188,CC-BY-NC-4.0,"(c) RandyB, some rights reserved (CC BY-NC)",2025-09-02,2026-05-10T03:46:32Z,1536x2048,9ebfef9e561b958c6b419d38f823269e, | processed:768x1024
inaturalist_352599_309301088_558118981,data/processed/moho_verde/inaturalist_352599_309301088_558118981.jpg,moho_verde,inaturalist,https://inaturalist-open-data.s3.amazonaws.com/photos/558118981/original.jpg,352599:309301088:558118981,CC-BY-NC-4.0,"(c) Robert Russo, some rights reserved (CC BY-NC)",2025-08-23,2026-05-10T03:46:33Z,1542x2048,bfc8a5c60fd7e203b6c7b038d65a9180, | processed:771x1024
inaturalist_352599_309153034_557838411,data/processed/moho_verde/inaturalist_352599_309153034_557838411.jpg,moho_verde,inaturalist,https://inaturalist-open-data.s3.amazonaws.com/photos/557838411/original.jpg,352599:309153034:557838411,CC-BY-NC-4.0,"(c) Giff Beaton, some rights reserved (CC BY-NC)",2024-11-18,2026-05-10T03:46:34Z,1024x644,5b99e73cf1350d2a70fa674764e214c6, | processed:1024x644
inaturalist_352599_307348507_554360592,data/processed/moho_verde/inaturalist_352599_307348507_554360592.jpg,moho_verde,inaturalist,https://inaturalist-open-data.s3.amazonaws.com/photos/554360592/original.jpg,352599:307348507:554360592,CC-BY-4.0,"(c) reagan peschke, some rights reserved (CC BY)",2025-08-15,2026-05-10T03:46:35Z,1536x2048,7761f00b51c6aa128cd420b5247867ad, | processed:768x1024
inaturalist_352599_305603944_551027036,data/processed/moho_verde/inaturalist_352599_305603944_551027036.jpg,moho_verde,inaturalist,https://inaturalist-open-data.s3.amazonaws.com/photos/551027036/original.jpg,352599:305603944:551027036,CC-BY-NC-4.0,"(c) Antonela Boggián, some rights reserved (CC BY-NC)",2025-08-04,2026-05-10T03:46:38Z,1200x1600,7c83d9e68b64a39348e998772627a497, | processed:768x1024
inaturalist_352599_305603944_551027078,data/processed/moho_verde/inaturalist_352599_305603944_551027078.jpg,moho_verde,inaturalist,https://inaturalist-open-data.s3.amazonaws.com/photos/551027078/original.jpg,352599:305603944:551027078,CC-BY-NC-4.0,"(c) Antonela Boggián, some rights reserved (CC BY-NC)",2025-08-04,2026-05-10T03:46:39Z,1500x1571,a5e179bc6065c8009787f321ffac4f2f, | processed:978x1024
inaturalist_352599_303808753_547620720,data/processed/moho_verde/inaturalist_352599_303808753_547620720.jpg,moho_verde,inaturalist,https://inaturalist-open-data.s3.amazonaws.com/photos/547620720/original.jpg,352599:303808753:547620720,CC-BY-NC-4.0,"(c) Franco Palandri, some rights reserved (CC BY-NC)",2025-08-04,2026-05-10T03:46:40Z,1536x2048,4a15e2f1c3d1579989c5c470a4bcce1f, | processed:768x1024
inaturalist_352599_303808753_547620751,data/processed/moho_verde/inaturalist_352599_303808753_547620751.jpg,moho_verde,inaturalist,https://inaturalist-open-data.s3.amazonaws.com/photos/547620751/original.jpg,352599:303808753:547620751,CC-BY-NC-4.0,"(c) Franco Palandri, some rights reserved (CC BY-NC)",2025-08-04,2026-05-10T03:46:41Z,1536x2048,09a57323aceaca81f097de42064ae240, | processed:768x1024
inaturalist_352599_303029968_546157239,data/processed/moho_verde/inaturalist_352599_303029968_546157239.jpg,moho_verde,inaturalist,https://inaturalist-open-data.s3.amazonaws.com/photos/546157239/original.jpg,352599:303029968:546157239,CC-BY-4.0,"(c) reagan peschke, some rights reserved (CC BY)",2025-08-01,2026-05-10T03:46:43Z,2048x1536,299ed677c6fe2d97cb52863c299d7392, | processed:1024x768
inaturalist_352599_302874495_545861657,data/processed/moho_verde/inaturalist_352599_302874495_545861657.jpg,moho_verde,inaturalist,https://inaturalist-open-data.s3.amazonaws.com/photos/545861657/original.jpg,352599:302874495:545861657,CC-BY-NC-4.0,"(c) dgwer, some rights reserved (CC BY-NC)",2025-08-01,2026-05-10T03:46:44Z,834x866,509e0e266db244e794310e3210c7124d, | processed:834x866
inaturalist_352599_300589164_541614296,data/processed/moho_verde/inaturalist_352599_300589164_541614296.jpg,moho_verde,inaturalist,https://inaturalist-open-data.s3.amazonaws.com/photos/541614296/original.jpg,352599:300589164:541614296,CC-BY-NC-4.0,"(c) Karen, some rights reserved (CC BY-NC)",2025-07-24,2026-05-10T03:46:48Z,2048x1542,015d983f467ff11969dba9514d39635e, | processed:1024x771
inaturalist_352599_300589164_541614335,data/processed/moho_verde/inaturalist_352599_300589164_541614335.jpg,moho_verde,inaturalist,https://inaturalist-open-data.s3.amazonaws.com/photos/541614335/original.jpg,352599:300589164:541614335,CC-BY-NC-4.0,"(c) Karen, some rights reserved (CC BY-NC)",2025-07-24,2026-05-10T03:46:49Z,1542x2048,3db5ab655d39d7072e9de63c547b18b7, | processed:771x1024
inaturalist_352599_299591638_539742993,data/processed/moho_verde/inaturalist_352599_299591638_539742993.jpg,moho_verde,inaturalist,https://inaturalist-open-data.s3.amazonaws.com/photos/539742993/original.jpg,352599:299591638:539742993,CC-BY-NC-4.0,"(c) Cherie Cornmesser, some rights reserved (CC BY-NC)",2025-07-20,2026-05-10T03:46:50Z,2048x945,65979c25b04c6926cb2a5ba3de1435f3, | processed:1024x472
inaturalist_352599_299591638_539743046,data/processed/moho_verde/inaturalist_352599_299591638_539743046.jpg,moho_verde,inaturalist,https://inaturalist-open-data.s3.amazonaws.com/photos/539743046/original.jpg,352599:299591638:539743046,CC-BY-NC-4.0,"(c) Cherie Cornmesser, some rights reserved (CC BY-NC)",2025-07-20,2026-05-10T03:46:51Z,2048x945,2896c3acf2cec58d87463f74667b1368, | processed:1024x472
inaturalist_352599_298362661_537424314,data/processed/moho_verde/inaturalist_352599_298362661_537424314.jpg,moho_verde,inaturalist,https://inaturalist-open-data.s3.amazonaws.com/photos/537424314/original.jpg,352599:298362661:537424314,CC-BY-NC-4.0,"(c) 🦔🐠🐝🌿🦆🐢 Rocky 🦘🐌🪻🐜🍄🦋, some rights reserved (CC BY-NC)",2025-07-16,2026-05-10T03:46:52Z,2048x1536,5c6fc0980269d63cfd3b73cb21229a73, | processed:1024x768
inaturalist_352599_296833971_534524935,data/processed/moho_verde/inaturalist_352599_296833971_534524935.jpg,moho_verde,inaturalist,https://inaturalist-open-data.s3.amazonaws.com/photos/534524935/original.jpg,352599:296833971:534524935,CC-BY-NC-4.0,"(c) jfitz27, some rights reserved (CC BY-NC)",2025-07-10,2026-05-10T03:46:54Z,1536x2048,f4de00d1232583b7a49a6f92c103d11a, | processed:768x1024
inaturalist_352599_295866413_532672456,data/processed/moho_verde/inaturalist_352599_295866413_532672456.jpg,moho_verde,inaturalist,https://inaturalist-open-data.s3.amazonaws.com/photos/532672456/original.jpg,352599:295866413:532672456,CC-BY-NC-4.0,"(c) karenbeall, some rights reserved (CC BY-NC)",2025-07-06,2026-05-10T03:46:55Z,1536x2048,ea007fa256a307f08f1a340be119b91e, | processed:768x1024
inaturalist_352599_295866413_532672557,data/processed/moho_verde/inaturalist_352599_295866413_532672557.jpg,moho_verde,inaturalist,https://inaturalist-open-data.s3.amazonaws.com/photos/532672557/original.jpg,352599:295866413:532672557,CC-BY-NC-4.0,"(c) karenbeall, some rights reserved (CC BY-NC)",2025-07-06,2026-05-10T03:46:56Z,1536x2048,7e6b8c7f5fd41d3ec2edcfe27b66676e, | processed:768x1024
inaturalist_352599_295866413_532672595,data/processed/moho_verde/inaturalist_352599_295866413_532672595.jpg,moho_verde,inaturalist,https://inaturalist-open-data.s3.amazonaws.com/photos/532672595/original.jpg,352599:295866413:532672595,CC-BY-NC-4.0,"(c) karenbeall, some rights reserved (CC BY-NC)",2025-07-06,2026-05-10T03:46:57Z,2048x1536,84b3c87af2fe4131d7737658b1cdc48c, | processed:1024x768
inaturalist_352599_295607925_532182464,data/processed/moho_verde/inaturalist_352599_295607925_532182464.jpg,moho_verde,inaturalist,https://inaturalist-open-data.s3.amazonaws.com/photos/532182464/original.jpg,352599:295607925:532182464,CC-BY-4.0,"(c) Tara Severns, some rights reserved (CC BY)",2025-07-05,2026-05-10T03:46:58Z,2048x2048,bcf9f4f2cb85e1e432655510695c09b5, | processed:1024x1024
inaturalist_352599_292967856_527267288,data/processed/moho_verde/inaturalist_352599_292967856_527267288.jpg,moho_verde,inaturalist,https://inaturalist-open-data.s3.amazonaws.com/photos/527267288/original.jpg,352599:292967856:527267288,CC-BY-NC-4.0,"(c) ramblinchapin, some rights reserved (CC BY-NC)",2025-06-26,2026-05-10T03:47:01Z,1536x2048,2e5ba9ea14fc4fabc2690b97ccbf5c88, | processed:768x1024
inaturalist_352599_292807701_526969541,data/processed/moho_verde/inaturalist_352599_292807701_526969541.jpg,moho_verde,inaturalist,https://inaturalist-open-data.s3.amazonaws.com/photos/526969541/original.jpg,352599:292807701:526969541,CC-BY-NC-4.0,"(c) Kerry Rainer, some rights reserved (CC BY-NC)",2025-06-26,2026-05-10T03:47:02Z,1200x1600,81306f750c8a0df827bf443646ea4923, | processed:768x1024
inaturalist_352599_292807701_526969543,data/processed/moho_verde/inaturalist_352599_292807701_526969543.jpg,moho_verde,inaturalist,https://inaturalist-open-data.s3.amazonaws.com/photos/526969543/original.jpg,352599:292807701:526969543,CC-BY-NC-4.0,"(c) Kerry Rainer, some rights reserved (CC BY-NC)",2025-06-26,2026-05-10T03:47:03Z,1200x1600,c13816e66d51c881b3ade6c11a9221fc, | processed:768x1024
inaturalist_352599_292807701_526969566,data/processed/moho_verde/inaturalist_352599_292807701_526969566.jpg,moho_verde,inaturalist,https://inaturalist-open-data.s3.amazonaws.com/photos/526969566/original.jpg,352599:292807701:526969566,CC-BY-NC-4.0,"(c) Kerry Rainer, some rights reserved (CC BY-NC)",2025-06-26,2026-05-10T03:47:04Z,1200x1600,83d6486a68e1fd223b7e906c492ec8e8, | processed:768x1024
inaturalist_352599_291309048_536543151,data/processed/moho_verde/inaturalist_352599_291309048_536543151.jpg,moho_verde,inaturalist,https://inaturalist-open-data.s3.amazonaws.com/photos/536543151/original.jpg,352599:291309048:536543151,CC-BY-NC-4.0,"(c) Anna Luna Vesprini, some rights reserved (CC BY-NC)",2025-06-20,2026-05-10T03:47:09Z,771x1024,f66a257b731271442c4315c4b0295d23, | processed:771x1024
inaturalist_352599_291309048_536543185,data/processed/moho_verde/inaturalist_352599_291309048_536543185.jpg,moho_verde,inaturalist,https://inaturalist-open-data.s3.amazonaws.com/photos/536543185/original.jpg,352599:291309048:536543185,CC-BY-NC-4.0,"(c) Anna Luna Vesprini, some rights reserved (CC BY-NC)",2025-06-20,2026-05-10T03:47:10Z,771x1024,c46b0cf28031137ca6d663742e4a6e77, | processed:771x1024
inaturalist_352599_290939191_523423141,data/processed/moho_verde/inaturalist_352599_290939191_523423141.jpg,moho_verde,inaturalist,https://inaturalist-open-data.s3.amazonaws.com/photos/523423141/original.jpg,352599:290939191:523423141,CC-BY-NC-4.0,"(c) SALVA CAO, some rights reserved (CC BY-NC)",2025-06-12,2026-05-10T03:47:11Z,1536x2048,3f02b4ff0b96104e959cbbb8ede00624, | processed:768x1024
inaturalist_352599_290704426_522980194,data/processed/moho_verde/inaturalist_352599_290704426_522980194.jpg,moho_verde,inaturalist,https://inaturalist-open-data.s3.amazonaws.com/photos/522980194/original.jpg,352599:290704426:522980194,CC-BY-NC-4.0,"(c) Franco Palandri, some rights reserved (CC BY-NC)",2025-06-18,2026-05-10T03:47:12Z,1536x2048,e7020fc5b17187bc47a7b1d7945c03f5, | processed:768x1024
inaturalist_352599_290704426_522980270,data/processed/moho_verde/inaturalist_352599_290704426_522980270.jpg,moho_verde,inaturalist,https://inaturalist-open-data.s3.amazonaws.com/photos/522980270/original.jpg,352599:290704426:522980270,CC-BY-NC-4.0,"(c) Franco Palandri, some rights reserved (CC BY-NC)",2025-06-18,2026-05-10T03:47:13Z,1536x2048,900f0c6adef07baf30d71547155b441d, | processed:768x1024
inaturalist_352599_290704426_522980352,data/processed/moho_verde/inaturalist_352599_290704426_522980352.jpg,moho_verde,inaturalist,https://inaturalist-open-data.s3.amazonaws.com/photos/522980352/original.jpg,352599:290704426:522980352,CC-BY-NC-4.0,"(c) Franco Palandri, some rights reserved (CC BY-NC)",2025-06-18,2026-05-10T03:47:14Z,1536x2048,73ab489eb38a7e64d8b3af3e4f776f46, | processed:768x1024
inaturalist_352599_290700638_522973301,data/processed/moho_verde/inaturalist_352599_290700638_522973301.jpg,moho_verde,inaturalist,https://inaturalist-open-data.s3.amazonaws.com/photos/522973301/original.jpg,352599:290700638:522973301,CC-BY-4.0,"(c) hannahtidae, some rights reserved (CC BY)",2025-06-18,2026-05-10T03:47:15Z,1536x2048,b97a8a480475c22e555eff1ce01ec73b, | processed:768x1024
inaturalist_352599_290700638_522973298,data/processed/moho_verde/inaturalist_352599_290700638_522973298.jpg,moho_verde,inaturalist,https://inaturalist-open-data.s3.amazonaws.com/photos/522973298/original.jpg,352599:290700638:522973298,CC-BY-4.0,"(c) hannahtidae, some rights reserved (CC BY)",2025-06-18,2026-05-10T03:47:16Z,1536x2048,c2a08959d62324e1bfcc783df49cd9ab, | processed:768x1024
inaturalist_352599_290700638_522973300,data/processed/moho_verde/inaturalist_352599_290700638_522973300.jpg,moho_verde,inaturalist,https://inaturalist-open-data.s3.amazonaws.com/photos/522973300/original.jpg,352599:290700638:522973300,CC-BY-4.0,"(c) hannahtidae, some rights reserved (CC BY)",2025-06-18,2026-05-10T03:47:17Z,1536x2048,b5f0e24f4417a3410116729aa05808fc, | processed:768x1024
inaturalist_352599_289491399_520690714,data/processed/moho_verde/inaturalist_352599_289491399_520690714.jpg,moho_verde,inaturalist,https://inaturalist-open-data.s3.amazonaws.com/photos/520690714/original.jpg,352599:289491399:520690714,CC-BY-4.0,"(c) Michel Langeveld, some rights reserved (CC BY)",2025-06-14,2026-05-10T03:47:18Z,1152x2048,d3a6585d1d241cef72f9e16865586d05, | processed:576x1024
inaturalist_352599_289055846_519869196,data/processed/moho_verde/inaturalist_352599_289055846_519869196.jpg,moho_verde,inaturalist,https://inaturalist-open-data.s3.amazonaws.com/photos/519869196/original.jpg,352599:289055846:519869196,CC-BY-NC-4.0,"(c) dtanzer, some rights reserved (CC BY-NC)",2025-06-12,2026-05-10T03:47:19Z,1542x2048,2211a8863b39787d92a41c91c88b8691, | processed:771x1024
inaturalist_352599_289055846_519869234,data/processed/moho_verde/inaturalist_352599_289055846_519869234.jpg,moho_verde,inaturalist,https://inaturalist-open-data.s3.amazonaws.com/photos/519869234/original.jpg,352599:289055846:519869234,CC-BY-NC-4.0,"(c) dtanzer, some rights reserved (CC BY-NC)",2025-06-12,2026-05-10T03:47:20Z,1542x2048,ce2a66dc95066d16cc50f5ae183438fc, | processed:771x1024
inaturalist_352599_285884032_513941152,data/processed/moho_verde/inaturalist_352599_285884032_513941152.jpg,moho_verde,inaturalist,https://inaturalist-open-data.s3.amazonaws.com/photos/513941152/original.jpg,352599:285884032:513941152,CC-BY-NC-4.0,"(c) Colin and Wendy Cook, some rights reserved (CC BY-NC)",2025-06-01,2026-05-10T03:47:22Z,1536x2048,e87e413ce2025b49970e6b1a9d8a977c, | processed:768x1024
inaturalist_352599_285884032_513941204,data/processed/moho_verde/inaturalist_352599_285884032_513941204.jpg,moho_verde,inaturalist,https://inaturalist-open-data.s3.amazonaws.com/photos/513941204/original.jpg,352599:285884032:513941204,CC-BY-NC-4.0,"(c) Colin and Wendy Cook, some rights reserved (CC BY-NC)",2025-06-01,2026-05-10T03:47:23Z,1536x2048,62c39e8ce4795d9c4b0c7ba9d0103515, | processed:768x1024
inaturalist_352599_285884032_513941267,data/processed/moho_verde/inaturalist_352599_285884032_513941267.jpg,moho_verde,inaturalist,https://inaturalist-open-data.s3.amazonaws.com/photos/513941267/original.jpg,352599:285884032:513941267,CC-BY-NC-4.0,"(c) Colin and Wendy Cook, some rights reserved (CC BY-NC)",2025-06-01,2026-05-10T03:47:24Z,1536x2048,c14dc83d2576f9efec92eb4c1246ac78, | processed:768x1024
inaturalist_352599_285884032_513941336,data/processed/moho_verde/inaturalist_352599_285884032_513941336.jpg,moho_verde,inaturalist,https://inaturalist-open-data.s3.amazonaws.com/photos/513941336/original.jpg,352599:285884032:513941336,CC-BY-NC-4.0,"(c) Colin and Wendy Cook, some rights reserved (CC BY-NC)",2025-06-01,2026-05-10T03:47:25Z,1536x2048,bf3cb1e87dc39c6c3a3a47b20271cc69, | processed:768x1024
inaturalist_352599_285884032_513941382,data/processed/moho_verde/inaturalist_352599_285884032_513941382.jpg,moho_verde,inaturalist,https://inaturalist-open-data.s3.amazonaws.com/photos/513941382/original.jpg,352599:285884032:513941382,CC-BY-NC-4.0,"(c) Colin and Wendy Cook, some rights reserved (CC BY-NC)",2025-06-01,2026-05-10T03:47:26Z,1536x2048,8a70f55f938e9ee7b7ce36fa85c81a02, | processed:768x1024
inaturalist_352599_283010673_508500201,data/processed/moho_verde/inaturalist_352599_283010673_508500201.jpg,moho_verde,inaturalist,https://inaturalist-open-data.s3.amazonaws.com/photos/508500201/original.jpg,352599:283010673:508500201,CC-BY-NC-4.0,"(c) Kai, some rights reserved (CC BY-NC)",2025-05-19,2026-05-10T03:47:31Z,1536x2048,cc563bc919e33e07cbc92e760c3c4e11, | processed:768x1024
inaturalist_352599_282746781_508009479,data/processed/moho_verde/inaturalist_352599_282746781_508009479.jpg,moho_verde,inaturalist,https://inaturalist-open-data.s3.amazonaws.com/photos/508009479/original.jpg,352599:282746781:508009479,CC-BY-NC-4.0,"(c) Megan Mallon, some rights reserved (CC BY-NC)",2025-05-20,2026-05-10T03:47:32Z,1536x2048,4033ffa64ef52503c579b26acf777af4, | processed:768x1024
inaturalist_352599_282746781_508009503,data/processed/moho_verde/inaturalist_352599_282746781_508009503.jpg,moho_verde,inaturalist,https://inaturalist-open-data.s3.amazonaws.com/photos/508009503/original.jpg,352599:282746781:508009503,CC-BY-NC-4.0,"(c) Megan Mallon, some rights reserved (CC BY-NC)",2025-05-20,2026-05-10T03:47:33Z,1536x2048,d96ae179211713501a95e9d6b20cba15, | processed:768x1024
inaturalist_352599_282746781_508009494,data/processed/moho_verde/inaturalist_352599_282746781_508009494.jpg,moho_verde,inaturalist,https://inaturalist-open-data.s3.amazonaws.com/photos/508009494/original.jpg,352599:282746781:508009494,CC-BY-NC-4.0,"(c) Megan Mallon, some rights reserved (CC BY-NC)",2025-05-20,2026-05-10T03:47:34Z,2048x1536,57a0a92afed873c175fa59411f00a204, | processed:1024x768
inaturalist_352599_282725586_507966363,data/processed/moho_verde/inaturalist_352599_282725586_507966363.jpg,moho_verde,inaturalist,https://inaturalist-open-data.s3.amazonaws.com/photos/507966363/original.jpg,352599:282725586:507966363,CC-BY-NC-4.0,"(c) Caiden Calderwood, some rights reserved (CC BY-NC)",2025-05-19,2026-05-10T03:47:35Z,2048x1536,9eef584a2fa81e08461dd7d64bdcc0d5, | processed:1024x768
inaturalist_352599_282523205_507591033,data/processed/moho_verde/inaturalist_352599_282523205_507591033.jpg,moho_verde,inaturalist,https://inaturalist-open-data.s3.amazonaws.com/photos/507591033/original.jpg,352599:282523205:507591033,CC-BY-NC-4.0,"(c) Jasmine Magallanes, some rights reserved (CC BY-NC)",2025-05-19,2026-05-10T03:47:37Z,1536x2048,efaff6dbe036a04d868cbe801105f0ef, | processed:768x1024
inaturalist_352599_282414317_507406817,data/processed/moho_verde/inaturalist_352599_282414317_507406817.jpg,moho_verde,inaturalist,https://inaturalist-open-data.s3.amazonaws.com/photos/507406817/original.jpg,352599:282414317:507406817,CC-BY-NC-4.0,"(c) Alannah Coutu, some rights reserved (CC BY-NC)",2025-05-19,2026-05-10T03:47:38Z,1536x2048,df20695a5332296085706f6235d1f964, | processed:768x1024
inaturalist_352599_282139252_506871867,data/processed/moho_verde/inaturalist_352599_282139252_506871867.jpg,moho_verde,inaturalist,https://inaturalist-open-data.s3.amazonaws.com/photos/506871867/original.jpg,352599:282139252:506871867,CC-BY-NC-4.0,"(c) Maxxum Fioriti, some rights reserved (CC BY-NC)",2025-05-18,2026-05-10T03:47:39Z,1536x2048,fcd053c3555e3f2ec82a7d4ef2afb0a9, | processed:768x1024
inaturalist_352599_279111075_501185018,data/processed/moho_verde/inaturalist_352599_279111075_501185018.jpg,moho_verde,inaturalist,https://inaturalist-open-data.s3.amazonaws.com/photos/501185018/original.jpeg,352599:279111075:501185018,CC-BY-NC-4.0,"(c) R. Hoffman, some rights reserved (CC BY-NC)",2025-05-06,2026-05-10T03:47:43Z,2048x1536,33623327b0159ac63dab65185dfad3e5, | processed:1024x768
inaturalist_352599_279111075_501184955,data/processed/moho_verde/inaturalist_352599_279111075_501184955.jpg,moho_verde,inaturalist,https://inaturalist-open-data.s3.amazonaws.com/photos/501184955/original.jpeg,352599:279111075:501184955,CC-BY-NC-4.0,"(c) R. Hoffman, some rights reserved (CC BY-NC)",2025-05-06,2026-05-10T03:47:44Z,2048x1536,23368f94a2a688ba936d7353b6e1ab8c, | processed:1024x768
inaturalist_352599_279111075_501184956,data/processed/moho_verde/inaturalist_352599_279111075_501184956.jpg,moho_verde,inaturalist,https://inaturalist-open-data.s3.amazonaws.com/photos/501184956/original.jpeg,352599:279111075:501184956,CC-BY-NC-4.0,"(c) R. Hoffman, some rights reserved (CC BY-NC)",2025-05-06,2026-05-10T03:47:45Z,2048x1536,a27358acb8852edcd117c35069319025, | processed:1024x768
inaturalist_352599_278960673_500903615,data/processed/moho_verde/inaturalist_352599_278960673_500903615.jpg,moho_verde,inaturalist,https://inaturalist-open-data.s3.amazonaws.com/photos/500903615/original.jpg,352599:278960673:500903615,CC-BY-NC-4.0,"(c) Jarod Albrecht, some rights reserved (CC BY-NC)",2025-05-05,2026-05-10T03:47:46Z,2048x922,6984250943988550d59c1be6feffbfe4, | processed:1024x461
inaturalist_352599_278960673_500903612,data/processed/moho_verde/inaturalist_352599_278960673_500903612.jpg,moho_verde,inaturalist,https://inaturalist-open-data.s3.amazonaws.com/photos/500903612/original.jpg,352599:278960673:500903612,CC-BY-NC-4.0,"(c) Jarod Albrecht, some rights reserved (CC BY-NC)",2025-05-05,2026-05-10T03:47:47Z,1600x720,5f22adf45ae6070f3df462c3ddf9107d, | processed:1024x461
inaturalist_352599_278960673_500903623,data/processed/moho_verde/inaturalist_352599_278960673_500903623.jpg,moho_verde,inaturalist,https://inaturalist-open-data.s3.amazonaws.com/photos/500903623/original.jpg,352599:278960673:500903623,CC-BY-NC-4.0,"(c) Jarod Albrecht, some rights reserved (CC BY-NC)",2025-05-05,2026-05-10T03:47:49Z,1600x720,c04ef5752ccb3b17edb360e2a1c724ef, | processed:1024x461
inaturalist_352599_277794987_498794054,data/processed/moho_verde/inaturalist_352599_277794987_498794054.jpg,moho_verde,inaturalist,https://inaturalist-open-data.s3.amazonaws.com/photos/498794054/original.jpeg,352599:277794987:498794054,CC-BY-NC-4.0,"(c) lostcoastmike, some rights reserved (CC BY-NC)",2025-04-28,2026-05-10T03:47:51Z,2048x1536,426bd2740ebbb3f6cc61370ef022b6e4, | processed:1024x768
inaturalist_352599_277750465_498720971,data/processed/moho_verde/inaturalist_352599_277750465_498720971.jpg,moho_verde,inaturalist,https://inaturalist-open-data.s3.amazonaws.com/photos/498720971/original.jpeg,352599:277750465:498720971,CC-BY-NC-4.0,"(c) Lucila Boasso, some rights reserved (CC BY-NC)",2025-05-02,2026-05-10T03:47:54Z,1536x2048,5d41ce131bf2ac66e4b6ca46c79cbe79, | processed:768x1024
inaturalist_352599_277749747_498719463,data/processed/moho_verde/inaturalist_352599_277749747_498719463.jpg,moho_verde,inaturalist,https://inaturalist-open-data.s3.amazonaws.com/photos/498719463/original.jpeg,352599:277749747:498719463,CC-BY-NC-4.0,"(c) mihail_lukyanchik, some rights reserved (CC BY-NC)",2025-05-02,2026-05-10T03:47:55Z,1536x2048,29b709b29199f6d2a411e9178ad855af, | processed:768x1024
inaturalist_352599_277749747_498719529,data/processed/moho_verde/inaturalist_352599_277749747_498719529.jpg,moho_verde,inaturalist,https://inaturalist-open-data.s3.amazonaws.com/photos/498719529/original.jpeg,352599:277749747:498719529,CC-BY-NC-4.0,"(c) mihail_lukyanchik, some rights reserved (CC BY-NC)",2025-05-02,2026-05-10T03:47:56Z,1536x2048,d66f46433e2dc945f9cd158fe6674e2c, | processed:768x1024
inaturalist_352599_277749747_498719580,data/processed/moho_verde/inaturalist_352599_277749747_498719580.jpg,moho_verde,inaturalist,https://inaturalist-open-data.s3.amazonaws.com/photos/498719580/original.jpeg,352599:277749747:498719580,CC-BY-NC-4.0,"(c) mihail_lukyanchik, some rights reserved (CC BY-NC)",2025-05-02,2026-05-10T03:47:57Z,2048x1536,2da53bd92fe2f2ca84861c54bcd45cd0, | processed:1024x768
inaturalist_352599_277749747_498719650,data/processed/moho_verde/inaturalist_352599_277749747_498719650.jpg,moho_verde,inaturalist,https://inaturalist-open-data.s3.amazonaws.com/photos/498719650/original.jpeg,352599:277749747:498719650,CC-BY-NC-4.0,"(c) mihail_lukyanchik, some rights reserved (CC BY-NC)",2025-05-02,2026-05-10T03:47:58Z,1536x2048,c878c6d37f90f1a9ae796aad20a80b52, | processed:768x1024
inaturalist_352599_277749747_498719716,data/processed/moho_verde/inaturalist_352599_277749747_498719716.jpg,moho_verde,inaturalist,https://inaturalist-open-data.s3.amazonaws.com/photos/498719716/original.jpeg,352599:277749747:498719716,CC-BY-NC-4.0,"(c) mihail_lukyanchik, some rights reserved (CC BY-NC)",2025-05-02,2026-05-10T03:47:59Z,2048x1536,db81972fcf164fb83910f36c2ff832c6, | processed:1024x768
inaturalist_352599_277749747_498719775,data/processed/moho_verde/inaturalist_352599_277749747_498719775.jpg,moho_verde,inaturalist,https://inaturalist-open-data.s3.amazonaws.com/photos/498719775/original.jpeg,352599:277749747:498719775,CC-BY-NC-4.0,"(c) mihail_lukyanchik, some rights reserved (CC BY-NC)",2025-05-02,2026-05-10T03:48:00Z,2048x1536,08430906e8a3340c774071c197388a1f, | processed:1024x768
inaturalist_352599_277749747_498719821,data/processed/moho_verde/inaturalist_352599_277749747_498719821.jpg,moho_verde,inaturalist,https://inaturalist-open-data.s3.amazonaws.com/photos/498719821/original.jpeg,352599:277749747:498719821,CC-BY-NC-4.0,"(c) mihail_lukyanchik, some rights reserved (CC BY-NC)",2025-05-02,2026-05-10T03:48:01Z,1536x2048,2ad367b4e32010ae9b2e89fde87deb5c, | processed:768x1024
inaturalist_352599_277749747_498719885,data/processed/moho_verde/inaturalist_352599_277749747_498719885.jpg,moho_verde,inaturalist,https://inaturalist-open-data.s3.amazonaws.com/photos/498719885/original.jpeg,352599:277749747:498719885,CC-BY-NC-4.0,"(c) mihail_lukyanchik, some rights reserved (CC BY-NC)",2025-05-02,2026-05-10T03:48:02Z,2048x1536,172a136a86ef5b56b5e428ddd61c7a05, | processed:1024x768
inaturalist_352599_277749747_498719930,data/processed/moho_verde/inaturalist_352599_277749747_498719930.jpg,moho_verde,inaturalist,https://inaturalist-open-data.s3.amazonaws.com/photos/498719930/original.jpeg,352599:277749747:498719930,CC-BY-NC-4.0,"(c) mihail_lukyanchik, some rights reserved (CC BY-NC)",2025-05-02,2026-05-10T03:48:03Z,2048x1536,51064c2fd1c5e99df7ebc7204caa8b42, | processed:1024x768
inaturalist_352599_277749747_498720003,data/processed/moho_verde/inaturalist_352599_277749747_498720003.jpg,moho_verde,inaturalist,https://inaturalist-open-data.s3.amazonaws.com/photos/498720003/original.jpeg,352599:277749747:498720003,CC-BY-NC-4.0,"(c) mihail_lukyanchik, some rights reserved (CC BY-NC)",2025-05-02,2026-05-10T03:48:04Z,2048x1536,8dedf6e11948c6922545569dd856d7fd, | processed:1024x768
inaturalist_352599_277749747_498720082,data/processed/moho_verde/inaturalist_352599_277749747_498720082.jpg,moho_verde,inaturalist,https://inaturalist-open-data.s3.amazonaws.com/photos/498720082/original.jpeg,352599:277749747:498720082,CC-BY-NC-4.0,"(c) mihail_lukyanchik, some rights reserved (CC BY-NC)",2025-05-02,2026-05-10T03:48:05Z,2048x1536,5d4bf639d446bb5b98def32fff798a30, | processed:1024x768
inaturalist_352599_277516813_498306161,data/processed/moho_verde/inaturalist_352599_277516813_498306161.jpg,moho_verde,inaturalist,https://inaturalist-open-data.s3.amazonaws.com/photos/498306161/original.jpg,352599:277516813:498306161,CC-BY-NC-4.0,"(c) Kai, some rights reserved (CC BY-NC)",2025-05-01,2026-05-10T03:48:06Z,1536x2048,71858e90be91e0606ed2e1f8eccf74e9, | processed:768x1024
inaturalist_352599_276662295_496806807,data/processed/moho_verde/inaturalist_352599_276662295_496806807.jpg,moho_verde,inaturalist,https://inaturalist-open-data.s3.amazonaws.com/photos/496806807/original.jpg,352599:276662295:496806807,CC-BY-NC-4.0,"(c) eleggua, some rights reserved (CC BY-NC)",2025-04-26,2026-05-10T03:48:09Z,2048x1536,96635ec981d3cd0707c97389b471e6e0, | processed:1024x768
inaturalist_352599_276196853_496057334,data/processed/moho_verde/inaturalist_352599_276196853_496057334.jpg,moho_verde,inaturalist,https://inaturalist-open-data.s3.amazonaws.com/photos/496057334/original.jpg,352599:276196853:496057334,CC-BY-NC-4.0,"(c) Jasmine Magallanes, some rights reserved (CC BY-NC)",2025-04-28,2026-05-10T03:48:10Z,2048x1536,0dc447be5e9bc73f7dbba6c32abf5ded, | processed:1024x768
inaturalist_352599_273738103_492263644,data/processed/moho_verde/inaturalist_352599_273738103_492263644.jpg,moho_verde,inaturalist,https://inaturalist-open-data.s3.amazonaws.com/photos/492263644/original.jpg,352599:273738103:492263644,CC-BY-NC-4.0,"(c) aria2011, some rights reserved (CC BY-NC)",2025-04-26,2026-05-10T03:48:11Z,1323x744,e6304b87c438199df21b5a4181dbeffd, | processed:1024x576
inaturalist_352599_273508084_491907301,data/processed/moho_verde/inaturalist_352599_273508084_491907301.jpg,moho_verde,inaturalist,https://inaturalist-open-data.s3.amazonaws.com/photos/491907301/original.jpeg,352599:273508084:491907301,CC-BY-NC-4.0,"(c) Sam Bucciarelli, some rights reserved (CC BY-NC)",2025-04-25,2026-05-10T03:48:12Z,1536x2048,86a5d1cc565c751704fadd8c6100699e, | processed:768x1024
inaturalist_352599_273508084_491907386,data/processed/moho_verde/inaturalist_352599_273508084_491907386.jpg,moho_verde,inaturalist,https://inaturalist-open-data.s3.amazonaws.com/photos/491907386/original.jpeg,352599:273508084:491907386,CC-BY-NC-4.0,"(c) Sam Bucciarelli, some rights reserved (CC BY-NC)",2025-04-25,2026-05-10T03:48:13Z,1536x2048,16ead41f70bb2edf2ba868db38d7e503, | processed:768x1024
inaturalist_352599_273508084_491907466,data/processed/moho_verde/inaturalist_352599_273508084_491907466.jpg,moho_verde,inaturalist,https://inaturalist-open-data.s3.amazonaws.com/photos/491907466/original.jpeg,352599:273508084:491907466,CC-BY-NC-4.0,"(c) Sam Bucciarelli, some rights reserved (CC BY-NC)",2025-04-25,2026-05-10T03:48:14Z,1536x2048,ccbcfe2ac20317c55d10b31dcb217af8, | processed:768x1024
inaturalist_352599_273508084_491907561,data/processed/moho_verde/inaturalist_352599_273508084_491907561.jpg,moho_verde,inaturalist,https://inaturalist-open-data.s3.amazonaws.com/photos/491907561/original.jpeg,352599:273508084:491907561,CC-BY-NC-4.0,"(c) Sam Bucciarelli, some rights reserved (CC BY-NC)",2025-04-25,2026-05-10T03:48:15Z,1536x2048,e2cdb46fdfc466445b9f9e707c912dce, | processed:768x1024
inaturalist_352599_272372820_490021563,data/processed/moho_verde/inaturalist_352599_272372820_490021563.jpg,moho_verde,inaturalist,https://inaturalist-open-data.s3.amazonaws.com/photos/490021563/original.jpg,352599:272372820:490021563,CC-BY-NC-4.0,"(c) Darvin DeShazer, some rights reserved (CC BY-NC)",2025-04-22,2026-05-10T03:48:16Z,1536x2048,98daf1a006d6525ada39532fc4c7b059, | processed:768x1024
inaturalist_352599_272348171_489972012,data/processed/moho_verde/inaturalist_352599_272348171_489972012.jpg,moho_verde,inaturalist,https://inaturalist-open-data.s3.amazonaws.com/photos/489972012/original.jpeg,352599:272348171:489972012,CC-BY-4.0,"(c) Cypress Hansen, some rights reserved (CC BY)",2025-04-21,2026-05-10T03:48:17Z,1685x789,5f8625b986cba2baa2bdc5e80062ec6a, | processed:1024x479
inaturalist_352599_272348171_489972040,data/processed/moho_verde/inaturalist_352599_272348171_489972040.jpg,moho_verde,inaturalist,https://inaturalist-open-data.s3.amazonaws.com/photos/489972040/original.jpeg,352599:272348171:489972040,CC-BY-4.0,"(c) Cypress Hansen, some rights reserved (CC BY)",2025-04-21,2026-05-10T03:48:18Z,1152x2048,fa28cdb64771597ee384821c1e9dcb7a, | processed:576x1024
inaturalist_352599_271144043_487702644,data/processed/moho_verde/inaturalist_352599_271144043_487702644.jpg,moho_verde,inaturalist,https://inaturalist-open-data.s3.amazonaws.com/photos/487702644/original.jpg,352599:271144043:487702644,CC-BY-NC-4.0,"(c) Nicolas D. Perez, some rights reserved (CC BY-NC)",2025-04-17,2026-05-10T03:48:20Z,1274x1698,b28bb01f36e2d20b23b85832724eddac, | processed:768x1024
inaturalist_352599_269412787_484408790,data/processed/moho_verde/inaturalist_352599_269412787_484408790.jpg,moho_verde,inaturalist,https://inaturalist-open-data.s3.amazonaws.com/photos/484408790/original.jpeg,352599:269412787:484408790,CC-BY-NC-4.0,"(c) irenahonskusova, some rights reserved (CC BY-NC)",2025-04-08,2026-05-10T03:48:24Z,691x502,5f18520bddc01060c54cfba35fd8a0ac, | processed:691x502
inaturalist_352599_269412787_484408798,data/processed/moho_verde/inaturalist_352599_269412787_484408798.jpg,moho_verde,inaturalist,https://inaturalist-open-data.s3.amazonaws.com/photos/484408798/original.jpeg,352599:269412787:484408798,CC-BY-NC-4.0,"(c) irenahonskusova, some rights reserved (CC BY-NC)",2025-04-08,2026-05-10T03:48:25Z,944x701,e520b6a8660b1c76c3a6b83643813d69, | processed:944x701
inaturalist_352599_269412787_484408816,data/processed/moho_verde/inaturalist_352599_269412787_484408816.jpg,moho_verde,inaturalist,https://inaturalist-open-data.s3.amazonaws.com/photos/484408816/original.jpeg,352599:269412787:484408816,CC-BY-NC-4.0,"(c) irenahonskusova, some rights reserved (CC BY-NC)",2025-04-08,2026-05-10T03:48:26Z,2048x1542,da196647f8accbeff599962674133a7e, | processed:1024x771
inaturalist_352599_269391619_484345897,data/processed/moho_verde/inaturalist_352599_269391619_484345897.jpg,moho_verde,inaturalist,https://inaturalist-open-data.s3.amazonaws.com/photos/484345897/original.jpeg,352599:269391619:484345897,CC-BY-4.0,"(c) W Rao, some rights reserved (CC BY)",2025-04-01,2026-05-10T03:48:27Z,2048x1536,d4f4383781be89bf54ad0a65657c2d26, | processed:1024x768
inaturalist_352599_269391619_484345896,data/processed/moho_verde/inaturalist_352599_269391619_484345896.jpg,moho_verde,inaturalist,https://inaturalist-open-data.s3.amazonaws.com/photos/484345896/original.jpeg,352599:269391619:484345896,CC-BY-4.0,"(c) W Rao, some rights reserved (CC BY)",2025-04-01,2026-05-10T03:48:28Z,2048x1536,c11ebd80d7b6e9c25c3c427c8277f90c, | processed:1024x768
inaturalist_352599_269379462_484342009,data/processed/moho_verde/inaturalist_352599_269379462_484342009.jpg,moho_verde,inaturalist,https://inaturalist-open-data.s3.amazonaws.com/photos/484342009/original.jpg,352599:269379462:484342009,CC-BY-NC-4.0,"(c) hillbilly2259, some rights reserved (CC BY-NC)",2025-04-09,2026-05-10T03:48:29Z,1536x2048,767f20bae73d814555b2a9fcf6014c39, | processed:768x1024
inaturalist_352599_268158673_481982392,data/processed/moho_verde/inaturalist_352599_268158673_481982392.jpg,moho_verde,inaturalist,https://inaturalist-open-data.s3.amazonaws.com/photos/481982392/original.jpeg,352599:268158673:481982392,CC-BY-NC-4.0,"(c) u_phantasticus, some rights reserved (CC BY-NC)",2025-03-30,2026-05-10T03:48:30Z,2048x1536,cde6a79dd9fdba9169fcd754b6df3133, | processed:1024x768
inaturalist_352599_268158673_481982399,data/processed/moho_verde/inaturalist_352599_268158673_481982399.jpg,moho_verde,inaturalist,https://inaturalist-open-data.s3.amazonaws.com/photos/481982399/original.jpeg,352599:268158673:481982399,CC-BY-NC-4.0,"(c) u_phantasticus, some rights reserved (CC BY-NC)",2025-03-30,2026-05-10T03:48:31Z,2048x1536,d4b825c1ac3369b907debae3cffba0cc, | processed:1024x768
inaturalist_352599_267817943_481334454,data/processed/moho_verde/inaturalist_352599_267817943_481334454.jpg,moho_verde,inaturalist,https://inaturalist-open-data.s3.amazonaws.com/photos/481334454/original.jpeg,352599:267817943:481334454,CC-BY-4.0,"(c) Kay Roth, some rights reserved (CC BY)",2025-03-30,2026-05-10T03:48:32Z,2048x1542,16e8a632106528244a299d34ad422f05, | processed:1024x771
inaturalist_352599_267817943_481334490,data/processed/moho_verde/inaturalist_352599_267817943_481334490.jpg,moho_verde,inaturalist,https://inaturalist-open-data.s3.amazonaws.com/photos/481334490/original.jpeg,352599:267817943:481334490,CC-BY-4.0,"(c) Kay Roth, some rights reserved (CC BY)",2025-03-30,2026-05-10T03:48:33Z,2048x1542,29b707e9263cb88edfd0f324bf375567, | processed:1024x771
inaturalist_352599_267817943_481334515,data/processed/moho_verde/inaturalist_352599_267817943_481334515.jpg,moho_verde,inaturalist,https://inaturalist-open-data.s3.amazonaws.com/photos/481334515/original.jpeg,352599:267817943:481334515,CC-BY-4.0,"(c) Kay Roth, some rights reserved (CC BY)",2025-03-30,2026-05-10T03:48:34Z,2048x1542,31050c78909a180cea92f2f7d2e9ddc7, | processed:1024x771
inaturalist_352599_267624171_480965390,data/processed/moho_verde/inaturalist_352599_267624171_480965390.jpg,moho_verde,inaturalist,https://inaturalist-open-data.s3.amazonaws.com/photos/480965390/original.jpg,352599:267624171:480965390,CC-BY-NC-4.0,"(c) lilibou, some rights reserved (CC BY-NC)",2025-03-25,2026-05-10T03:48:35Z,888x579,46aa7e50be027d2d3e88270190b01fb5, | processed:888x579
inaturalist_352599_267624171_480966347,data/processed/moho_verde/inaturalist_352599_267624171_480966347.jpg,moho_verde,inaturalist,https://inaturalist-open-data.s3.amazonaws.com/photos/480966347/original.jpg,352599:267624171:480966347,CC-BY-NC-4.0,"(c) lilibou, some rights reserved (CC BY-NC)",2025-03-25,2026-05-10T03:48:35Z,846x966,4bb73214156ff4d9dc3b8551cd479dd5, | processed:846x966
inaturalist_352599_267597358_480904750,data/processed/moho_verde/inaturalist_352599_267597358_480904750.jpg,moho_verde,inaturalist,https://inaturalist-open-data.s3.amazonaws.com/photos/480904750/original.jpeg,352599:267597358:480904750,CC-BY-NC-4.0,"(c) KimberlySteinmann, some rights reserved (CC BY-NC)",2025-03-29,2026-05-10T03:48:37Z,2048x1536,9995ddfe80f9fc951740775c191c83e4, | processed:1024x768
inaturalist_352599_267438390_480608742,data/processed/moho_verde/inaturalist_352599_267438390_480608742.jpg,moho_verde,inaturalist,https://inaturalist-open-data.s3.amazonaws.com/photos/480608742/original.jpg,352599:267438390:480608742,CC-BY-NC-4.0,"(c) Grace Bryant, some rights reserved (CC BY-NC)",2025-03-28,2026-05-10T03:48:38Z,1952x2048,940c2ae2862a9b43616072400df0a0ea, | processed:976x1024
inaturalist_352599_267438390_480609682,data/processed/moho_verde/inaturalist_352599_267438390_480609682.jpg,moho_verde,inaturalist,https://inaturalist-open-data.s3.amazonaws.com/photos/480609682/original.jpg,352599:267438390:480609682,CC-BY-NC-4.0,"(c) Grace Bryant, some rights reserved (CC BY-NC)",2025-03-28,2026-05-10T03:48:39Z,1266x2048,3dc0d2f71a9529976e4f03974e049458, | processed:633x1024
inaturalist_352599_267438390_480609684,data/processed/moho_verde/inaturalist_352599_267438390_480609684.jpg,moho_verde,inaturalist,https://inaturalist-open-data.s3.amazonaws.com/photos/480609684/original.jpg,352599:267438390:480609684,CC-BY-NC-4.0,"(c) Grace Bryant, some rights reserved (CC BY-NC)",2025-03-28,2026-05-10T03:48:40Z,1978x2048,faabca570fd75d3dbad30a00a63d9b44, | processed:989x1024
inaturalist_352599_267438390_480609704,data/processed/moho_verde/inaturalist_352599_267438390_480609704.jpg,moho_verde,inaturalist,https://inaturalist-open-data.s3.amazonaws.com/photos/480609704/original.jpg,352599:267438390:480609704,CC-BY-NC-4.0,"(c) Grace Bryant, some rights reserved (CC BY-NC)",2025-03-28,2026-05-10T03:48:41Z,1130x2048,e35b7f2bd81151af562493eb82d253dc, | processed:565x1024
inaturalist_352599_267438390_480609717,data/processed/moho_verde/inaturalist_352599_267438390_480609717.jpg,moho_verde,inaturalist,https://inaturalist-open-data.s3.amazonaws.com/photos/480609717/original.jpg,352599:267438390:480609717,CC-BY-NC-4.0,"(c) Grace Bryant, some rights reserved (CC BY-NC)",2025-03-28,2026-05-10T03:48:42Z,1536x2048,d8d8b3a1e4c5819cbccc733a615bb0d6, | processed:768x1024
inaturalist_352599_267438390_480609721,data/processed/moho_verde/inaturalist_352599_267438390_480609721.jpg,moho_verde,inaturalist,https://inaturalist-open-data.s3.amazonaws.com/photos/480609721/original.jpg,352599:267438390:480609721,CC-BY-NC-4.0,"(c) Grace Bryant, some rights reserved (CC BY-NC)",2025-03-28,2026-05-10T03:48:43Z,1126x2048,fe9685c76b3e0268f885e7739029937c, | processed:563x1024
inaturalist_352599_267438390_480609723,data/processed/moho_verde/inaturalist_352599_267438390_480609723.jpg,moho_verde,inaturalist,https://inaturalist-open-data.s3.amazonaws.com/photos/480609723/original.jpg,352599:267438390:480609723,CC-BY-NC-4.0,"(c) Grace Bryant, some rights reserved (CC BY-NC)",2025-03-28,2026-05-10T03:48:44Z,892x2048,ba0bdd61203873d7b6ab9fe9592bc095, | processed:446x1024
inaturalist_352599_265568837_477037656,data/processed/moho_verde/inaturalist_352599_265568837_477037656.jpg,moho_verde,inaturalist,https://inaturalist-open-data.s3.amazonaws.com/photos/477037656/original.jpeg,352599:265568837:477037656,CC-BY-NC-4.0,"(c) Sara Medina, some rights reserved (CC BY-NC)",2025-03-15,2026-05-10T03:48:45Z,1536x2048,f1f3dfca2f27ea911a11d0e3fba08bfc, | processed:768x1024
inaturalist_352599_265568837_477037685,data/processed/moho_verde/inaturalist_352599_265568837_477037685.jpg,moho_verde,inaturalist,https://inaturalist-open-data.s3.amazonaws.com/photos/477037685/original.jpeg,352599:265568837:477037685,CC-BY-NC-4.0,"(c) Sara Medina, some rights reserved (CC BY-NC)",2025-03-15,2026-05-10T03:48:46Z,1536x2048,2312da1ce3c53cce1a253804477d07bc, | processed:768x1024
inaturalist_352599_264976601_475873824,data/processed/moho_verde/inaturalist_352599_264976601_475873824.jpg,moho_verde,inaturalist,https://inaturalist-open-data.s3.amazonaws.com/photos/475873824/original.jpg,352599:264976601:475873824,CC-BY-NC-4.0,"(c) Damon Tighe, some rights reserved (CC BY-NC)",2025-03-08,2026-05-10T03:48:47Z,2048x1536,5fae80c76c6d83c60c7134ca9cc49369, | processed:1024x768
inaturalist_352599_264976601_475873777,data/processed/moho_verde/inaturalist_352599_264976601_475873777.jpg,moho_verde,inaturalist,https://inaturalist-open-data.s3.amazonaws.com/photos/475873777/original.jpg,352599:264976601:475873777,CC-BY-NC-4.0,"(c) Damon Tighe, some rights reserved (CC BY-NC)",2025-03-08,2026-05-10T03:48:48Z,2048x1536,c82ca397189ec17edc3f0107efacd762, | processed:1024x768
inaturalist_352599_264976601_475873806,data/processed/moho_verde/inaturalist_352599_264976601_475873806.jpg,moho_verde,inaturalist,https://inaturalist-open-data.s3.amazonaws.com/photos/475873806/original.jpg,352599:264976601:475873806,CC-BY-NC-4.0,"(c) Damon Tighe, some rights reserved (CC BY-NC)",2025-03-08,2026-05-10T03:48:49Z,2048x1536,cf653bed087efb7166de696b92205f38, | processed:1024x768
inaturalist_352599_264865267_475658067,data/processed/moho_verde/inaturalist_352599_264865267_475658067.jpg,moho_verde,inaturalist,https://inaturalist-open-data.s3.amazonaws.com/photos/475658067/original.jpg,352599:264865267:475658067,CC-BY-NC-4.0,"(c) Jasmine Magallanes, some rights reserved (CC BY-NC)",2025-03-10,2026-05-10T03:48:50Z,1536x2048,75d04d1101cd373f5edc65945dce5eb8, | processed:768x1024
inaturalist_352599_264865267_475658083,data/processed/moho_verde/inaturalist_352599_264865267_475658083.jpg,moho_verde,inaturalist,https://inaturalist-open-data.s3.amazonaws.com/photos/475658083/original.jpg,352599:264865267:475658083,CC-BY-NC-4.0,"(c) Jasmine Magallanes, some rights reserved (CC BY-NC)",2025-03-10,2026-05-10T03:48:51Z,1536x2048,b9b7170348cdead7a0fa6c386bd911b2, | processed:768x1024
inaturalist_352599_264384535_474819713,data/processed/moho_verde/inaturalist_352599_264384535_474819713.jpg,moho_verde,inaturalist,https://inaturalist-open-data.s3.amazonaws.com/photos/474819713/original.jpg,352599:264384535:474819713,CC-BY-NC-4.0,"(c) Jasmine Magallanes, some rights reserved (CC BY-NC)",2025-03-07,2026-05-10T03:49:01Z,1536x2048,0fa107dc34785c406e0a0878034d004b, | processed:768x1024
inaturalist_352599_264384535_474819724,data/processed/moho_verde/inaturalist_352599_264384535_474819724.jpg,moho_verde,inaturalist,https://inaturalist-open-data.s3.amazonaws.com/photos/474819724/original.jpg,352599:264384535:474819724,CC-BY-NC-4.0,"(c) Jasmine Magallanes, some rights reserved (CC BY-NC)",2025-03-07,2026-05-10T03:49:02Z,1536x2048,ae1f13078f7dceee5cc7c4f9f52ec5b0, | processed:768x1024
inaturalist_352599_264384535_474819734,data/processed/moho_verde/inaturalist_352599_264384535_474819734.jpg,moho_verde,inaturalist,https://inaturalist-open-data.s3.amazonaws.com/photos/474819734/original.jpg,352599:264384535:474819734,CC-BY-NC-4.0,"(c) Jasmine Magallanes, some rights reserved (CC BY-NC)",2025-03-07,2026-05-10T03:49:03Z,1536x2048,b415bde52794da7f7dabc8d00041ed45, | processed:768x1024
inaturalist_352599_264134929_474607916,data/processed/moho_verde/inaturalist_352599_264134929_474607916.jpg,moho_verde,inaturalist,https://inaturalist-open-data.s3.amazonaws.com/photos/474607916/original.jpg,352599:264134929:474607916,CC-BY-NC-4.0,"(c) Иван Матершев, some rights reserved (CC BY-NC)",2025-03-06,2026-05-10T03:49:04Z,2000x1500,cfbbd4c53709168aeac4ce540e399bb0, | processed:1024x768
inaturalist_352599_264134929_474607918,data/processed/moho_verde/inaturalist_352599_264134929_474607918.jpg,moho_verde,inaturalist,https://inaturalist-open-data.s3.amazonaws.com/photos/474607918/original.jpg,352599:264134929:474607918,CC-BY-NC-4.0,"(c) Иван Матершев, some rights reserved (CC BY-NC)",2025-03-06,2026-05-10T03:49:05Z,2000x1500,56c4b4c8b16bc1f796b31c0aee5c0963, | processed:1024x768
inaturalist_352599_263733212_473843042,data/processed/moho_verde/inaturalist_352599_263733212_473843042.jpg,moho_verde,inaturalist,https://inaturalist-open-data.s3.amazonaws.com/photos/473843042/original.jpg,352599:263733212:473843042,CC-BY-4.0,"(c) reagan peschke, some rights reserved (CC BY)",2025-01-25,2026-05-10T03:49:06Z,2048x1536,fcea3f6cde972c33fb637546d739073d, | processed:1024x768
inaturalist_352599_263733212_473843063,data/processed/moho_verde/inaturalist_352599_263733212_473843063.jpg,moho_verde,inaturalist,https://inaturalist-open-data.s3.amazonaws.com/photos/473843063/original.jpg,352599:263733212:473843063,CC-BY-4.0,"(c) reagan peschke, some rights reserved (CC BY)",2025-01-25,2026-05-10T03:49:07Z,1536x2048,3a4d71f24a7df21b5df2112a0e8b617e, | processed:768x1024
inaturalist_352599_263349982_473088472,data/processed/moho_verde/inaturalist_352599_263349982_473088472.jpg,moho_verde,inaturalist,https://inaturalist-open-data.s3.amazonaws.com/photos/473088472/original.jpg,352599:263349982:473088472,CC-BY-4.0,"(c) northerly, some rights reserved (CC BY)",2025-02-26,2026-05-10T03:49:08Z,2048x1536,808ee6c7675b476c879e3a18e8d99f59, | processed:1024x768
inaturalist_352599_263335833_473059682,data/processed/moho_verde/inaturalist_352599_263335833_473059682.jpg,moho_verde,inaturalist,https://inaturalist-open-data.s3.amazonaws.com/photos/473059682/original.jpg,352599:263335833:473059682,CC-BY-NC-4.0,"(c) Silverado Jim, some rights reserved (CC BY-NC)",2025-02-27,2026-05-10T03:49:09Z,2048x1536,1e1c2a87f8d1d97a75e835f483412ee8, | processed:1024x768
inaturalist_352599_263335833_473059727,data/processed/moho_verde/inaturalist_352599_263335833_473059727.jpg,moho_verde,inaturalist,https://inaturalist-open-data.s3.amazonaws.com/photos/473059727/original.jpg,352599:263335833:473059727,CC-BY-NC-4.0,"(c) Silverado Jim, some rights reserved (CC BY-NC)",2025-02-27,2026-05-10T03:49:10Z,2048x1536,893127c763325d9c5e8fd054745faaaf, | processed:1024x768
inaturalist_352599_263335792_473059569,data/processed/moho_verde/inaturalist_352599_263335792_473059569.jpg,moho_verde,inaturalist,https://inaturalist-open-data.s3.amazonaws.com/photos/473059569/original.jpg,352599:263335792:473059569,CC-BY-NC-4.0,"(c) Silverado Jim, some rights reserved (CC BY-NC)",2025-02-27,2026-05-10T03:49:11Z,2048x1536,4d3a77f69e8d3f890dd071b0c8317126, | processed:1024x768
inaturalist_352599_263213578_472819116,data/processed/moho_verde/inaturalist_352599_263213578_472819116.jpg,moho_verde,inaturalist,https://inaturalist-open-data.s3.amazonaws.com/photos/472819116/original.jpg,352599:263213578:472819116,CC-BY-4.0,"(c) reagan peschke, some rights reserved (CC BY)",2025-02-26,2026-05-10T03:49:12Z,1536x2048,8324aa48c14d3065ed995acd360d1d05, | processed:768x1024
inaturalist_352599_263213578_472819139,data/processed/moho_verde/inaturalist_352599_263213578_472819139.jpg,moho_verde,inaturalist,https://inaturalist-open-data.s3.amazonaws.com/photos/472819139/original.jpg,352599:263213578:472819139,CC-BY-4.0,"(c) reagan peschke, some rights reserved (CC BY)",2025-02-26,2026-05-10T03:49:13Z,2048x1536,6f9d0fa21f2868127a2f606ae34181e7, | processed:1024x768
inaturalist_352599_262891331_472169530,data/processed/moho_verde/inaturalist_352599_262891331_472169530.jpg,moho_verde,inaturalist,https://inaturalist-open-data.s3.amazonaws.com/photos/472169530/original.png,352599:262891331:472169530,CC-BY-NC-4.0,"(c) Rafael Enrique Baez Segui, some rights reserved (CC BY-NC)",2024-10-13,2026-05-10T03:49:14Z,956x896,11bad93e98aa070129319f1dc3c71388, | processed:956x896
inaturalist_352599_262891331_472169542,data/processed/moho_verde/inaturalist_352599_262891331_472169542.jpg,moho_verde,inaturalist,https://inaturalist-open-data.s3.amazonaws.com/photos/472169542/original.jpeg,352599:262891331:472169542,CC-BY-NC-4.0,"(c) Rafael Enrique Baez Segui, some rights reserved (CC BY-NC)",2024-10-13,2026-05-10T03:49:15Z,2048x1365,f0e5cef3c09f6fa407a04ab57482f22f, | processed:1024x682
inaturalist_352599_262216715_471100118,data/processed/moho_verde/inaturalist_352599_262216715_471100118.jpg,moho_verde,inaturalist,https://inaturalist-open-data.s3.amazonaws.com/photos/471100118/original.jpg,352599:262216715:471100118,CC-BY-NC-4.0,"(c) Silverado Jim, some rights reserved (CC BY-NC)",2025-02-18,2026-05-10T03:49:16Z,2048x1536,937e915df3324dc6218c1a314b2420fc, | processed:1024x768
inaturalist_352599_262216715_471100134,data/processed/moho_verde/inaturalist_352599_262216715_471100134.jpg,moho_verde,inaturalist,https://inaturalist-open-data.s3.amazonaws.com/photos/471100134/original.jpg,352599:262216715:471100134,CC-BY-NC-4.0,"(c) Silverado Jim, some rights reserved (CC BY-NC)",2025-02-18,2026-05-10T03:49:17Z,2048x1536,47552cf02802d56a0743f4789f6f9765, | processed:1024x768
inaturalist_352599_262084303_470917049,data/processed/moho_verde/inaturalist_352599_262084303_470917049.jpg,moho_verde,inaturalist,https://inaturalist-open-data.s3.amazonaws.com/photos/470917049/original.jpg,352599:262084303:470917049,CC-BY-NC-4.0,"(c) Jann Vendetti, some rights reserved (CC BY-NC)",2025-02-17,2026-05-10T03:49:18Z,1872x1987,41be3c9712d13ef5b7efd2c8cee9a087, | processed:965x1024
inaturalist_352599_261398563_469607931,data/processed/moho_verde/inaturalist_352599_261398563_469607931.jpg,moho_verde,inaturalist,https://inaturalist-open-data.s3.amazonaws.com/photos/469607931/original.jpg,352599:261398563:469607931,CC-BY-NC-4.0,"(c) Silverado Jim, some rights reserved (CC BY-NC)",2025-02-11,2026-05-10T03:49:19Z,2048x1536,4f3bc4f2195ad969e68c34848eff8811, | processed:1024x768
inaturalist_352599_261398563_469607940,data/processed/moho_verde/inaturalist_352599_261398563_469607940.jpg,moho_verde,inaturalist,https://inaturalist-open-data.s3.amazonaws.com/photos/469607940/original.jpg,352599:261398563:469607940,CC-BY-NC-4.0,"(c) Silverado Jim, some rights reserved (CC BY-NC)",2025-02-11,2026-05-10T03:49:20Z,2048x1536,b2c26b43b94c3e6c7623f5af589ec14e, | processed:1024x768
inaturalist_352599_261247175_469309390,data/processed/moho_verde/inaturalist_352599_261247175_469309390.jpg,moho_verde,inaturalist,https://inaturalist-open-data.s3.amazonaws.com/photos/469309390/original.jpg,352599:261247175:469309390,CC-BY-NC-4.0,"(c) Heatherelle, some rights reserved (CC BY-NC)",2025-02-09,2026-05-10T03:49:21Z,2048x1365,cab599fbb498abe485cc5496b8e5c474, | processed:1024x682
inaturalist_352599_261201456_469216609,data/processed/moho_verde/inaturalist_352599_261201456_469216609.jpg,moho_verde,inaturalist,https://inaturalist-open-data.s3.amazonaws.com/photos/469216609/original.jpg,352599:261201456:469216609,CC-BY-NC-4.0,"(c) Salem Oak, some rights reserved (CC BY-NC)",2025-02-09,2026-05-10T03:49:24Z,1536x2048,4cc2edb153cb38681f5f9175b69925ea, | processed:768x1024
inaturalist_352599_261201456_469216636,data/processed/moho_verde/inaturalist_352599_261201456_469216636.jpg,moho_verde,inaturalist,https://inaturalist-open-data.s3.amazonaws.com/photos/469216636/original.jpg,352599:261201456:469216636,CC-BY-NC-4.0,"(c) Salem Oak, some rights reserved (CC BY-NC)",2025-02-09,2026-05-10T03:49:25Z,1536x2048,63af44d5f70d84d89f25959fb21378f8, | processed:768x1024
inaturalist_352599_261201456_469216668,data/processed/moho_verde/inaturalist_352599_261201456_469216668.jpg,moho_verde,inaturalist,https://inaturalist-open-data.s3.amazonaws.com/photos/469216668/original.jpg,352599:261201456:469216668,CC-BY-NC-4.0,"(c) Salem Oak, some rights reserved (CC BY-NC)",2025-02-09,2026-05-10T03:49:26Z,1536x2048,b113890d84980b9839a2330a71b002de, | processed:768x1024
inaturalist_352599_261080398_468975914,data/processed/moho_verde/inaturalist_352599_261080398_468975914.jpg,moho_verde,inaturalist,https://inaturalist-open-data.s3.amazonaws.com/photos/468975914/original.jpg,352599:261080398:468975914,CC-BY-NC-4.0,"(c) Taye Bright, some rights reserved (CC BY-NC)",2025-02-08,2026-05-10T03:49:27Z,2048x1536,ba6786bcc68053c380788a0e39731249, | processed:1024x768
inaturalist_352599_260990362_468797882,data/processed/moho_verde/inaturalist_352599_260990362_468797882.jpg,moho_verde,inaturalist,https://inaturalist-open-data.s3.amazonaws.com/photos/468797882/original.jpg,352599:260990362:468797882,CC-BY-4.0,"(c) Michel Langeveld, some rights reserved (CC BY)",2025-02-08,2026-05-10T03:49:28Z,2048x1152,a6296a4340a7f89f2ea592d59fa914c2, | processed:1024x576
inaturalist_352599_260463714_467758977,data/processed/moho_verde/inaturalist_352599_260463714_467758977.jpg,moho_verde,inaturalist,https://inaturalist-open-data.s3.amazonaws.com/photos/467758977/original.jpg,352599:260463714:467758977,CC-BY-NC-4.0,"(c) ximenagi, some rights reserved (CC BY-NC)",2025-01-31,2026-05-10T03:49:31Z,1536x2048,0c034cfe645eabd74b2dab7c91ab861e, | processed:768x1024
inaturalist_352599_260463714_467758997,data/processed/moho_verde/inaturalist_352599_260463714_467758997.jpg,moho_verde,inaturalist,https://inaturalist-open-data.s3.amazonaws.com/photos/467758997/original.jpg,352599:260463714:467758997,CC-BY-NC-4.0,"(c) ximenagi, some rights reserved (CC BY-NC)",2025-01-31,2026-05-10T03:49:32Z,1536x2048,9951a80bd8e21a0bd38057a980f588af, | processed:768x1024
inaturalist_352599_260200033_467230247,data/processed/moho_verde/inaturalist_352599_260200033_467230247.jpg,moho_verde,inaturalist,https://inaturalist-open-data.s3.amazonaws.com/photos/467230247/original.jpg,352599:260200033:467230247,CC-BY-NC-4.0,"(c) Kimberly R Fleming, some rights reserved (CC BY-NC)",2010-11-10,2026-05-10T03:49:33Z,1400x934,c9c41bff8fdab6b1437a11f255a9c40e, | processed:1024x683
inaturalist_352599_260179332_467190319,data/processed/moho_verde/inaturalist_352599_260179332_467190319.jpg,moho_verde,inaturalist,https://inaturalist-open-data.s3.amazonaws.com/photos/467190319/original.jpeg,352599:260179332:467190319,CC-BY-4.0,"(c) Bohan Jia, some rights reserved (CC BY)",2025-01-31,2026-05-10T03:49:34Z,2048x1536,5cc6a1c7d80298b625a5179dcadda2fa, | processed:1024x768
inaturalist_352599_260179332_467190334,data/processed/moho_verde/inaturalist_352599_260179332_467190334.jpg,moho_verde,inaturalist,https://inaturalist-open-data.s3.amazonaws.com/photos/467190334/original.jpeg,352599:260179332:467190334,CC-BY-4.0,"(c) Bohan Jia, some rights reserved (CC BY)",2025-01-31,2026-05-10T03:49:35Z,1536x2048,7c2fd24a977ebb9408bcd90172143113, | processed:768x1024
inaturalist_352599_260179332_467190348,data/processed/moho_verde/inaturalist_352599_260179332_467190348.jpg,moho_verde,inaturalist,https://inaturalist-open-data.s3.amazonaws.com/photos/467190348/original.jpeg,352599:260179332:467190348,CC-BY-4.0,"(c) Bohan Jia, some rights reserved (CC BY)",2025-01-31,2026-05-10T03:49:36Z,1536x2048,5e3ff75a6a259c8a298d19c7c2fc63d6, | processed:768x1024
inaturalist_352599_260179332_467191587,data/processed/moho_verde/inaturalist_352599_260179332_467191587.jpg,moho_verde,inaturalist,https://inaturalist-open-data.s3.amazonaws.com/photos/467191587/original.jpeg,352599:260179332:467191587,CC-BY-4.0,"(c) Bohan Jia, some rights reserved (CC BY)",2025-01-31,2026-05-10T03:49:37Z,1536x2048,a1e556bcffb9659efc852b15a38ad281, | processed:768x1024
mushroom_observer_233353,data/processed/moho_verde/mushroom_observer_233353.jpg,moho_verde,mushroom_observer,https://mushroomobserver.org/images/orig/233353.jpg,233353,CC-BY-SA-4.0,Martin Livezey,2012-07-03,2026-05-10T03:58:43Z,1280x960,fd092b9c9a490e599425c636d76c10d2,Trichoderma harzianum | processed:1024x768
mushroom_observer_233354,data/processed/moho_verde/mushroom_observer_233354.jpg,moho_verde,mushroom_observer,https://mushroomobserver.org/images/orig/233354.jpg,233354,CC-BY-SA-4.0,Martin Livezey,2012-07-03,2026-05-10T03:58:51Z,1280x960,00114780d268f1c6eef0a32f76d5697d,Trichoderma harzianum | processed:1024x768
mushroom_observer_233355,data/processed/moho_verde/mushroom_observer_233355.jpg,moho_verde,mushroom_observer,https://mushroomobserver.org/images/orig/233355.jpg,233355,CC-BY-SA-4.0,Martin Livezey,2012-07-03,2026-05-10T03:59:00Z,1280x960,1d67068faac1034eb53832b0095b506b,Trichoderma harzianum | processed:1024x768
mushroom_observer_318064,data/processed/moho_verde/mushroom_observer_318064.jpg,moho_verde,mushroom_observer,https://mushroomobserver.org/images/orig/318064.jpg,318064,CC-BY-NC-4.0,Gerhard Koller,2013-03-24,2026-05-10T03:59:09Z,1280x960,1c1fa351a3871c2e96e5f7c1f5a93b5d,Trichoderma harzianum | processed:1024x768
mushroom_observer_698495,data/processed/moho_verde/mushroom_observer_698495.jpg,moho_verde,mushroom_observer,https://mushroomobserver.org/images/orig/698495.jpg,698495,CC-BY-NC-4.0,North American Mycological Association,2016-09-11,2026-05-10T03:59:26Z,1280x960,89fd2061a22021fbbb72e3d0cb4133d5,Trichoderma harzianum | processed:1024x768
mushroom_observer_698496,data/processed/moho_verde/mushroom_observer_698496.jpg,moho_verde,mushroom_observer,https://mushroomobserver.org/images/orig/698496.jpg,698496,CC-BY-NC-4.0,North American Mycological Association,2016-09-11,2026-05-10T03:59:34Z,1280x960,cf18ad9880b0664f161f049959ac3c85,Trichoderma harzianum | processed:1024x768
mushroom_observer_846382,data/processed/moho_verde/mushroom_observer_846382.jpg,moho_verde,mushroom_observer,https://mushroomobserver.org/images/orig/846382.jpg,846382,CC-BY-SA-4.0,David Tate,2018-02-14,2026-05-10T03:59:43Z,1280x960,788f7aa70b55ea166aee310faf98048d,Trichoderma harzianum | processed:1024x768
mushroom_observer_1319399,data/processed/moho_verde/mushroom_observer_1319399.jpg,moho_verde,mushroom_observer,https://mushroomobserver.org/images/orig/1319399.jpg,1319399,CC-BY-NC-4.0,John Plischke,2007-08-17,2026-05-10T04:00:18Z,1280x851,fba452153c56fe647a0521784a36cffa,Trichoderma harzianum | processed:1024x681
mushroom_observer_1319400,data/processed/moho_verde/mushroom_observer_1319400.jpg,moho_verde,mushroom_observer,https://mushroomobserver.org/images/orig/1319400.jpg,1319400,CC-BY-NC-4.0,John Plischke,2007-08-17,2026-05-10T04:00:27Z,1280x851,c6c9333ed6bd972e4d007d32ae1dbf48,Trichoderma harzianum | processed:1024x681
mushroom_observer_1319401,data/processed/moho_verde/mushroom_observer_1319401.jpg,moho_verde,mushroom_observer,https://mushroomobserver.org/images/orig/1319401.jpg,1319401,CC-BY-NC-4.0,John Plischke,2007-08-17,2026-05-10T04:00:35Z,1280x860,a67e78bfc908df2494d876fed1510bb6,Trichoderma harzianum | processed:1024x688
mushroom_observer_1319402,data/processed/moho_verde/mushroom_observer_1319402.jpg,moho_verde,mushroom_observer,https://mushroomobserver.org/images/orig/1319402.jpg,1319402,CC-BY-NC-4.0,John Plischke,2007-09-22,2026-05-10T04:00:44Z,1280x851,ee39ee8d2ec43ef425d7c371b7735a8e,Trichoderma harzianum | processed:1024x681
mushroom_observer_1895992,data/processed/moho_verde/mushroom_observer_1895992.jpg,moho_verde,mushroom_observer,https://mushroomobserver.org/images/orig/1895992.jpg,1895992,CC-BY-NC-4.0,Adam Boring,2024-08-11,2026-05-10T04:01:07Z,2048x1153,5d182744484f1bf156eb4517e99a729e,Trichoderma harzianum | processed:1024x576
mushroom_observer_199795,data/processed/moho_verde/mushroom_observer_199795.jpg,moho_verde,mushroom_observer,https://mushroomobserver.org/images/orig/199795.jpg,199795,CC-BY-SA-4.0,Martin Livezey,2012-02-16,2026-05-10T04:01:17Z,1280x960,dca603f83b1b9cd5b9fb612cf019fd30,Trichoderma viride | processed:1024x768
mushroom_observer_319819,data/processed/moho_verde/mushroom_observer_319819.jpg,moho_verde,mushroom_observer,https://mushroomobserver.org/images/orig/319819.jpg,319819,CC-BY-SA-4.0,Ilona Loser,2013-04-03,2026-05-10T04:01:43Z,1280x960,1ae8457398df8066cd556df7ea45d5f4,Trichoderma viride | processed:1024x768
mushroom_observer_319820,data/processed/moho_verde/mushroom_observer_319820.jpg,moho_verde,mushroom_observer,https://mushroomobserver.org/images/orig/319820.jpg,319820,CC-BY-SA-4.0,Ilona Loser,2013-04-03,2026-05-10T04:01:52Z,1280x960,f4e36aa73290766af31a260922f4f765,Trichoderma viride | processed:1024x768
mushroom_observer_319821,data/processed/moho_verde/mushroom_observer_319821.jpg,moho_verde,mushroom_observer,https://mushroomobserver.org/images/orig/319821.jpg,319821,CC-BY-SA-4.0,Ilona Loser,2013-04-03,2026-05-10T04:02:00Z,1280x960,2223392401ea26e75c6f855da2998392,Trichoderma viride | processed:1024x768
mushroom_observer_365803,data/processed/moho_verde/mushroom_observer_365803.jpg,moho_verde,mushroom_observer,https://mushroomobserver.org/images/orig/365803.jpg,365803,CC-BY-SA-4.0,Daniel B. Wheeler,2013-09-10,2026-05-10T04:02:43Z,640x480,bf4144bd38dcf339939528e3dcffa7b3,Trichoderma viride | processed:640x480
mushroom_observer_365804,data/processed/moho_verde/mushroom_observer_365804.jpg,moho_verde,mushroom_observer,https://mushroomobserver.org/images/orig/365804.jpg,365804,CC-BY-SA-4.0,Daniel B. Wheeler,2013-09-10,2026-05-10T04:02:52Z,640x480,83fd8626cf561307943ca02c8ecb4df4,Trichoderma viride | processed:640x480
mushroom_observer_377766,data/processed/moho_verde/mushroom_observer_377766.jpg,moho_verde,mushroom_observer,https://mushroomobserver.org/images/orig/377766.jpg,377766,CC-BY-NC-4.0,Martin Livezey,2013-10-19,2026-05-10T04:03:09Z,1280x960,8cbe212879f21495ed53897fbc40cb3f,Trichoderma viride | processed:1024x768
mushroom_observer_377768,data/processed/moho_verde/mushroom_observer_377768.jpg,moho_verde,mushroom_observer,https://mushroomobserver.org/images/orig/377768.jpg,377768,CC-BY-NC-4.0,Martin Livezey,2013-10-19,2026-05-10T04:03:27Z,1280x960,d20a2c6cf47ea96984e83b09dbaf7f89,Trichoderma viride | processed:1024x768
mushroom_observer_377769,data/processed/moho_verde/mushroom_observer_377769.jpg,moho_verde,mushroom_observer,https://mushroomobserver.org/images/orig/377769.jpg,377769,CC-BY-NC-4.0,Martin Livezey,2013-10-19,2026-05-10T04:03:35Z,1280x960,1ea5f98d01cf68aa726212e471c34790,Trichoderma viride | processed:1024x768
mushroom_observer_410088,data/processed/moho_verde/mushroom_observer_410088.jpg,moho_verde,mushroom_observer,https://mushroomobserver.org/images/orig/410088.jpg,410088,CC-BY-SA-4.0,GALL Alain,2014-03-21,2026-05-10T04:03:44Z,1280x702,06908db62dfdf4e262f0013727e14088,Trichoderma viride | processed:1024x562
mushroom_observer_410089,data/processed/moho_verde/mushroom_observer_410089.jpg,moho_verde,mushroom_observer,https://mushroomobserver.org/images/orig/410089.jpg,410089,CC-BY-SA-4.0,GALL Alain,2014-03-21,2026-05-10T04:03:52Z,1280x921,efc8b0b892c54db29e2635190b1e6ac8,Trichoderma viride | processed:1024x737
mushroom_observer_410090,data/processed/moho_verde/mushroom_observer_410090.jpg,moho_verde,mushroom_observer,https://mushroomobserver.org/images/orig/410090.jpg,410090,CC-BY-SA-4.0,GALL Alain,2014-03-21,2026-05-10T04:04:01Z,798x568,fdb89a527dbdbdd8b7eac29972f1288d,Trichoderma viride | processed:798x568
mushroom_observer_410092,data/processed/moho_verde/mushroom_observer_410092.jpg,moho_verde,mushroom_observer,https://mushroomobserver.org/images/orig/410092.jpg,410092,CC-BY-SA-4.0,GALL Alain,2014-03-21,2026-05-10T04:04:18Z,1280x810,46e057ebee10aa1e41c88633ace7ad37,Trichoderma viride | processed:1024x648
mushroom_observer_410093,data/processed/moho_verde/mushroom_observer_410093.jpg,moho_verde,mushroom_observer,https://mushroomobserver.org/images/orig/410093.jpg,410093,CC-BY-SA-4.0,GALL Alain,2014-03-21,2026-05-10T04:04:27Z,1280x877,1811a60aec79f708e935c74d06f79e17,Trichoderma viride | processed:1024x702
mushroom_observer_446075,data/processed/moho_verde/mushroom_observer_446075.jpg,moho_verde,mushroom_observer,https://mushroomobserver.org/images/orig/446075.jpg,446075,CC-BY-SA-4.0,deuteragenie,2014-08-17,2026-05-10T04:04:35Z,1024x680,9770939f752fb0b1bfe504c606e092c4,Trichoderma viride | processed:1024x680
mushroom_observer_502832,data/processed/moho_verde/mushroom_observer_502832.jpg,moho_verde,mushroom_observer,https://mushroomobserver.org/images/orig/502832.jpg,502832,CC-BY-NC-4.0,GALL Alain,2014-09-13,2026-05-10T04:05:01Z,1280x1025,2327aa0d265b2b4e3106fec729ec8d05,Trichoderma viride | processed:1024x820
mushroom_observer_502833,data/processed/moho_verde/mushroom_observer_502833.jpg,moho_verde,mushroom_observer,https://mushroomobserver.org/images/orig/502833.jpg,502833,CC-BY-NC-4.0,GALL Alain,2014-09-13,2026-05-10T04:05:10Z,1162x778,e36cfebab03ac5ab7643554a534dbc84,Trichoderma viride | processed:1024x686
mushroom_observer_502891,data/processed/moho_verde/mushroom_observer_502891.jpg,moho_verde,mushroom_observer,https://mushroomobserver.org/images/orig/502891.jpg,502891,CC-BY-NC-4.0,GALL Alain,2014-04-04,2026-05-10T04:05:27Z,1280x960,b9825896c22f22e730a0aa4535940339,Trichoderma viride | processed:1024x768
mushroom_observer_508216,data/processed/moho_verde/mushroom_observer_508216.jpg,moho_verde,mushroom_observer,https://mushroomobserver.org/images/orig/508216.jpg,508216,CC-BY-SA-4.0,GALL Alain,2014-12-21,2026-05-10T04:05:36Z,1280x960,4db04f5308dd7a2860c0212bdc920028,Trichoderma viride | processed:1024x768
mushroom_observer_508217,data/processed/moho_verde/mushroom_observer_508217.jpg,moho_verde,mushroom_observer,https://mushroomobserver.org/images/orig/508217.jpg,508217,CC-BY-SA-4.0,GALL Alain,2014-12-21,2026-05-10T04:05:45Z,1045x901,ee37630d9f6b70f33078502c6ed154c8,Trichoderma viride | processed:1024x883
mushroom_observer_508218,data/processed/moho_verde/mushroom_observer_508218.jpg,moho_verde,mushroom_observer,https://mushroomobserver.org/images/orig/508218.jpg,508218,CC-BY-SA-4.0,GALL Alain,2014-12-21,2026-05-10T04:05:53Z,1280x1022,a97ad926f34642686242a20769329398,Trichoderma viride | processed:1024x818
mushroom_observer_508220,data/processed/moho_verde/mushroom_observer_508220.jpg,moho_verde,mushroom_observer,https://mushroomobserver.org/images/orig/508220.jpg,508220,CC-BY-SA-4.0,GALL Alain,2014-12-23,2026-05-10T04:06:11Z,923x586,8631d42e6af3098b89e6cdd69413652a,Trichoderma viride | processed:923x586
mushroom_observer_524277,data/processed/moho_verde/mushroom_observer_524277.jpg,moho_verde,mushroom_observer,https://mushroomobserver.org/images/orig/524277.jpg,524277,CC-BY-SA-4.0,weed lady ,2015-06-01,2026-05-10T04:06:19Z,1280x960,5995c582d0b6dc0043631e83474c0235,Trichoderma viride | processed:1024x768
mushroom_observer_524279,data/processed/moho_verde/mushroom_observer_524279.jpg,moho_verde,mushroom_observer,https://mushroomobserver.org/images/orig/524279.jpg,524279,CC-BY-SA-4.0,weed lady ,2015-06-01,2026-05-10T04:06:36Z,1280x960,13abff0ae0a1bc8fc81639d9632ff227,Trichoderma viride | processed:1024x768
mushroom_observer_527871,data/processed/moho_verde/mushroom_observer_527871.jpg,moho_verde,mushroom_observer,https://mushroomobserver.org/images/orig/527871.jpg,527871,CC-BY-SA-4.0,Eduardo A. Esquivel Rios,2015-06-14,2026-05-10T04:06:45Z,1280x960,148a485314ad46bbbda2c188c34b5318,Trichoderma viride | processed:1024x768
mushroom_observer_527874,data/processed/moho_verde/mushroom_observer_527874.jpg,moho_verde,mushroom_observer,https://mushroomobserver.org/images/orig/527874.jpg,527874,CC-BY-SA-4.0,Eduardo A. Esquivel Rios,2015-06-14,2026-05-10T04:07:11Z,1280x960,581b7ef9b1317908c17a94506a74f8fe,Trichoderma viride | processed:1024x768
mushroom_observer_577356,data/processed/moho_verde/mushroom_observer_577356.jpg,moho_verde,mushroom_observer,https://mushroomobserver.org/images/orig/577356.jpg,577356,CC-BY-SA-4.0,Judi T.,2015-11-04,2026-05-10T04:07:37Z,1280x969,79715eeadd8e795ad09fb8e74b9c1995,Trichoderma viride | processed:1024x775
mushroom_observer_587598,data/processed/moho_verde/mushroom_observer_587598.jpg,moho_verde,mushroom_observer,https://mushroomobserver.org/images/orig/587598.jpg,587598,CC-BY-SA-4.0,Jonathan Carpenter,2016-01-01,2026-05-10T04:07:46Z,1280x904,d4c0d275d5b187c2f1bef604bde51d8c,Trichoderma viride | processed:1024x723
mushroom_observer_587644,data/processed/moho_verde/mushroom_observer_587644.jpg,moho_verde,mushroom_observer,https://mushroomobserver.org/images/orig/587644.jpg,587644,CC-BY-SA-4.0,Rand Workman ,2016-01-02,2026-05-10T04:07:54Z,1280x960,87cfc50b69505a51adb786dbb085a275,Trichoderma viride | processed:1024x768
mushroom_observer_587645,data/processed/moho_verde/mushroom_observer_587645.jpg,moho_verde,mushroom_observer,https://mushroomobserver.org/images/orig/587645.jpg,587645,CC-BY-SA-4.0,Rand Workman ,2016-01-02,2026-05-10T04:08:03Z,1280x960,02d95392ff93d0a60c0559fdf41de5b6,Trichoderma viride | processed:1024x768
gbif_5251352_5843254702_0,data/processed/moho_verde/gbif_5251352_5843254702_0.jpg,moho_verde,gbif,https://d2jcv3kl45hlgi.cloudfront.net/a20f3ab4a67d56299e724056db473ca3.jpg,5251352:5843254702:0,CC-BY-4.0,"Royal Botanic Gardens, Kew",1971-01-01T00:00,2026-05-10T04:10:22Z,8736x11648,d5cdb0ae8289ffd31e5d5062fa3711ec,United Kingdom of Great Britain and Northern Ireland | processed:768x1024
gbif_5251340_6148287809_0,data/processed/moho_verde/gbif_5251340_6148287809_0.jpg,moho_verde,gbif,https://www.artsobservasjoner.no/MediaLibrary/2026/1/4563a2aa-e70a-4e8e-b2dc-bd2e657e206e_image.jpg,5251340:6148287809:0,CC-BY-NC-SA-4.0,John Grønning,2026-01-27,2026-05-10T04:13:46Z,1600x1200,8e9db34a2821df5978a4b1bc94f59da3,Norway | processed:1024x768
gbif_5251340_6148421137_0,data/processed/moho_verde/gbif_5251340_6148421137_0.jpg,moho_verde,gbif,https://www.artsobservasjoner.no/MediaLibrary/2026/1/017f3fd2-0d2b-4626-b424-b4828ea61db1_image.jpg,5251340:6148421137:0,CC-BY-NC-SA-4.0,John Grønning,2026-01-27,2026-05-10T04:13:46Z,1600x1200,9afc7f04d0a1eaae39ce3ccd309d67f3,Norway | processed:1024x768
gbif_5251340_6148421137_1,data/processed/moho_verde/gbif_5251340_6148421137_1.jpg,moho_verde,gbif,https://www.artsobservasjoner.no/MediaLibrary/2026/1/fcd7eac3-eff6-44a3-bfa7-c6c5ab8a8f57_image.jpg,5251340:6148421137:1,CC-BY-NC-SA-4.0,John Grønning,2026-01-27,2026-05-10T04:13:47Z,1600x1200,a1526a1caf8a4dc849a15690f16ee2cf,Norway | processed:1024x768
gbif_5251340_6161248519_0,data/processed/moho_verde/gbif_5251340_6161248519_0.jpg,moho_verde,gbif,https://www.artsobservasjoner.no/MediaLibrary/2026/2/dde0fd7e-d9a0-4585-b5bb-fda87b294602_image.jpg,5251340:6161248519:0,CC-BY-4.0,Perry Gunnar Larsen,2026-02-21,2026-05-10T04:13:51Z,1600x1226,49095bd21f368af6c1980cb19297f69d,Norway | processed:1024x785
gbif_5251340_6186045350_0,data/processed/moho_verde/gbif_5251340_6186045350_0.jpg,moho_verde,gbif,https://inaturalist-open-data.s3.amazonaws.com/photos/625911456/original.jpg,5251340:6186045350:0,CC-BY-NC-SA-4.0,Jeff Ward,2026-03-17T09:10,2026-05-10T04:14:26Z,2024x2024,cb604b175dde003dad54c459bffb971a,United States of America | processed:1024x1024
gbif_5251340_5006023532_0,data/processed/moho_verde/gbif_5251340_5006023532_0.jpg,moho_verde,gbif,https://observation.org/photos/109960320.jpg,5251340:5006023532:0,CC-BY-NC-ND-4.0,Frank-Hagens,2025-01-01,2026-05-10T04:14:54Z,1000x750,cc8c660296211f5e39c47b45732cff1d,Netherlands | processed:1000x750
gbif_5251340_5006023532_1,data/processed/moho_verde/gbif_5251340_5006023532_1.jpg,moho_verde,gbif,https://observation.org/photos/109960325.jpg,5251340:5006023532:1,CC-BY-NC-ND-4.0,Frank-Hagens,2025-01-01,2026-05-10T04:14:54Z,750x1000,6e11d0723ce0ac7984ba73fe6241c76d,Netherlands | processed:750x1000
mushroom_observer_587648,data/processed/moho_verde/mushroom_observer_587648.jpg,moho_verde,mushroom_observer,https://mushroomobserver.org/images/orig/587648.jpg,587648,CC-BY-SA-4.0,Rand Workman ,2016-01-02,2026-05-10T04:08:29Z,1280x960,d2354e7fcb6523d07867f33448822cc9,Trichoderma viride | processed:1024x768
mushroom_observer_591967,data/processed/moho_verde/mushroom_observer_591967.jpg,moho_verde,mushroom_observer,https://mushroomobserver.org/images/orig/591967.jpg,591967,CC-BY-SA-4.0,GALL Alain,2015-10-17,2026-05-10T04:08:54Z,1280x911,00017535fb3c96972359454484ccd17c,Trichoderma viride | processed:1024x729
mushroom_observer_591968,data/processed/moho_verde/mushroom_observer_591968.jpg,moho_verde,mushroom_observer,https://mushroomobserver.org/images/orig/591968.jpg,591968,CC-BY-SA-4.0,GALL Alain,2015-10-17,2026-05-10T04:09:03Z,1280x1096,501958368bd0726a9a11c8604684fb50,Trichoderma viride | processed:1024x877
mushroom_observer_591969,data/processed/moho_verde/mushroom_observer_591969.jpg,moho_verde,mushroom_observer,https://mushroomobserver.org/images/orig/591969.jpg,591969,CC-BY-SA-4.0,GALL Alain,2015-10-17,2026-05-10T04:09:11Z,1280x1042,e7e3d738fdee713ae650d10020f1d63a,Trichoderma viride | processed:1024x834
mushroom_observer_596383,data/processed/moho_verde/mushroom_observer_596383.jpg,moho_verde,mushroom_observer,https://mushroomobserver.org/images/orig/596383.jpg,596383,CC-BY-SA-4.0,GALL Alain,2015-10-27,2026-05-10T04:09:46Z,859x649,541a4ac0b7ee9685892e2b390261c989,Trichoderma viride | processed:859x649
mushroom_observer_596384,data/processed/moho_verde/mushroom_observer_596384.jpg,moho_verde,mushroom_observer,https://mushroomobserver.org/images/orig/596384.jpg,596384,CC-BY-SA-4.0,GALL Alain,2015-10-27,2026-05-10T04:09:54Z,1280x711,e9e0a26acba178adecfb67bdfa54e550,Trichoderma viride | processed:1024x569
mushroom_observer_596387,data/processed/moho_verde/mushroom_observer_596387.jpg,moho_verde,mushroom_observer,https://mushroomobserver.org/images/orig/596387.jpg,596387,CC-BY-SA-4.0,GALL Alain,2015-10-28,2026-05-10T04:10:21Z,1280x885,8ecc7813adfc62789ee33273ddd458ed,Trichoderma viride | processed:1024x708
mushroom_observer_596388,data/processed/moho_verde/mushroom_observer_596388.jpg,moho_verde,mushroom_observer,https://mushroomobserver.org/images/orig/596388.jpg,596388,CC-BY-SA-4.0,GALL Alain,2015-10-28,2026-05-10T04:10:29Z,1280x888,e6e60b66506a38e984f51553fe9006da,Trichoderma viride | processed:1024x710
mushroom_observer_596389,data/processed/moho_verde/mushroom_observer_596389.jpg,moho_verde,mushroom_observer,https://mushroomobserver.org/images/orig/596389.jpg,596389,CC-BY-SA-4.0,GALL Alain,2015-10-28,2026-05-10T04:10:38Z,1280x1032,6465030cabefb3e78b8f89fd3ce8e6ef,Trichoderma viride | processed:1024x826
mushroom_observer_659992,data/processed/moho_verde/mushroom_observer_659992.jpg,moho_verde,mushroom_observer,https://mushroomobserver.org/images/orig/659992.jpg,659992,CC-BY-NC-4.0,Oluna & Adolf Ceska,2016-09-07,2026-05-10T04:10:56Z,1280x960,f136084d77e35b182cee6ad9b506efa7,Trichoderma viride | processed:1024x768
mushroom_observer_659999,data/processed/moho_verde/mushroom_observer_659999.jpg,moho_verde,mushroom_observer,https://mushroomobserver.org/images/orig/659999.jpg,659999,CC-BY-NC-4.0,Oluna & Adolf Ceska,2016-09-07,2026-05-10T04:11:39Z,1280x960,dcb5c4998ddbe22481ce02c637d61ac6,Trichoderma viride | processed:1024x768
mushroom_observer_660002,data/processed/moho_verde/mushroom_observer_660002.jpg,moho_verde,mushroom_observer,https://mushroomobserver.org/images/orig/660002.jpg,660002,CC-BY-NC-4.0,Oluna & Adolf Ceska,2016-09-07,2026-05-10T04:11:47Z,1280x960,a4e9495920cc0b86df5591dc25e7fca9,Trichoderma viride | processed:1024x768
mushroom_observer_660004,data/processed/moho_verde/mushroom_observer_660004.jpg,moho_verde,mushroom_observer,https://mushroomobserver.org/images/orig/660004.jpg,660004,CC-BY-NC-4.0,Oluna & Adolf Ceska,2016-09-07,2026-05-10T04:11:56Z,1280x960,d04b7da3564f2dcc4057b77305f297fc,Trichoderma viride | processed:1024x768
mushroom_observer_660005,data/processed/moho_verde/mushroom_observer_660005.jpg,moho_verde,mushroom_observer,https://mushroomobserver.org/images/orig/660005.jpg,660005,CC-BY-NC-4.0,Oluna & Adolf Ceska,2016-09-05,2026-05-10T04:12:04Z,960x1280,9e684ea787c183fedd59b6a4014bc9a6,Trichoderma viride | processed:768x1024
mushroom_observer_660007,data/processed/moho_verde/mushroom_observer_660007.jpg,moho_verde,mushroom_observer,https://mushroomobserver.org/images/orig/660007.jpg,660007,CC-BY-NC-4.0,Oluna & Adolf Ceska,2016-09-05,2026-05-10T04:12:22Z,1280x960,48d736152790221e8a4cb90c13dfa0e4,Trichoderma viride | processed:1024x768
mushroom_observer_829829,data/processed/moho_verde/mushroom_observer_829829.jpg,moho_verde,mushroom_observer,https://mushroomobserver.org/images/orig/829829.jpg,829829,CC-BY-SA-4.0,Huafang,2017-12-14,2026-05-10T04:12:39Z,1280x960,e7bef9fe1c3679c7664b6be8590d381b,Trichoderma viride | processed:1024x768
mushroom_observer_855596,data/processed/moho_verde/mushroom_observer_855596.jpg,moho_verde,mushroom_observer,https://mushroomobserver.org/images/orig/855596.jpg,855596,CC-BY-SA-4.0,Alexey Sergeev,2017-12-31,2026-05-10T04:12:56Z,1280x854,10b603d8a8ca745e3c36135923f35e80,Trichoderma viride | processed:1024x683
mushroom_observer_1140924,data/processed/moho_verde/mushroom_observer_1140924.jpg,moho_verde,mushroom_observer,https://mushroomobserver.org/images/orig/1140924.jpg,1140924,CC-BY-SA-4.0,Alexey Sergeev,2019-12-21,2026-05-10T04:13:05Z,1280x854,5d5b250c6fc35ccbdce6cb496b9ad377,Trichoderma viride | processed:1024x683
mushroom_observer_1140925,data/processed/moho_verde/mushroom_observer_1140925.jpg,moho_verde,mushroom_observer,https://mushroomobserver.org/images/orig/1140925.jpg,1140925,CC-BY-SA-4.0,Alexey Sergeev,2019-12-21,2026-05-10T04:13:13Z,1280x854,ce1d5967b4a319c3aca770be4e7210dd,Trichoderma viride | processed:1024x683
mushroom_observer_1140926,data/processed/moho_verde/mushroom_observer_1140926.jpg,moho_verde,mushroom_observer,https://mushroomobserver.org/images/orig/1140926.jpg,1140926,CC-BY-SA-4.0,Alexey Sergeev,2019-12-21,2026-05-10T04:13:22Z,1280x854,056303100714faa1550802c98fb2fedc,Trichoderma viride | processed:1024x683
mushroom_observer_1167770,data/processed/moho_verde/mushroom_observer_1167770.jpg,moho_verde,mushroom_observer,https://mushroomobserver.org/images/orig/1167770.jpg,1167770,CC-BY-SA-4.0,Alexey Sergeev,2020-04-07,2026-05-10T04:13:30Z,1280x854,fd5118f3b4c42cdf80a54ae6f5285fd9,Trichoderma viride | processed:1024x683
mushroom_observer_1167771,data/processed/moho_verde/mushroom_observer_1167771.jpg,moho_verde,mushroom_observer,https://mushroomobserver.org/images/orig/1167771.jpg,1167771,CC-BY-SA-4.0,Alexey Sergeev,2020-04-07,2026-05-10T04:13:39Z,1280x854,4e2d8cbc4b62cb64f7d8639d767e8828,Trichoderma viride | processed:1024x683
mushroom_observer_1167772,data/processed/moho_verde/mushroom_observer_1167772.jpg,moho_verde,mushroom_observer,https://mushroomobserver.org/images/orig/1167772.jpg,1167772,CC-BY-SA-4.0,Alexey Sergeev,2020-04-07,2026-05-10T04:13:48Z,1280x854,6f36df5037cfb667af5ef9aac21d0031,Trichoderma viride | processed:1024x683
mushroom_observer_1167773,data/processed/moho_verde/mushroom_observer_1167773.jpg,moho_verde,mushroom_observer,https://mushroomobserver.org/images/orig/1167773.jpg,1167773,CC-BY-SA-4.0,Alexey Sergeev,2020-04-07,2026-05-10T04:13:57Z,1280x854,2b7cb935d01e92b047c7426dcf5ae274,Trichoderma viride | processed:1024x683
mushroom_observer_1167775,data/processed/moho_verde/mushroom_observer_1167775.jpg,moho_verde,mushroom_observer,https://mushroomobserver.org/images/orig/1167775.jpg,1167775,CC-BY-SA-4.0,Alexey Sergeev,2020-04-07,2026-05-10T04:14:14Z,1280x854,ef268672752af33211422d9b3998ff7e,Trichoderma viride | processed:1024x683
mushroom_observer_1167776,data/processed/moho_verde/mushroom_observer_1167776.jpg,moho_verde,mushroom_observer,https://mushroomobserver.org/images/orig/1167776.jpg,1167776,CC-BY-SA-4.0,Alexey Sergeev,2020-04-07,2026-05-10T04:14:22Z,1280x854,46997dc5cdc9d23ad06a78ff81005ca9,Trichoderma viride | processed:1024x683
mushroom_observer_1167789,data/processed/moho_verde/mushroom_observer_1167789.jpg,moho_verde,mushroom_observer,https://mushroomobserver.org/images/orig/1167789.jpg,1167789,CC-BY-SA-4.0,Alexey Sergeev,2020-04-07,2026-05-10T04:14:31Z,1280x854,a0657d86c6e539f55ae053f3e0e09f4b,Trichoderma viride | processed:1024x683
mushroom_observer_1167790,data/processed/moho_verde/mushroom_observer_1167790.jpg,moho_verde,mushroom_observer,https://mushroomobserver.org/images/orig/1167790.jpg,1167790,CC-BY-SA-4.0,Alexey Sergeev,2020-04-07,2026-05-10T04:14:40Z,1280x854,f680b0088605293fc150033a99a9948b,Trichoderma viride | processed:1024x683
mushroom_observer_1230759,data/processed/moho_verde/mushroom_observer_1230759.jpg,moho_verde,mushroom_observer,https://mushroomobserver.org/images/orig/1230759.jpg,1230759,CC-BY-SA-4.0,Alexey Sergeev,2020-08-22,2026-05-10T04:14:57Z,1280x854,b59628900302edcf2e8b0d9c1d4dbbfc,Trichoderma viride | processed:1024x683
mushroom_observer_1230760,data/processed/moho_verde/mushroom_observer_1230760.jpg,moho_verde,mushroom_observer,https://mushroomobserver.org/images/orig/1230760.jpg,1230760,CC-BY-SA-4.0,Alexey Sergeev,2020-08-22,2026-05-10T04:15:06Z,1280x854,890c93038db33a9cda72f79f99c71175,Trichoderma viride | processed:1024x683
mushroom_observer_1230761,data/processed/moho_verde/mushroom_observer_1230761.jpg,moho_verde,mushroom_observer,https://mushroomobserver.org/images/orig/1230761.jpg,1230761,CC-BY-SA-4.0,Alexey Sergeev,2020-08-22,2026-05-10T04:15:14Z,1280x854,6a1ba75a259fb1812c4a3dfd395e2f13,Trichoderma viride | processed:1024x683
mushroom_observer_1289237,data/processed/moho_verde/mushroom_observer_1289237.jpg,moho_verde,mushroom_observer,https://mushroomobserver.org/images/orig/1289237.jpg,1289237,CC-BY-SA-4.0,Debbie Klein,2020-12-11,2026-05-10T04:15:23Z,1280x706,12e64782f7093ff8d7c0bfe851486b1a,Trichoderma viride | processed:1024x565
mushroom_observer_1289239,data/processed/moho_verde/mushroom_observer_1289239.jpg,moho_verde,mushroom_observer,https://mushroomobserver.org/images/orig/1289239.jpg,1289239,CC-BY-SA-4.0,Debbie Klein,2020-12-11,2026-05-10T04:15:41Z,1280x780,8a0a28d5004d14fb595363ca519c7535,Trichoderma viride | processed:1024x624
gbif_5251340_5006023532_2,data/processed/moho_verde/gbif_5251340_5006023532_2.jpg,moho_verde,gbif,https://observation.org/photos/109960326.jpg,5251340:5006023532:2,CC-BY-NC-ND-4.0,Frank-Hagens,2025-01-01,2026-05-10T04:14:55Z,750x1000,e324be823bcd1c27a3c5387252082cbc,Netherlands | processed:750x1000
gbif_5251340_5006023532_3,data/processed/moho_verde/gbif_5251340_5006023532_3.jpg,moho_verde,gbif,https://observation.org/photos/109960327.jpg,5251340:5006023532:3,CC-BY-NC-ND-4.0,Frank-Hagens,2025-01-01,2026-05-10T04:14:56Z,750x1000,eef3b3953c744dc9f88a6d3ba6bf088d,Netherlands | processed:750x1000
gbif_5251340_5006877703_0,data/processed/moho_verde/gbif_5251340_5006877703_0.jpg,moho_verde,gbif,https://inaturalist-open-data.s3.amazonaws.com/photos/461006308/original.jpg,5251340:5006877703:0,CC-BY-NC-4.0,Damon Tighe,2025-01-01T11:48:46,2026-05-10T04:14:57Z,1536x2048,5cd2e07e2e81fb6f7bb63336d7287c31,United States of America | processed:768x1024
gbif_5251340_5007640261_0,data/processed/moho_verde/gbif_5251340_5007640261_0.jpg,moho_verde,gbif,https://inaturalist-open-data.s3.amazonaws.com/photos/462255200/original.jpg,5251340:5007640261:0,CC-BY-4.0,Alex,2025-01-05T12:31,2026-05-10T04:14:58Z,2048x1536,abe5d35e2ef7ae7e04c68c582f30b5f1,United States of America | processed:1024x768
gbif_5251340_5007651118_0,data/processed/moho_verde/gbif_5251340_5007651118_0.jpg,moho_verde,gbif,https://inaturalist-open-data.s3.amazonaws.com/photos/461240720/original.jpeg,5251340:5007651118:0,CC-BY-4.0,Elle Sanchez,2025-01-01T15:27,2026-05-10T04:14:59Z,2048x1536,b0e2056bf7369f209cd455612a290afa,United States of America | processed:1024x768
gbif_5251340_5007651118_1,data/processed/moho_verde/gbif_5251340_5007651118_1.jpg,moho_verde,gbif,https://inaturalist-open-data.s3.amazonaws.com/photos/461240722/original.jpeg,5251340:5007651118:1,CC-BY-4.0,Elle Sanchez,2025-01-01T15:27,2026-05-10T04:15:00Z,2048x1536,b3750bd62d101d0dce5c2cc650b7c157,United States of America | processed:1024x768
gbif_5251340_5007651118_2,data/processed/moho_verde/gbif_5251340_5007651118_2.jpg,moho_verde,gbif,https://inaturalist-open-data.s3.amazonaws.com/photos/461240725/original.jpeg,5251340:5007651118:2,CC-BY-4.0,Elle Sanchez,2025-01-01T15:27,2026-05-10T04:15:01Z,1536x2048,a8c4a836952a14197422d5e2479ee67f,United States of America | processed:768x1024
gbif_5251340_5007651118_3,data/processed/moho_verde/gbif_5251340_5007651118_3.jpg,moho_verde,gbif,https://inaturalist-open-data.s3.amazonaws.com/photos/461240739/original.jpeg,5251340:5007651118:3,CC-BY-4.0,Elle Sanchez,2025-01-01T15:27,2026-05-10T04:15:02Z,2048x1536,817c702dd5054acb676964c7f419bf14,United States of America | processed:1024x768
gbif_5251340_5007651118_4,data/processed/moho_verde/gbif_5251340_5007651118_4.jpg,moho_verde,gbif,https://inaturalist-open-data.s3.amazonaws.com/photos/461241823/original.jpeg,5251340:5007651118:4,CC-BY-4.0,Elle Sanchez,2025-01-01T15:27,2026-05-10T04:15:03Z,2048x1536,acd52b04940ad4ceb5bb533bb0ab8ac7,United States of America | processed:1024x768
gbif_5251340_5007651118_5,data/processed/moho_verde/gbif_5251340_5007651118_5.jpg,moho_verde,gbif,https://inaturalist-open-data.s3.amazonaws.com/photos/461241816/original.jpeg,5251340:5007651118:5,CC-BY-4.0,Elle Sanchez,2025-01-01T15:27,2026-05-10T04:15:04Z,2048x1536,a15f521409ae1fbbcad4b874634bc9c1,United States of America | processed:1024x768
gbif_5251340_5007651118_6,data/processed/moho_verde/gbif_5251340_5007651118_6.jpg,moho_verde,gbif,https://inaturalist-open-data.s3.amazonaws.com/photos/461241817/original.jpeg,5251340:5007651118:6,CC-BY-4.0,Elle Sanchez,2025-01-01T15:27,2026-05-10T04:15:05Z,2048x1536,53c163fab138ed5767008cd7d1ac8ca8,United States of America | processed:1024x768
gbif_5251340_5007862632_0,data/processed/moho_verde/gbif_5251340_5007862632_0.jpg,moho_verde,gbif,https://inaturalist-open-data.s3.amazonaws.com/photos/462259642/original.jpg,5251340:5007862632:0,CC-BY-4.0,Alex,2025-01-05T13:13,2026-05-10T04:15:06Z,1536x2048,61fea9c840b4a0ca74bf349551212987,United States of America | processed:768x1024
gbif_5251340_5037145497_0,data/processed/moho_verde/gbif_5251340_5037145497_0.jpg,moho_verde,gbif,https://inaturalist-open-data.s3.amazonaws.com/photos/462770424/original.jpeg,5251340:5037145497:0,CC-BY-4.0,Reid Hardin,2025-01-06T13:44,2026-05-10T04:15:10Z,2048x1365,4315d26959a4c0459268c2aeedd816e1,United States of America | processed:1024x682
gbif_5251340_5051362191_0,data/processed/moho_verde/gbif_5251340_5051362191_0.jpg,moho_verde,gbif,https://observation.org/photos/109992905.jpg,5251340:5051362191:0,CC-BY-NC-ND-4.0,Jeanne Soetens,2025-01-02,2026-05-10T04:15:12Z,1000x667,e40585751fd7d56c75c9bc9cfe15a40a,Netherlands | processed:1000x667
gbif_5251340_5052672867_0,data/processed/moho_verde/gbif_5251340_5052672867_0.jpg,moho_verde,gbif,https://observation.org/photos/110384389.jpg,5251340:5052672867:0,CC-BY-NC-ND-4.0,Dirk Mertens,2025-01-19,2026-05-10T04:15:15Z,1000x1000,1f0d9f56859f3095de2bc0766a4d673b,Germany | processed:1000x1000
gbif_5251340_5052672867_1,data/processed/moho_verde/gbif_5251340_5052672867_1.jpg,moho_verde,gbif,https://observation.org/photos/110384390.jpg,5251340:5052672867:1,CC-BY-NC-ND-4.0,Dirk Mertens,2025-01-19,2026-05-10T04:15:15Z,750x1000,c0b5c74ea831e355c3c27dd10790a70b,Germany | processed:750x1000
gbif_5251340_5062943593_0,data/processed/moho_verde/gbif_5251340_5062943593_0.jpg,moho_verde,gbif,https://inaturalist-open-data.s3.amazonaws.com/photos/463395140/original.jpeg,5251340:5062943593:0,CC-BY-4.0,Michal Honskus,2025-01-11T14:09:57,2026-05-10T04:15:16Z,1626x2048,99390dbd77573fb117e7c11a16822ec2,Czechia | processed:813x1024
gbif_5251340_5062943593_1,data/processed/moho_verde/gbif_5251340_5062943593_1.jpg,moho_verde,gbif,https://inaturalist-open-data.s3.amazonaws.com/photos/463395164/original.jpeg,5251340:5062943593:1,CC-BY-4.0,Michal Honskus,2025-01-11T14:09:57,2026-05-10T04:15:17Z,1662x2048,2a13917a00b834e70f7643227d301617,Czechia | processed:831x1024
gbif_5251340_5062943593_2,data/processed/moho_verde/gbif_5251340_5062943593_2.jpg,moho_verde,gbif,https://inaturalist-open-data.s3.amazonaws.com/photos/463395178/original.jpeg,5251340:5062943593:2,CC-BY-4.0,Michal Honskus,2025-01-11T14:09:57,2026-05-10T04:15:18Z,1627x2048,b99000ceb26969400f0a527cc8e740d7,Czechia | processed:814x1024
gbif_5251340_5063452573_0,data/processed/moho_verde/gbif_5251340_5063452573_0.jpg,moho_verde,gbif,https://inaturalist-open-data.s3.amazonaws.com/photos/466144447/original.jpg,5251340:5063452573:0,CC-BY-NC-4.0,Kurtis Willacker,2025-01-11T12:18:25,2026-05-10T04:15:24Z,1536x2048,4035ae32c357c96d3b1829fb5c04fd2f,United States of America | processed:768x1024
gbif_5251340_5063452573_1,data/processed/moho_verde/gbif_5251340_5063452573_1.jpg,moho_verde,gbif,https://inaturalist-open-data.s3.amazonaws.com/photos/466144474/original.jpg,5251340:5063452573:1,CC-BY-NC-4.0,Kurtis Willacker,2025-01-11T12:18:25,2026-05-10T04:15:25Z,1536x2048,ae23e5830bbee0a11b5b4b059b8eb00f,United States of America | processed:768x1024
gbif_5251340_5063641964_0,data/processed/moho_verde/gbif_5251340_5063641964_0.jpg,moho_verde,gbif,https://inaturalist-open-data.s3.amazonaws.com/photos/467002570/original.jpg,5251340:5063641964:0,CC-BY-4.0,reagan peschke,2025-01-30T10:24:47,2026-05-10T04:15:26Z,2048x1536,a9d65b53c3bb70ed5ff0dcc04c21c5e6,United States of America | processed:1024x768
gbif_5251340_5063641964_1,data/processed/moho_verde/gbif_5251340_5063641964_1.jpg,moho_verde,gbif,https://inaturalist-open-data.s3.amazonaws.com/photos/467002590/original.jpg,5251340:5063641964:1,CC-BY-4.0,reagan peschke,2025-01-30T10:24:47,2026-05-10T04:15:27Z,2048x1536,e3fdb318ec2d0cbf8e9f48842ee5842e,United States of America | processed:1024x768
gbif_5251340_5063641964_2,data/processed/moho_verde/gbif_5251340_5063641964_2.jpg,moho_verde,gbif,https://inaturalist-open-data.s3.amazonaws.com/photos/467002603/original.jpg,5251340:5063641964:2,CC-BY-4.0,reagan peschke,2025-01-30T10:24:47,2026-05-10T04:15:28Z,2048x1536,13d90c993025873f7d723a76d20dcc19,United States of America | processed:1024x768
gbif_5251340_5063641964_3,data/processed/moho_verde/gbif_5251340_5063641964_3.jpg,moho_verde,gbif,https://inaturalist-open-data.s3.amazonaws.com/photos/467002613/original.jpg,5251340:5063641964:3,CC-BY-4.0,reagan peschke,2025-01-30T10:24:47,2026-05-10T04:15:29Z,2048x1536,de6e3cfe3ecd14d75556baa3daa0b3d1,United States of America | processed:1024x768
gbif_5251340_5293287217_0,data/processed/moho_verde/gbif_5251340_5293287217_0.jpg,moho_verde,gbif,https://inaturalist-open-data.s3.amazonaws.com/photos/467182772/original.jpeg,5251340:5293287217:0,CC-BY-NC-4.0,lostcoastmike,2025-01-30T12:35,2026-05-10T04:15:34Z,2048x1536,c1ec38dd884d133f33277d32bf131d18,United States of America | processed:1024x768
gbif_5251340_5293287217_1,data/processed/moho_verde/gbif_5251340_5293287217_1.jpg,moho_verde,gbif,https://inaturalist-open-data.s3.amazonaws.com/photos/467182858/original.jpeg,5251340:5293287217:1,CC-BY-NC-4.0,lostcoastmike,2025-01-30T12:35,2026-05-10T04:15:35Z,2048x1536,6e836dc2996d40f461ced71de34aba52,United States of America | processed:1024x768
gbif_5251340_5293287217_2,data/processed/moho_verde/gbif_5251340_5293287217_2.jpg,moho_verde,gbif,https://inaturalist-open-data.s3.amazonaws.com/photos/467182863/original.jpeg,5251340:5293287217:2,CC-BY-NC-4.0,lostcoastmike,2025-01-30T12:35,2026-05-10T04:15:36Z,2048x1536,0a5b9bfe3695f67c008d3e2600e55f82,United States of America | processed:1024x768
gbif_5251340_6178729293_4,data/processed/moho_verde/gbif_5251340_6178729293_4.jpg,moho_verde,gbif,https://inaturalist-open-data.s3.amazonaws.com/photos/467191594/original.jpeg,5251340:6178729293:4,CC-BY-4.0,Bohan Jia,2025-01-31T19:44:35,2026-05-10T04:15:42Z,810x1080,25d381240b1b28fd15aadf88d3511da1,Germany | processed:768x1024
gbif_5251340_6178729293_5,data/processed/moho_verde/gbif_5251340_6178729293_5.jpg,moho_verde,gbif,https://inaturalist-open-data.s3.amazonaws.com/photos/467191605/original.jpeg,5251340:6178729293:5,CC-BY-4.0,Bohan Jia,2025-01-31T19:44:35,2026-05-10T04:15:43Z,1536x2048,b9320732b2913ef0d0ad6f3f9e94af7e,Germany | processed:768x1024
gbif_5251340_5063888985_0,data/processed/moho_verde/gbif_5251340_5063888985_0.jpg,moho_verde,gbif,https://inaturalist-open-data.s3.amazonaws.com/photos/468335419/original.jpeg,5251340:5063888985:0,CC-BY-NC-SA-4.0,Zach Hawn,2025-02-05T14:06,2026-05-10T04:15:45Z,2048x1368,6c6148b0a3ceab91d2af035b6e6ef23e,United States of America | processed:1024x684
gbif_5251340_5067392094_0,data/processed/moho_verde/gbif_5251340_5067392094_0.jpg,moho_verde,gbif,https://observation.org/photos/110943969.jpg,5251340:5067392094:0,CC-BY-NC-ND-4.0,Brent Hoogervorst,2025-02-12,2026-05-10T04:15:52Z,750x1000,bb55ecf9acd7fb43045bf923e4fed941,Netherlands | processed:750x1000
gbif_5251340_5108835034_0,data/processed/moho_verde/gbif_5251340_5108835034_0.jpg,moho_verde,gbif,https://observation.org/photos/113530978.jpg,5251340:5108835034:0,CC-BY-NC-ND-4.0,pantxo zuazu,2025-04-09,2026-05-10T04:16:49Z,1000x750,2259e60254d37d0fc6f300ab49530d4c,Spain | processed:1000x750
gbif_5251340_5108835034_1,data/processed/moho_verde/gbif_5251340_5108835034_1.jpg,moho_verde,gbif,https://observation.org/photos/113530979.jpg,5251340:5108835034:1,CC-BY-NC-ND-4.0,pantxo zuazu,2025-04-09,2026-05-10T04:16:50Z,600x800,3b1783767aa04dc6a698d228ca7923f6,Spain | processed:600x800
gbif_5251340_5108835034_2,data/processed/moho_verde/gbif_5251340_5108835034_2.jpg,moho_verde,gbif,https://observation.org/photos/113531102.jpg,5251340:5108835034:2,CC-BY-NC-ND-4.0,pantxo zuazu,2025-04-09,2026-05-10T04:16:51Z,1000x750,2a4c1322f11bf05a89ca4911601edeac,Spain | processed:1000x750
gbif_5251340_5158153602_0,data/processed/moho_verde/gbif_5251340_5158153602_0.jpg,moho_verde,gbif,https://observation.org/photos/116455954.jpg,5251340:5158153602:0,CC-BY-NC-ND-4.0,mark van Doleweerd,2025-05-06,2026-05-10T04:17:33Z,750x1000,70010c12a6de13cd5e6386b7f8a5620d,Netherlands | processed:750x1000
gbif_5251340_6231364990_0,data/processed/moho_verde/gbif_5251340_6231364990_0.jpg,moho_verde,gbif,https://mushroomobserver.org/images/1280/1756824.jpg,5251340:6231364990:0,CC-BY-NC-4.0,MO Observers,2025-05-18,2026-05-10T04:17:59Z,1280x966,c777cb860c55c707c77ffefa4fb63fc0,United States of America | processed:1024x773
gbif_5251340_5197471568_0,data/processed/moho_verde/gbif_5251340_5197471568_0.jpg,moho_verde,gbif,https://observation.org/photos/122633308.jpg,5251340:5197471568:0,CC-BY-NC-ND-4.0,Andre Jongeling,2025-06-17,2026-05-10T04:18:00Z,750x1000,dae32fae269959ea73e1e3889ef102ba,Netherlands | processed:750x1000
gbif_5251340_5197471568_1,data/processed/moho_verde/gbif_5251340_5197471568_1.jpg,moho_verde,gbif,https://observation.org/photos/122633309.jpg,5251340:5197471568:1,CC-BY-NC-ND-4.0,Andre Jongeling,2025-06-17,2026-05-10T04:18:01Z,750x1000,bc86dbaa7f04f75e4e79b58c1368d604,Netherlands | processed:750x1000
gbif_5251340_5197471568_2,data/processed/moho_verde/gbif_5251340_5197471568_2.jpg,moho_verde,gbif,https://observation.org/photos/122633311.jpg,5251340:5197471568:2,CC-BY-NC-ND-4.0,Andre Jongeling,2025-06-17,2026-05-10T04:18:02Z,750x1000,719f73a0cd0542cbc3af0480300c2f54,Netherlands | processed:750x1000
gbif_5251340_5205379474_0,data/processed/moho_verde/gbif_5251340_5205379474_0.jpg,moho_verde,gbif,https://observation.org/photos/123022125.jpg,5251340:5205379474:0,CC-BY-NC-ND-4.0,Margot,2025-06-19,2026-05-10T04:18:09Z,1000x750,1409840c0ce29f5d1b23cbcbc9fed7e5,Netherlands | processed:1000x750
gbif_5251340_6231257307_0,data/processed/moho_verde/gbif_5251340_6231257307_0.jpg,moho_verde,gbif,https://mushroomobserver.org/images/1280/1917559.jpg,5251340:6231257307:0,CC-BY-NC-4.0,MO Observers,2025-06-03,2026-05-10T04:18:33Z,1280x960,95d6a52f7c1e67a3e22211c0af79426b,United States of America | processed:1024x768
gbif_5251340_6231163326_0,data/processed/moho_verde/gbif_5251340_6231163326_0.jpg,moho_verde,gbif,https://mushroomobserver.org/images/1280/1774253.jpg,5251340:6231163326:0,CC-BY-NC-4.0,MO Observers,2025-07-13,2026-05-10T04:18:52Z,1280x960,16934b24c6f237109ab159949261a46e,United States of America | processed:1024x768
gbif_5251340_6231163326_1,data/processed/moho_verde/gbif_5251340_6231163326_1.jpg,moho_verde,gbif,https://mushroomobserver.org/images/1280/1774254.jpg,5251340:6231163326:1,CC-BY-NC-4.0,MO Observers,2025-07-13,2026-05-10T04:18:52Z,1280x960,55737a3e88e6ecd17af0d6d7fb6ad53b,United States of America | processed:1024x768
gbif_5251340_5287766685_0,data/processed/moho_verde/gbif_5251340_5287766685_0.jpg,moho_verde,gbif,https://www.artsobservasjoner.no/MediaLibrary/2025/8/9a4ae2c3-8471-4cd4-a19b-82eb0a1b4703_image.jpg,5251340:5287766685:0,CC-BY-4.0,Per Marstad,2025-08-24,2026-05-10T04:18:58Z,1600x880,17f99e12974cb454dcefa5c1daebabdc,Norway | processed:1024x563
gbif_5251340_5292292231_0,data/processed/moho_verde/gbif_5251340_5292292231_0.jpg,moho_verde,gbif,https://inaturalist-open-data.s3.amazonaws.com/photos/547748378/original.jpg,5251340:5292292231:0,CC-BY-NC-SA-4.0,astridnautas,2025-08-03T12:22,2026-05-10T04:19:00Z,2048x1365,c7070b50534d33d02547aa0268f32803,Argentina | processed:1024x682
gbif_5251340_5292292231_1,data/processed/moho_verde/gbif_5251340_5292292231_1.jpg,moho_verde,gbif,https://inaturalist-open-data.s3.amazonaws.com/photos/547748339/original.jpg,5251340:5292292231:1,CC-BY-NC-SA-4.0,astridnautas,2025-08-03T12:22,2026-05-10T04:19:01Z,1267x1164,6baf39230af62a0d7cea44c925360cc8,Argentina | processed:1024x941
gbif_5251340_5797090676_0,data/processed/moho_verde/gbif_5251340_5797090676_0.jpg,moho_verde,gbif,https://observation.org/photos/135256956.jpg,5251340:5797090676:0,CC-BY-NC-ND-4.0,Tim Duchatteau,2025-09-14,2026-05-10T04:19:08Z,1000x667,6efa58d072607f5fe5e1262cc3a0ce39,Netherlands | processed:1000x667
mushroom_observer_1289241,data/processed/moho_verde/mushroom_observer_1289241.jpg,moho_verde,mushroom_observer,https://mushroomobserver.org/images/orig/1289241.jpg,1289241,CC-BY-SA-4.0,Debbie Klein,2020-12-11,2026-05-10T04:15:59Z,1280x960,43ef2e73a962fbee2f80c230d17ddae5,Trichoderma viride | processed:1024x768
mushroom_observer_1289242,data/processed/moho_verde/mushroom_observer_1289242.jpg,moho_verde,mushroom_observer,https://mushroomobserver.org/images/orig/1289242.jpg,1289242,CC-BY-SA-4.0,Debbie Klein,2020-12-11,2026-05-10T04:16:08Z,1280x960,006c31783666605847f461f8139f7325,Trichoderma viride | processed:1024x768
mushroom_observer_1289243,data/processed/moho_verde/mushroom_observer_1289243.jpg,moho_verde,mushroom_observer,https://mushroomobserver.org/images/orig/1289243.jpg,1289243,CC-BY-SA-4.0,Debbie Klein,2020-12-11,2026-05-10T04:16:16Z,1280x960,5483736f4a98574c6f215e750acfaf0e,Trichoderma viride | processed:1024x768
mushroom_observer_1289246,data/processed/moho_verde/mushroom_observer_1289246.jpg,moho_verde,mushroom_observer,https://mushroomobserver.org/images/orig/1289246.jpg,1289246,CC-BY-SA-4.0,Debbie Klein,2020-12-11,2026-05-10T04:16:33Z,1280x960,7db08d52917651d4f3cb00c89650d972,Trichoderma viride | processed:1024x768
mushroom_observer_1315344,data/processed/moho_verde/mushroom_observer_1315344.jpg,moho_verde,mushroom_observer,https://mushroomobserver.org/images/orig/1315344.jpg,1315344,CC-BY-SA-4.0,Ian Dodd  (kk)   (www.kundabungkid.com) Australia,2021-02-27,2026-05-10T04:16:50Z,1200x1200,ed347d5521a22385161d4cad4bbc0423,Trichoderma viride | processed:1024x1024
mushroom_observer_1319529,data/processed/moho_verde/mushroom_observer_1319529.jpg,moho_verde,mushroom_observer,https://mushroomobserver.org/images/orig/1319529.jpg,1319529,CC-BY-SA-4.0,The Poet of the Soma,2021-04-01,2026-05-10T04:16:59Z,960x1280,a03a9c9fbcf2437527bce2394b490cfb,Trichoderma viride | processed:768x1024
mushroom_observer_1319530,data/processed/moho_verde/mushroom_observer_1319530.jpg,moho_verde,mushroom_observer,https://mushroomobserver.org/images/orig/1319530.jpg,1319530,CC-BY-SA-4.0,The Poet of the Soma,2021-04-01,2026-05-10T04:17:08Z,960x1280,3c92e90c56eb306e3790312b990a537a,Trichoderma viride | processed:768x1024
mushroom_observer_1324267,data/processed/moho_verde/mushroom_observer_1324267.jpg,moho_verde,mushroom_observer,https://mushroomobserver.org/images/orig/1324267.jpg,1324267,CC-BY-SA-4.0,Alexey Sergeev,2021-04-17,2026-05-10T04:17:34Z,1280x854,2d933b71dc1b90d6098fafb7260a4066,Trichoderma viride | processed:1024x683
mushroom_observer_1324269,data/processed/moho_verde/mushroom_observer_1324269.jpg,moho_verde,mushroom_observer,https://mushroomobserver.org/images/orig/1324269.jpg,1324269,CC-BY-SA-4.0,Alexey Sergeev,2021-04-17,2026-05-10T04:17:51Z,1280x854,919032cc00d101e20ea9281f73eae25e,Trichoderma viride | processed:1024x683
mushroom_observer_1324270,data/processed/moho_verde/mushroom_observer_1324270.jpg,moho_verde,mushroom_observer,https://mushroomobserver.org/images/orig/1324270.jpg,1324270,CC-BY-SA-4.0,Alexey Sergeev,2021-04-17,2026-05-10T04:18:00Z,1280x854,22ece21453247b3969509743fc259427,Trichoderma viride | processed:1024x683
mushroom_observer_1324271,data/processed/moho_verde/mushroom_observer_1324271.jpg,moho_verde,mushroom_observer,https://mushroomobserver.org/images/orig/1324271.jpg,1324271,CC-BY-SA-4.0,Alexey Sergeev,2021-04-17,2026-05-10T04:18:08Z,1280x854,73164477947bc16ce2c7724df4b6de19,Trichoderma viride | processed:1024x683
mushroom_observer_1324272,data/processed/moho_verde/mushroom_observer_1324272.jpg,moho_verde,mushroom_observer,https://mushroomobserver.org/images/orig/1324272.jpg,1324272,CC-BY-SA-4.0,Alexey Sergeev,2021-04-17,2026-05-10T04:18:17Z,1280x854,0f19556ccebe5309ca37a9503a5f95f9,Trichoderma viride | processed:1024x683
mushroom_observer_1324273,data/processed/moho_verde/mushroom_observer_1324273.jpg,moho_verde,mushroom_observer,https://mushroomobserver.org/images/orig/1324273.jpg,1324273,CC-BY-SA-4.0,Alexey Sergeev,2021-04-17,2026-05-10T04:18:26Z,1280x854,87f0452287577611f274f825d925883d,Trichoderma viride | processed:1024x683
mushroom_observer_1324274,data/processed/moho_verde/mushroom_observer_1324274.jpg,moho_verde,mushroom_observer,https://mushroomobserver.org/images/orig/1324274.jpg,1324274,CC-BY-SA-4.0,Alexey Sergeev,2021-04-17,2026-05-10T04:18:34Z,1280x854,864e68e276cab1fe929238543b7e77a1,Trichoderma viride | processed:1024x683
mushroom_observer_1324275,data/processed/moho_verde/mushroom_observer_1324275.jpg,moho_verde,mushroom_observer,https://mushroomobserver.org/images/orig/1324275.jpg,1324275,CC-BY-SA-4.0,Alexey Sergeev,2021-04-17,2026-05-10T04:18:43Z,1280x854,f5549d50456a7a26cc0254f68549eea4,Trichoderma viride | processed:1024x683
mushroom_observer_1366058,data/processed/moho_verde/mushroom_observer_1366058.jpg,moho_verde,mushroom_observer,https://mushroomobserver.org/images/orig/1366058.jpg,1366058,CC-BY-SA-4.0,Christine Young,2020-10-17,2026-05-10T04:19:00Z,1280x949,1abf00a90a7e929fe559a0a914372309,Trichoderma viride | processed:1024x759
mushroom_observer_1458125,data/processed/moho_verde/mushroom_observer_1458125.jpg,moho_verde,mushroom_observer,https://mushroomobserver.org/images/orig/1458125.jpg,1458125,CC-BY-SA-4.0,Christine Young,2021-08-21,2026-05-10T04:19:04Z,1864x1553,d3862f0979879d5e1cdda2c1dd4a8731,Trichoderma viride | processed:1024x853
mushroom_observer_1535362,data/processed/moho_verde/mushroom_observer_1535362.jpg,moho_verde,mushroom_observer,https://mushroomobserver.org/images/orig/1535362.jpg,1535362,CC-BY-NC-4.0,Joe Alec King,2022-11-13,2026-05-10T04:19:05Z,1024x768,1a580e908382fd14e2b6389ed7f900dd,Trichoderma viride | processed:1024x768
mushroom_observer_1539795,data/processed/moho_verde/mushroom_observer_1539795.jpg,moho_verde,mushroom_observer,https://mushroomobserver.org/images/orig/1539795.jpg,1539795,CC-BY-SA-4.0,Christine Young,2022-09-28,2026-05-10T04:19:06Z,4097x2952,e9a8b074a4de08eb4f28c59c82287da4,Trichoderma viride | processed:1024x738
mushroom_observer_1546860,data/processed/moho_verde/mushroom_observer_1546860.jpg,moho_verde,mushroom_observer,https://mushroomobserver.org/images/orig/1546860.jpg,1546860,CC-BY-SA-4.0,Pgrunow,2023-02-10,2026-05-10T04:19:07Z,3024x4032,64c5ed36c8ece06e4174644145cb97cc,Trichoderma viride | processed:768x1024
mushroom_observer_1546861,data/processed/moho_verde/mushroom_observer_1546861.jpg,moho_verde,mushroom_observer,https://mushroomobserver.org/images/orig/1546861.jpg,1546861,CC-BY-SA-4.0,Pgrunow,2023-02-10,2026-05-10T04:19:08Z,3024x4032,32d48e52b058d8f8353450d7bdd690a5,Trichoderma viride | processed:768x1024
mushroom_observer_1546862,data/processed/moho_verde/mushroom_observer_1546862.jpg,moho_verde,mushroom_observer,https://mushroomobserver.org/images/orig/1546862.jpg,1546862,CC-BY-SA-4.0,Pgrunow,2023-02-10,2026-05-10T04:19:09Z,3024x4032,6993a2fda4a902ee7edfe8ce578fb664,Trichoderma viride | processed:768x1024
mushroom_observer_1546863,data/processed/moho_verde/mushroom_observer_1546863.jpg,moho_verde,mushroom_observer,https://mushroomobserver.org/images/orig/1546863.jpg,1546863,CC-BY-SA-4.0,Pgrunow,2023-02-10,2026-05-10T04:19:10Z,3024x4032,3dcbb13769056217df973878b6651aec,Trichoderma viride | processed:768x1024
mushroom_observer_1546864,data/processed/moho_verde/mushroom_observer_1546864.jpg,moho_verde,mushroom_observer,https://mushroomobserver.org/images/orig/1546864.jpg,1546864,CC-BY-SA-4.0,Pgrunow,2023-02-10,2026-05-10T04:19:11Z,4032x3024,468b07a596c39a96ea1320f90c487b73,Trichoderma viride | processed:1024x768
mushroom_observer_1611754,data/processed/moho_verde/mushroom_observer_1611754.jpg,moho_verde,mushroom_observer,https://mushroomobserver.org/images/orig/1611754.jpg,1611754,CC-BY-SA-4.0,purplecloud,2023-10-09,2026-05-10T04:19:12Z,4032x3024,7a6f596762f8a96c4ef6ed32048c3130,Trichoderma viride | processed:1024x768
mushroom_observer_1713730,data/processed/moho_verde/mushroom_observer_1713730.jpg,moho_verde,mushroom_observer,https://mushroomobserver.org/images/orig/1713730.jpg,1713730,CC-BY-NC-4.0,Marina,2024-09-20,2026-05-10T04:19:13Z,2048x1440,ad92199c00e1f3cc11f3f3d58321ba7f,Trichoderma viride | processed:1024x720
mushroom_observer_1730412,data/processed/moho_verde/mushroom_observer_1730412.jpg,moho_verde,mushroom_observer,https://mushroomobserver.org/images/orig/1730412.jpg,1730412,CC-BY-NC-4.0,Misti,2024-12-15,2026-05-10T04:19:14Z,1536x2048,0280bfc387f9c4ff8656a50154ba82eb,Trichoderma viride | processed:768x1024
mushroom_observer_1730413,data/processed/moho_verde/mushroom_observer_1730413.jpg,moho_verde,mushroom_observer,https://mushroomobserver.org/images/orig/1730413.jpg,1730413,CC-BY-NC-4.0,Misti,2024-12-15,2026-05-10T04:19:15Z,1536x2048,8bd225fe1b2e87119d6162f9b983b4fa,Trichoderma viride | processed:768x1024
mushroom_observer_1809975,data/processed/moho_verde/mushroom_observer_1809975.jpg,moho_verde,mushroom_observer,https://mushroomobserver.org/images/orig/1809975.jpg,1809975,CC-BY-NC-4.0,Jim Sogaard,2025-09-11,2026-05-10T04:19:23Z,1754x916,34c25e8fc7c38b44d2043a9f369aa241,Trichoderma viride | processed:1024x535
mushroom_observer_1821498,data/processed/moho_verde/mushroom_observer_1821498.jpg,moho_verde,mushroom_observer,https://mushroomobserver.org/images/orig/1821498.jpg,1821498,CC0-1.0,Therese Phillips,2024-09-28,2026-05-10T04:19:26Z,1536x2048,3e5deb2116044348fb3108093923c5c4,Trichoderma viride | processed:768x1024
mushroom_observer_1821499,data/processed/moho_verde/mushroom_observer_1821499.jpg,moho_verde,mushroom_observer,https://mushroomobserver.org/images/orig/1821499.jpg,1821499,CC0-1.0,Therese Phillips,2024-09-28,2026-05-10T04:19:27Z,1536x2048,6fd58f2e441edb962fb2a0353a8635c0,Trichoderma viride | processed:768x1024
mushroom_observer_1824989,data/processed/moho_verde/mushroom_observer_1824989.jpg,moho_verde,mushroom_observer,https://mushroomobserver.org/images/orig/1824989.jpg,1824989,CC0-1.0,Therese Phillips,2024-10-07,2026-05-10T04:19:28Z,1536x2048,53f6a1de4c03217b39d99abe8d3adcee,Trichoderma viride | processed:768x1024
mushroom_observer_1917077,data/processed/moho_verde/mushroom_observer_1917077.jpg,moho_verde,mushroom_observer,https://mushroomobserver.org/images/orig/1917077.jpg,1917077,CC-BY-NC-4.0,Caiden Calderwood,2024-11-10,2026-05-10T04:19:29Z,1536x2048,ebd2b45fb50671aaef547962f7c9f1b9,Trichoderma viride | processed:768x1024
mushroom_observer_1918351,data/processed/moho_verde/mushroom_observer_1918351.jpg,moho_verde,mushroom_observer,https://mushroomobserver.org/images/orig/1918351.jpg,1918351,CC-BY-NC-4.0,Caiden Calderwood,2025-12-19,2026-05-10T04:19:32Z,2048x1536,fca8730386392134820f3e47d4f5a4cf,Trichoderma viride | processed:1024x768
mushroom_observer_1931306,data/processed/moho_verde/mushroom_observer_1931306.jpg,moho_verde,mushroom_observer,https://mushroomobserver.org/images/orig/1931306.jpg,1931306,CC-BY-NC-4.0,Joseph D. Cohen,2025-09-20,2026-05-10T04:19:33Z,2048x1536,9f269bc4eda274282f61b3c2babcd0c3,Trichoderma viride | processed:1024x768
mushroom_observer_1931309,data/processed/moho_verde/mushroom_observer_1931309.jpg,moho_verde,mushroom_observer,https://mushroomobserver.org/images/orig/1931309.jpg,1931309,CC-BY-NC-4.0,Joseph D. Cohen,2025-09-20,2026-05-10T04:19:36Z,2048x1536,0ec6cfe781743fc8f38f86c58cd23561,Trichoderma viride | processed:1024x768
mushroom_observer_1931310,data/processed/moho_verde/mushroom_observer_1931310.jpg,moho_verde,mushroom_observer,https://mushroomobserver.org/images/orig/1931310.jpg,1931310,CC-BY-NC-4.0,Joseph D. Cohen,2025-09-20,2026-05-10T04:19:37Z,2048x1536,86b9a51f0e9a3319054914db3070e01c,Trichoderma viride | processed:1024x768
mushroom_observer_1942307,data/processed/moho_verde/mushroom_observer_1942307.jpg,moho_verde,mushroom_observer,https://mushroomobserver.org/images/orig/1942307.jpg,1942307,CC-BY-NC-4.0,Dawn Wehman,2025-10-26,2026-05-10T04:19:42Z,1542x2048,a693c5b206aaed5779509aa68a371914,Trichoderma viride | processed:771x1024
mushroom_observer_1942308,data/processed/moho_verde/mushroom_observer_1942308.jpg,moho_verde,mushroom_observer,https://mushroomobserver.org/images/orig/1942308.jpg,1942308,CC-BY-NC-4.0,Dawn Wehman,2025-10-26,2026-05-10T04:19:43Z,1542x2048,b6843ec76cef6de9832bf8ab44283b65,Trichoderma viride | processed:771x1024
mushroom_observer_1942309,data/processed/moho_verde/mushroom_observer_1942309.jpg,moho_verde,mushroom_observer,https://mushroomobserver.org/images/orig/1942309.jpg,1942309,CC-BY-NC-4.0,Dawn Wehman,2025-10-26,2026-05-10T04:19:44Z,1542x2048,c44dbc1db27d7bc18a715f7f2aed2bd6,Trichoderma viride | processed:771x1024
mushroom_observer_1949085,data/processed/moho_verde/mushroom_observer_1949085.jpg,moho_verde,mushroom_observer,https://mushroomobserver.org/images/orig/1949085.jpg,1949085,CC-BY-4.0,Leanne Stacy Reitan,2026-03-15,2026-05-10T04:19:45Z,4856x2240,deef70b99ce3ccd43578dda04a8a4afe,Trichoderma viride | processed:1024x472
mushroom_observer_1949087,data/processed/moho_verde/mushroom_observer_1949087.jpg,moho_verde,mushroom_observer,https://mushroomobserver.org/images/orig/1949087.jpg,1949087,CC-BY-4.0,Leanne Stacy Reitan,2026-03-15,2026-05-10T04:19:47Z,7760x3768,04d6c69eb0fe5152b90256a18529abd0,Trichoderma viride | processed:1024x497
mushroom_observer_1949088,data/processed/moho_verde/mushroom_observer_1949088.jpg,moho_verde,mushroom_observer,https://mushroomobserver.org/images/orig/1949088.jpg,1949088,CC-BY-4.0,Leanne Stacy Reitan,2026-03-15,2026-05-10T04:19:48Z,5596x3316,e85da662499e7d4842538d7546b24ecd,Trichoderma viride | processed:1024x607
mushroom_observer_1966389,data/processed/moho_verde/mushroom_observer_1966389.jpg,moho_verde,mushroom_observer,https://mushroomobserver.org/images/orig/1966389.jpg,1966389,CC-BY-NC-4.0,ilookaftertherain,2024-10-08,2026-05-10T04:19:49Z,1536x2048,3e1e193ef185a954d7be3f1714d8a810,Trichoderma viride | processed:768x1024
mushroom_observer_1966392,data/processed/moho_verde/mushroom_observer_1966392.jpg,moho_verde,mushroom_observer,https://mushroomobserver.org/images/orig/1966392.jpg,1966392,CC-BY-NC-4.0,ilookaftertherain,2024-10-08,2026-05-10T04:19:52Z,1536x2048,97e683b158ee68138876cc1241501f72,Trichoderma viride | processed:768x1024
gbif_5251340_5841646658_0,data/processed/moho_verde/gbif_5251340_5841646658_0.jpg,moho_verde,gbif,https://www.artsobservasjoner.no/MediaLibrary/2025/9/4995e11d-d4e4-4074-9161-3e52458e5d33_image.jpg,5251340:5841646658:0,CC-BY-NC-SA-4.0,John Grønning,2025-09-21,2026-05-10T04:19:43Z,1200x1600,e3060cbf9836d875db335fa3750c51d2,Norway | processed:768x1024
gbif_5251340_5841646658_1,data/processed/moho_verde/gbif_5251340_5841646658_1.jpg,moho_verde,gbif,https://www.artsobservasjoner.no/MediaLibrary/2025/9/b5cd7324-b6f1-47f3-a1cb-f4a03cdad211_image.jpg,5251340:5841646658:1,CC-BY-NC-SA-4.0,John Grønning,2025-09-21,2026-05-10T04:19:44Z,1200x1600,b4d428bb3a31b2b8a533584a60402585,Norway | processed:768x1024
gbif_5251340_5841646658_2,data/processed/moho_verde/gbif_5251340_5841646658_2.jpg,moho_verde,gbif,https://www.artsobservasjoner.no/MediaLibrary/2025/9/bcfe7911-7444-44eb-83f4-43dff6726f50_image.jpg,5251340:5841646658:2,CC-BY-NC-SA-4.0,John Grønning,2025-09-21,2026-05-10T04:19:45Z,1200x1600,bd05ff136cbb8f80d15e447ca55a0142,Norway | processed:768x1024
gbif_5251340_5841874792_0,data/processed/moho_verde/gbif_5251340_5841874792_0.jpg,moho_verde,gbif,https://www.artsobservasjoner.no/MediaLibrary/2025/9/e5bcdbd2-ebc1-4b5c-9af2-f1e78f3ce40c_image.jpg,5251340:5841874792:0,CC-BY-4.0,Rob van Kruining,2025-09-07,2026-05-10T04:19:46Z,1600x1066,ab2f792105698b5c7eb4bc7ef47fda00,Norway | processed:1024x682
gbif_5251340_5841596216_0,data/processed/moho_verde/gbif_5251340_5841596216_0.jpg,moho_verde,gbif,https://www.artsobservasjoner.no/MediaLibrary/2025/10/0c680513-3c89-4944-a131-377d4b52e77e_image.jpg,5251340:5841596216:0,CC-BY-4.0,Per Marstad,2025-10-05,2026-05-10T04:20:31Z,1600x919,07ce6a2d69fe6d823547d76d2dfa7209,Norway | processed:1024x588
gbif_5251340_5841596216_1,data/processed/moho_verde/gbif_5251340_5841596216_1.jpg,moho_verde,gbif,https://www.artsobservasjoner.no/MediaLibrary/2025/10/54fdc1b0-458e-419e-abcc-bce47e080b87_image.jpg,5251340:5841596216:1,CC-BY-4.0,Per Marstad,2025-10-05,2026-05-10T04:20:31Z,1600x1200,335a46fc2a4b7561cc9133b33ec30507,Norway | processed:1024x768
gbif_5251340_5841769369_0,data/processed/moho_verde/gbif_5251340_5841769369_0.jpg,moho_verde,gbif,https://www.artsobservasjoner.no/MediaLibrary/2025/10/c805b30f-fae4-4ea3-9a0b-9ec5f4acb845_image.jpg,5251340:5841769369:0,CC-BY-NC-SA-4.0,John Grønning,2025-10-12,2026-05-10T04:20:32Z,1600x1200,26f0ba219f6f490b7abe5687ecd93290,Norway | processed:1024x768
gbif_5251340_5905888534_0,data/processed/moho_verde/gbif_5251340_5905888534_0.jpg,moho_verde,gbif,https://www.artsobservasjoner.no/MediaLibrary/2025/10/f8d5ca4a-4430-492f-81c9-be1677f28234_image.jpg,5251340:5905888534:0,CC-BY-4.0,Gunnar Bureid,2025-10-25,2026-05-10T04:21:17Z,1000x1000,4d4f1b194afb7b332c0a1de8ae09f8c5,Norway | processed:1000x1000
